
<DEMDataSet xmlns:xsi="http://www.w3.org/2001/XMLSchema-instance" xsi:schemaLocation="http://www.nemsis.org http://nemsis.org/media/nemsis_v3/release-3.5.0/XSDs/NEMSIS_XSDs/DEMDataSet_v3.xsd" xmlns="http://www.nemsis.org">
    <DemographicReport timeStamp="2015-03-03T13:29:41+07:00">
        <dAgency>
            <dAgency.01>6</dAgency.01>
            <dAgency.02>66</dAgency.02>
            <dAgency.03>bM</dAgency.03>
            <dAgency.04>49</dAgency.04>
            <dAgency.AgencyServiceGroup UUID="20ae0d2b-d9d4-43ff-a934-32cf77755a6e">
                <dAgency.05>49</dAgency.05>
                <dAgency.06>49007</dAgency.06>
                <dAgency.06>49007</dAgency.06>
                <dAgency.06>49007</dAgency.06>
                <dAgency.07>44833741185</dAgency.07>
                <dAgency.07>75523465175</dAgency.07>
                <dAgency.08>84526</dAgency.08>
                <dAgency.08>84526</dAgency.08></dAgency.AgencyServiceGroup>
            <dAgency.AgencyServiceGroup UUID="71063447-d54e-4805-abcf-1645f28516c7">
                <dAgency.05>49</dAgency.05>
                <dAgency.06>49007</dAgency.06>
                <dAgency.06>49007</dAgency.06>
                <dAgency.06>49007</dAgency.06>
                <dAgency.07>77756568940</dAgency.07>
                <dAgency.07>02893722421</dAgency.07>
                <dAgency.07>63231549590</dAgency.07>
                <dAgency.08>84526</dAgency.08>
                <dAgency.08>84526</dAgency.08></dAgency.AgencyServiceGroup>
            <dAgency.AgencyServiceGroup UUID="745ab5ac-adaa-44f2-85a6-512005b2bc76">
                <dAgency.05>49</dAgency.05>
                <dAgency.06>49007</dAgency.06>
                <dAgency.06>49007</dAgency.06>
                <dAgency.06>49007</dAgency.06>
                <dAgency.07>23106459696</dAgency.07>
                <dAgency.07>84717599027</dAgency.07>
                <dAgency.07>74671511438</dAgency.07>
                <dAgency.08>84526</dAgency.08>
                <dAgency.08>84526</dAgency.08></dAgency.AgencyServiceGroup>
            <dAgency.09>9920019</dAgency.09>
            <dAgency.10>9920019</dAgency.10>
            <dAgency.10>9920017</dAgency.10>
            <dAgency.10>9920015</dAgency.10>
            <dAgency.11>9917031</dAgency.11>
            <dAgency.12>1016005</dAgency.12>
            <dAgency.13>9912009</dAgency.13>
            <dAgency.14>1018005</dAgency.14>
            <dAgency.AgencyYearGroup UUID="0704edd0-3087-450a-934c-3277c4c9a1a0">
                <dAgency.15>1950</dAgency.15>
                <dAgency.16>1640812</dAgency.16>
                <dAgency.17>939241</dAgency.17>
                <dAgency.18>1635721</dAgency.18>
                <dAgency.19>3427544</dAgency.19>
                <dAgency.20>3109825</dAgency.20>
                <dAgency.21>3535404</dAgency.21>
                <dAgency.22>1591916</dAgency.22></dAgency.AgencyYearGroup>
            <dAgency.AgencyYearGroup UUID="f4ed78c2-4bb7-4aa2-85d1-c7e81c660afd">
                <dAgency.15>2024</dAgency.15>
                <dAgency.16>2578321</dAgency.16>
                <dAgency.17>2413323</dAgency.17>
                <dAgency.18>2394408</dAgency.18>
                <dAgency.19>2683736</dAgency.19>
                <dAgency.20>1475717</dAgency.20>
                <dAgency.21>3309152</dAgency.21>
                <dAgency.22>1139790</dAgency.22></dAgency.AgencyYearGroup>
            <dAgency.23>1027017</dAgency.23>
            <dAgency.24>9923003</dAgency.24>
            <dAgency.25>UD1FnvVq2X</dAgency.25>
            <dAgency.25>IqZO9MZ62u</dAgency.25>
            <dAgency.25>tDdeywgoMg</dAgency.25>
            <dAgency.26>I</dAgency.26>
            <dAgency.26>q</dAgency.26></dAgency>
        <dContact>
            <dContact.ContactInfoGroup UUID="d8f2d652-e8ff-4fcf-b3f8-e5d3e01f5134">
                <dContact.01>1101017</dContact.01>
                <dContact.02>Evans</dContact.02>
                <dContact.03>Blake</dContact.03>
                <dContact.04>Andrew</dContact.04>
                <dContact.05 StreetAddress2="E">352-3455 Ante, Avenue</dContact.05>
                <dContact.06>1427809</dContact.06>
                <dContact.07>49</dContact.07>
                <dContact.08>84337</dContact.08>
                <dContact.09>US</dContact.09>
                <dContact.10 PhoneNumberType="9913009">738-537-7812</dContact.10>
                <dContact.10 PhoneNumberType="9913009">528-606-8586</dContact.10>
                <dContact.11 EmailAddressType="9904003">n1QFYqpj@Ho68.com</dContact.11>
                <dContact.11 EmailAddressType="9904003">Okwkxtry@q3p9.com</dContact.11>
                <dContact.11 EmailAddressType="9904003">6tYSFnpI@8tFC.com</dContact.11>
                <dContact.12>TDR</dContact.12>
                <dContact.EMSMedicalDirectorGroup>
                    <dContact.13>1113003</dContact.13>
                    <dContact.14>1114043</dContact.14>
                    <dContact.14>1114041</dContact.14>
                    <dContact.15>1115003</dContact.15>
                    <dContact.16>9923003</dContact.16></dContact.EMSMedicalDirectorGroup></dContact.ContactInfoGroup>
            <dContact.ContactInfoGroup UUID="7a88c474-20e1-4eb0-a845-a5d1a64c3dfd">
                <dContact.01>1101017</dContact.01>
                <dContact.02>Castro</dContact.02>
                <dContact.03>Daniel</dContact.03>
                <dContact.04>Allan</dContact.04>
                <dContact.05 StreetAddress2="T">P.O. Box 687, 2256 Suspendisse Rd.</dContact.05>
                <dContact.06>1434038</dContact.06>
                <dContact.07>49</dContact.07>
                <dContact.08>84542</dContact.08>
                <dContact.09>US</dContact.09>
                <dContact.10 PhoneNumberType="9913009">296-626-8028</dContact.10>
                <dContact.10 PhoneNumberType="9913009">388-341-6101</dContact.10>
                <dContact.11 EmailAddressType="9904003">kWTQA0Lz@sRvp.com</dContact.11>
                <dContact.11 EmailAddressType="9904003">rva9mGrN@O41D.com</dContact.11>
                <dContact.12>Htk</dContact.12>
                <dContact.EMSMedicalDirectorGroup>
                    <dContact.13>1113003</dContact.13>
                    <dContact.14>1114043</dContact.14>
                    <dContact.14>1114041</dContact.14>
                    <dContact.14>1114039</dContact.14>
                    <dContact.15>1115003</dContact.15>
                    <dContact.16>9923003</dContact.16></dContact.EMSMedicalDirectorGroup></dContact.ContactInfoGroup></dContact>
        <dConfiguration>
            <dConfiguration.ConfigurationGroup UUID="35961cb5-be7d-48bf-aa20-f6bcb35d65f5">
                <dConfiguration.01>49</dConfiguration.01>
                <dConfiguration.ProcedureGroup UUID="4a6ac6e5-91a1-4117-9f6c-a458f0db2ea2">
                    <dConfiguration.06>9917031</dConfiguration.06>
                    <dConfiguration.07>232706008</dConfiguration.07>
                    <dConfiguration.07>23690002</dConfiguration.07></dConfiguration.ProcedureGroup>
                <dConfiguration.ProcedureGroup UUID="aee85191-2e8d-4e18-af9e-45518cb911e0">
                    <dConfiguration.06>9917031</dConfiguration.06>
                    <dConfiguration.07>386508008</dConfiguration.07>
                    <dConfiguration.07>78121007</dConfiguration.07>
                    <dConfiguration.07>424979004</dConfiguration.07></dConfiguration.ProcedureGroup>
                <dConfiguration.MedicationGroup UUID="453af2ba-0b00-46de-bd35-f5195829af47">
                    <dConfiguration.08>9917031</dConfiguration.08>
                    <dConfiguration.09 CodeType="9924003">161</dConfiguration.09>
                    <dConfiguration.09 CodeType="9924003">1808</dConfiguration.09>
                    <dConfiguration.09 CodeType="9924003">1841</dConfiguration.09></dConfiguration.MedicationGroup>
                <dConfiguration.MedicationGroup UUID="352c2e64-aa33-45cf-bc8d-873cc6eaf580">
                    <dConfiguration.08>9917031</dConfiguration.08>
                    <dConfiguration.09 CodeType="9924003">1901</dConfiguration.09>
                    <dConfiguration.09 CodeType="9924003">1908</dConfiguration.09>
                    <dConfiguration.09 CodeType="9924003">1998</dConfiguration.09></dConfiguration.MedicationGroup>
                <dConfiguration.10>9914225</dConfiguration.10>
                <dConfiguration.10>9914223</dConfiguration.10>
                <dConfiguration.10>9914221</dConfiguration.10>
                <dConfiguration.11>1211035</dConfiguration.11>
                <dConfiguration.11>1211033</dConfiguration.11>
                <dConfiguration.11>1211031</dConfiguration.11>
                <dConfiguration.12>9923003</dConfiguration.12>
                <dConfiguration.13>1213005</dConfiguration.13>
                <dConfiguration.14>Kn</dConfiguration.14>
                <dConfiguration.14>FO</dConfiguration.14>
                <dConfiguration.15>1215019</dConfiguration.15>
                <dConfiguration.15>1215017</dConfiguration.15>
                <dConfiguration.15>1215015</dConfiguration.15>
                <dConfiguration.16>a</dConfiguration.16>
                <dConfiguration.16>T</dConfiguration.16>
                <dConfiguration.17>dR</dConfiguration.17>
                <dConfiguration.17>nA</dConfiguration.17></dConfiguration.ConfigurationGroup>
            <dConfiguration.ConfigurationGroup UUID="5d081e0c-d4b7-4406-85ec-5e83cddfbf15">
                <dConfiguration.01>49</dConfiguration.01>
                <dConfiguration.ProcedureGroup UUID="e30c06e4-81ee-4372-8690-a546ed96f3c2">
                    <dConfiguration.06>9917031</dConfiguration.06>
                    <dConfiguration.07>232711005</dConfiguration.07>
                    <dConfiguration.07>250784008</dConfiguration.07></dConfiguration.ProcedureGroup>
                <dConfiguration.ProcedureGroup UUID="8f73c0ed-0139-46a5-9536-2c711c2452c6">
                    <dConfiguration.06>9917031</dConfiguration.06>
                    <dConfiguration.07>427753009</dConfiguration.07>
                    <dConfiguration.07>428482009</dConfiguration.07></dConfiguration.ProcedureGroup>
                <dConfiguration.MedicationGroup UUID="226a7201-e91f-4fec-baa5-e595593546ee">
                    <dConfiguration.08>9917031</dConfiguration.08>
                    <dConfiguration.09 CodeType="9924003">227778</dConfiguration.09>
                    <dConfiguration.09 CodeType="9924003">237159</dConfiguration.09></dConfiguration.MedicationGroup>
                <dConfiguration.MedicationGroup UUID="0f2fb769-a391-415e-9ec9-b5fd71f26042">
                    <dConfiguration.08>9917031</dConfiguration.08>
                    <dConfiguration.09 CodeType="9924003">237372</dConfiguration.09>
                    <dConfiguration.09 CodeType="9924003">237648</dConfiguration.09></dConfiguration.MedicationGroup>
                <dConfiguration.10>9914225</dConfiguration.10>
                <dConfiguration.10>9914223</dConfiguration.10>
                <dConfiguration.10>9914221</dConfiguration.10>
                <dConfiguration.11>1211035</dConfiguration.11>
                <dConfiguration.11>1211033</dConfiguration.11>
                <dConfiguration.12>9923003</dConfiguration.12>
                <dConfiguration.13>1213005</dConfiguration.13>
                <dConfiguration.14>wl</dConfiguration.14>
                <dConfiguration.14>k1</dConfiguration.14>
                <dConfiguration.15>1215019</dConfiguration.15>
                <dConfiguration.15>1215017</dConfiguration.15>
                <dConfiguration.16>Z</dConfiguration.16>
                <dConfiguration.16>i</dConfiguration.16>
                <dConfiguration.16>A</dConfiguration.16>
                <dConfiguration.17>gh</dConfiguration.17>
                <dConfiguration.17>GH</dConfiguration.17></dConfiguration.ConfigurationGroup></dConfiguration>
        <dLocation>
            <dLocation.LocationGroup UUID="07831180-f855-492b-b02b-369b5383ddef">
                <dLocation.01>1301007</dLocation.01>
                <dLocation.02>mQ</dLocation.02>
                <dLocation.03>d</dLocation.03>
                <dLocation.04>41.749980,-111.981060</dLocation.04>
                <dLocation.05>16SQL55612876</dLocation.05>
                <dLocation.06 StreetAddress2="7">P.O. Box 621, 2858 Enim, Rd.</dLocation.06>
                <dLocation.07>1437657</dLocation.07>
                <dLocation.08>49</dLocation.08>
                <dLocation.09>84325</dLocation.09>
                <dLocation.10>49005</dLocation.10>
                <dLocation.11>US</dLocation.11>
                <dLocation.12 PhoneNumberType="9913009">329-638-0123</dLocation.12>
                <dLocation.12 PhoneNumberType="9913009">447-212-3154</dLocation.12></dLocation.LocationGroup>
            <dLocation.LocationGroup UUID="96e19afc-9bb9-45e3-8c55-bed75458a002">
                <dLocation.01>1301007</dLocation.01>
                <dLocation.02>3m</dLocation.02>
                <dLocation.03>y</dLocation.03>
                <dLocation.04>39.536945,-111.680191</dLocation.04>
                <dLocation.05>18SLU50886575</dLocation.05>
                <dLocation.06 StreetAddress2="b">2552 Sit Ave</dLocation.06>
                <dLocation.07>1441187</dLocation.07>
                <dLocation.08>49</dLocation.08>
                <dLocation.09>84632</dLocation.09>
                <dLocation.10>49039</dLocation.10>
                <dLocation.11>US</dLocation.11>
                <dLocation.12 PhoneNumberType="9913009">539-815-9387</dLocation.12>
                <dLocation.12 PhoneNumberType="9913009">392-745-6828</dLocation.12></dLocation.LocationGroup>
            <dLocation.LocationGroup UUID="4f5ebb80-4619-4209-a462-55f44f098684">
                <dLocation.01>1301007</dLocation.01>
                <dLocation.02>si</dLocation.02>
                <dLocation.03>b</dLocation.03>
                <dLocation.04>40.765465,-111.840905</dLocation.04>
                <dLocation.05>19SJF17971104</dLocation.05>
                <dLocation.06 StreetAddress2="d">P.O. Box 712, 9758 Velit. St.</dLocation.06>
                <dLocation.07>1432728</dLocation.07>
                <dLocation.08>49</dLocation.08>
                <dLocation.09>84095</dLocation.09>
                <dLocation.10>49035</dLocation.10>
                <dLocation.11>US</dLocation.11>
                <dLocation.12 PhoneNumberType="9913009">974-948-6851</dLocation.12>
                <dLocation.12 PhoneNumberType="9913009">321-249-7192</dLocation.12></dLocation.LocationGroup></dLocation>
        <dVehicle>
            <dVehicle.VehicleGroup UUID="b3736bae-89c5-42c5-b054-b65f81cfe1e6">
                <dVehicle.01>y</dVehicle.01>
                <dVehicle.02>lS0mM7SRKBdP9fHJb</dVehicle.02>
                <dVehicle.03>m</dVehicle.03>
                <dVehicle.04>1404025</dVehicle.04>
                <dVehicle.VehicleCertificationLevelsGroup UUID="499fecba-7cba-4ebe-b89d-85bfc5a9d929">
                    <dVehicle.05>9917031</dVehicle.05>
                    <dVehicle.06>9</dVehicle.06>
                    <dVehicle.07>11</dVehicle.07>
                    <dVehicle.08>7</dVehicle.08></dVehicle.VehicleCertificationLevelsGroup>
                <dVehicle.VehicleCertificationLevelsGroup UUID="62a17b35-3b16-46a6-a827-08821bff4809">
                    <dVehicle.05>9917031</dVehicle.05>
                    <dVehicle.06>3</dVehicle.06>
                    <dVehicle.07>8</dVehicle.07>
                    <dVehicle.08>9</dVehicle.08></dVehicle.VehicleCertificationLevelsGroup>
                <dVehicle.09>1564226</dVehicle.09>
                <dVehicle.10>2005</dVehicle.10>
                <dVehicle.YearGroup UUID="10f602e9-d2f9-4e34-b195-033ea491dd47">
                    <dVehicle.11>1911</dVehicle.11>
                    <dVehicle.12>1601</dVehicle.12>
                    <dVehicle.13 DistanceUnit="9929003">282.0</dVehicle.13></dVehicle.YearGroup>
                <dVehicle.YearGroup UUID="d6530fb7-6229-4548-929e-90c1654df47e">
                    <dVehicle.11>1972</dVehicle.11>
                    <dVehicle.12>3926</dVehicle.12>
                    <dVehicle.13 DistanceUnit="9929003">37.0</dVehicle.13></dVehicle.YearGroup>
                <dVehicle.YearGroup UUID="54aeda4d-bd71-4f53-9af7-c9cb0b39bd07">
                    <dVehicle.11>1971</dVehicle.11>
                    <dVehicle.12>1238</dVehicle.12>
                    <dVehicle.13 DistanceUnit="9929003">266.0</dVehicle.13></dVehicle.YearGroup></dVehicle.VehicleGroup>
            <dVehicle.VehicleGroup UUID="9a788ce5-eec4-43af-90ae-f015c42d43f0">
                <dVehicle.01>h</dVehicle.01>
                <dVehicle.02>KxrJWTEYPNXQmpxOk</dVehicle.02>
                <dVehicle.03>C</dVehicle.03>
                <dVehicle.04>1404025</dVehicle.04>
                <dVehicle.VehicleCertificationLevelsGroup UUID="3688abc1-f3a3-4cef-80c7-5195c0bacc68">
                    <dVehicle.05>9917031</dVehicle.05>
                    <dVehicle.06>1</dVehicle.06>
                    <dVehicle.07>11</dVehicle.07>
                    <dVehicle.08>7</dVehicle.08></dVehicle.VehicleCertificationLevelsGroup>
                <dVehicle.VehicleCertificationLevelsGroup UUID="32438839-f4c2-4059-b21b-75b8ebe14db4">
                    <dVehicle.05>9917031</dVehicle.05>
                    <dVehicle.06>4</dVehicle.06>
                    <dVehicle.07>2</dVehicle.07>
                    <dVehicle.08>9</dVehicle.08></dVehicle.VehicleCertificationLevelsGroup>
                <dVehicle.VehicleCertificationLevelsGroup UUID="5f25d188-7d69-4be0-a3cb-7cbcae82fb39">
                    <dVehicle.05>9917031</dVehicle.05>
                    <dVehicle.06>1</dVehicle.06>
                    <dVehicle.07>6</dVehicle.07>
                    <dVehicle.08>5</dVehicle.08></dVehicle.VehicleCertificationLevelsGroup>
                <dVehicle.09>5974146</dVehicle.09>
                <dVehicle.10>2011</dVehicle.10>
                <dVehicle.YearGroup UUID="e5dcd88e-f756-4fa1-967d-65ed497828fe">
                    <dVehicle.11>1967</dVehicle.11>
                    <dVehicle.12>9495</dVehicle.12>
                    <dVehicle.13 DistanceUnit="9929003">953.0</dVehicle.13></dVehicle.YearGroup>
                <dVehicle.YearGroup UUID="7247d778-5172-4ef5-8237-e0589c169aae">
                    <dVehicle.11>1909</dVehicle.11>
                    <dVehicle.12>5243</dVehicle.12>
                    <dVehicle.13 DistanceUnit="9929003">682.0</dVehicle.13></dVehicle.YearGroup>
                <dVehicle.YearGroup UUID="b6b2ad97-7ca9-48ee-8652-6645a4397855">
                    <dVehicle.11>1971</dVehicle.11>
                    <dVehicle.12>8585</dVehicle.12>
                    <dVehicle.13 DistanceUnit="9929003">535.0</dVehicle.13></dVehicle.YearGroup></dVehicle.VehicleGroup>
            <dVehicle.VehicleGroup UUID="f2378e30-fd65-47b4-b5e4-46d51d9be8a2">
                <dVehicle.01>E</dVehicle.01>
                <dVehicle.02>SqKN0FjQt06qwH0i7</dVehicle.02>
                <dVehicle.03>6</dVehicle.03>
                <dVehicle.04>1404025</dVehicle.04>
                <dVehicle.VehicleCertificationLevelsGroup UUID="4c7f82d4-f653-450a-8c1a-7d59041ae029">
                    <dVehicle.05>9917031</dVehicle.05>
                    <dVehicle.06>4</dVehicle.06>
                    <dVehicle.07>1</dVehicle.07>
                    <dVehicle.08>7</dVehicle.08></dVehicle.VehicleCertificationLevelsGroup>
                <dVehicle.VehicleCertificationLevelsGroup UUID="be5dfd68-8e16-47ab-a69e-76ec0a0644a6">
                    <dVehicle.05>9917031</dVehicle.05>
                    <dVehicle.06>3</dVehicle.06>
                    <dVehicle.07>1</dVehicle.07>
                    <dVehicle.08>6</dVehicle.08></dVehicle.VehicleCertificationLevelsGroup>
                <dVehicle.09>7947359</dVehicle.09>
                <dVehicle.10>1950</dVehicle.10>
                <dVehicle.YearGroup UUID="d1cf1405-f0a3-43f6-85f2-f6135519bdee">
                    <dVehicle.11>1951</dVehicle.11>
                    <dVehicle.12>4999</dVehicle.12>
                    <dVehicle.13 DistanceUnit="9929003">481.0</dVehicle.13></dVehicle.YearGroup>
                <dVehicle.YearGroup UUID="e851fa4d-4983-469d-8369-5eabb37f4276">
                    <dVehicle.11>1909</dVehicle.11>
                    <dVehicle.12>9722</dVehicle.12>
                    <dVehicle.13 DistanceUnit="9929003">573.0</dVehicle.13></dVehicle.YearGroup>
                <dVehicle.YearGroup UUID="a73181f1-23ad-45a9-b844-d47c131a37c2">
                    <dVehicle.11>1920</dVehicle.11>
                    <dVehicle.12>5546</dVehicle.12>
                    <dVehicle.13 DistanceUnit="9929003">417.0</dVehicle.13></dVehicle.YearGroup></dVehicle.VehicleGroup></dVehicle>
        <dPersonnel>
            <dPersonnel.PersonnelGroup UUID="46123022-2420-4283-8b75-d6cca56f0ac9">
                <dPersonnel.NameGroup>
                    <dPersonnel.01>Kelley</dPersonnel.01>
                    <dPersonnel.02>Verna</dPersonnel.02>
                    <dPersonnel.03>Allison</dPersonnel.03></dPersonnel.NameGroup>
                <dPersonnel.AddressGroup>
                    <dPersonnel.04 StreetAddress2="Y">Ap #991-3554 Donec Rd.</dPersonnel.04>
                    <dPersonnel.05>1437592</dPersonnel.05>
                    <dPersonnel.06>49</dPersonnel.06>
                    <dPersonnel.07>84034</dPersonnel.07>
                    <dPersonnel.08>US</dPersonnel.08></dPersonnel.AddressGroup>
                <dPersonnel.09 PhoneNumberType="9913009">815-777-9469</dPersonnel.09>
                <dPersonnel.09 PhoneNumberType="9913009">540-481-4238</dPersonnel.09>
                <dPersonnel.10 EmailAddressType="9904003">EkSs0Fjk@uNes.com</dPersonnel.10>
                <dPersonnel.10 EmailAddressType="9904003">zLSIw7X0@pENh.com</dPersonnel.10>
                <dPersonnel.11>1960-12-13</dPersonnel.11>
                <dPersonnel.12>9906005</dPersonnel.12>
                <dPersonnel.13>1513011</dPersonnel.13>
                <dPersonnel.13>1513009</dPersonnel.13>
                <dPersonnel.13>1513007</dPersonnel.13>
                <dPersonnel.14>Ws</dPersonnel.14>
                <dPersonnel.15>1515031</dPersonnel.15>
                <dPersonnel.16>1516071</dPersonnel.16>
                <dPersonnel.16>1516069</dPersonnel.16>
                <dPersonnel.17>1517023</dPersonnel.17>
                <dPersonnel.17>1517021</dPersonnel.17>
                <dPersonnel.17>1517019</dPersonnel.17>
                <dPersonnel.ImmunizationsGroup UUID="89123e1a-7f22-4a04-8df9-1f08ca04d1d6">
                    <dPersonnel.18>9910051</dPersonnel.18>
                    <dPersonnel.19>2044</dPersonnel.19></dPersonnel.ImmunizationsGroup>
                <dPersonnel.ImmunizationsGroup UUID="505a6563-07a1-48ba-9316-96f684460c97">
                    <dPersonnel.18>9910051</dPersonnel.18>
                    <dPersonnel.19>1916</dPersonnel.19></dPersonnel.ImmunizationsGroup>
                <dPersonnel.ImmunizationsGroup UUID="ce000895-ce6e-41b1-973e-a582f1e9fd52">
                    <dPersonnel.18>9910051</dPersonnel.18>
                    <dPersonnel.19>1941</dPersonnel.19></dPersonnel.ImmunizationsGroup>
                <dPersonnel.20>yid</dPersonnel.20>
                <dPersonnel.20>vie</dPersonnel.20>
                <dPersonnel.21>xh</dPersonnel.21>
                <dPersonnel.LicensureGroup UUID="3d64ffae-5975-4780-bfc6-dabeb48a753d">
                    <dPersonnel.22>49</dPersonnel.22>
                    <dPersonnel.23>7a</dPersonnel.23>
                    <dPersonnel.24>9925043</dPersonnel.24>
                    <dPersonnel.25>1984-06-22</dPersonnel.25>
                    <dPersonnel.26>2005-05-16</dPersonnel.26>
                    <dPersonnel.27>1983-06-29</dPersonnel.27></dPersonnel.LicensureGroup>
                <dPersonnel.LicensureGroup UUID="09b0a128-e79c-49c3-ad2a-bf07ad5266a1">
                    <dPersonnel.22>49</dPersonnel.22>
                    <dPersonnel.23>Ya</dPersonnel.23>
                    <dPersonnel.24>9925043</dPersonnel.24>
                    <dPersonnel.25>1976-07-14</dPersonnel.25>
                    <dPersonnel.26>1968-10-25</dPersonnel.26>
                    <dPersonnel.27>1958-03-27</dPersonnel.27></dPersonnel.LicensureGroup>
                <dPersonnel.LicensureGroup UUID="3606452f-d81f-4cac-afb1-bc43e8a73815">
                    <dPersonnel.22>49</dPersonnel.22>
                    <dPersonnel.23>sB</dPersonnel.23>
                    <dPersonnel.24>9925043</dPersonnel.24>
                    <dPersonnel.25>1994-10-10</dPersonnel.25>
                    <dPersonnel.26>1955-06-06</dPersonnel.26>
                    <dPersonnel.27>1972-05-08</dPersonnel.27></dPersonnel.LicensureGroup>
                <dPersonnel.28>E7534586</dPersonnel.28>
                <dPersonnel.29>1529005</dPersonnel.29>
                <dPersonnel.30>2006-07-16</dPersonnel.30>
                <dPersonnel.31>1531007</dPersonnel.31>
                <dPersonnel.32>2007-11-05</dPersonnel.32>
                <dPersonnel.33>1953-09-15</dPersonnel.33>
                <dPersonnel.34>1534017</dPersonnel.34>
                <dPersonnel.35>1534017</dPersonnel.35>
                <dPersonnel.35>1534015</dPersonnel.35>
                <dPersonnel.36>67</dPersonnel.36>
                <dPersonnel.37>1994-10-09</dPersonnel.37>
                <dPersonnel.CertificationLevelGroup UUID="c1b80cb6-df14-4076-a24d-f938e424c0a5">
                    <dPersonnel.38>9925043</dPersonnel.38>
                    <dPersonnel.39>1986-04-24</dPersonnel.39></dPersonnel.CertificationLevelGroup>
                <dPersonnel.CertificationLevelGroup UUID="7c9b2e63-cede-4948-8154-d92eb272422d">
                    <dPersonnel.38>9925043</dPersonnel.38>
                    <dPersonnel.39>1978-09-27</dPersonnel.39></dPersonnel.CertificationLevelGroup>
                <dPersonnel.CertificationLevelGroup UUID="6e94af68-4132-48d9-aab4-7bd97d3fac0c">
                    <dPersonnel.38>9925043</dPersonnel.38>
                    <dPersonnel.39>2002-10-05</dPersonnel.39></dPersonnel.CertificationLevelGroup></dPersonnel.PersonnelGroup>
            <dPersonnel.PersonnelGroup UUID="076b270e-e59c-44ee-9e84-e95b3225343e">
                <dPersonnel.NameGroup>
                    <dPersonnel.01>Rhodes</dPersonnel.01>
                    <dPersonnel.02>Katrina</dPersonnel.02>
                    <dPersonnel.03>Aguiar</dPersonnel.03></dPersonnel.NameGroup>
                <dPersonnel.AddressGroup>
                    <dPersonnel.04 StreetAddress2="E">5040 Et St.</dPersonnel.04>
                    <dPersonnel.05>1439662</dPersonnel.05>
                    <dPersonnel.06>49</dPersonnel.06>
                    <dPersonnel.07>84623</dPersonnel.07>
                    <dPersonnel.08>US</dPersonnel.08></dPersonnel.AddressGroup>
                <dPersonnel.09 PhoneNumberType="9913009">253-514-4651</dPersonnel.09>
                <dPersonnel.09 PhoneNumberType="9913009">795-466-1461</dPersonnel.09>
                <dPersonnel.09 PhoneNumberType="9913009">710-983-9660</dPersonnel.09>
                <dPersonnel.10 EmailAddressType="9904003">4y5YNR3I@QhBr.com</dPersonnel.10>
                <dPersonnel.10 EmailAddressType="9904003">5UH4mvVH@VV6J.com</dPersonnel.10>
                <dPersonnel.11>1981-03-24</dPersonnel.11>
                <dPersonnel.12>9906005</dPersonnel.12>
                <dPersonnel.13>1513011</dPersonnel.13>
                <dPersonnel.13>1513009</dPersonnel.13>
                <dPersonnel.14>uA</dPersonnel.14>
                <dPersonnel.15>1515031</dPersonnel.15>
                <dPersonnel.16>1516071</dPersonnel.16>
                <dPersonnel.16>1516069</dPersonnel.16>
                <dPersonnel.16>1516067</dPersonnel.16>
                <dPersonnel.17>1517023</dPersonnel.17>
                <dPersonnel.17>1517021</dPersonnel.17>
                <dPersonnel.ImmunizationsGroup UUID="c0456f4e-0d23-4e75-b6b1-00739ab0e793">
                    <dPersonnel.18>9910051</dPersonnel.18>
                    <dPersonnel.19>1935</dPersonnel.19></dPersonnel.ImmunizationsGroup>
                <dPersonnel.ImmunizationsGroup UUID="056c9d16-03a9-4e20-89a3-1d0bad09b226">
                    <dPersonnel.18>9910051</dPersonnel.18>
                    <dPersonnel.19>2029</dPersonnel.19></dPersonnel.ImmunizationsGroup>
                <dPersonnel.20>yid</dPersonnel.20>
                <dPersonnel.20>vie</dPersonnel.20>
                <dPersonnel.21>Zs</dPersonnel.21>
                <dPersonnel.LicensureGroup UUID="dad0ae58-09e3-4380-bca0-b5a6417bff91">
                    <dPersonnel.22>49</dPersonnel.22>
                    <dPersonnel.23>kg</dPersonnel.23>
                    <dPersonnel.24>9925043</dPersonnel.24>
                    <dPersonnel.25>2007-03-10</dPersonnel.25>
                    <dPersonnel.26>1995-06-25</dPersonnel.26>
                    <dPersonnel.27>1951-11-11</dPersonnel.27></dPersonnel.LicensureGroup>
                <dPersonnel.LicensureGroup UUID="91f1b1ad-c823-4e37-95b8-1dab77c81813">
                    <dPersonnel.22>49</dPersonnel.22>
                    <dPersonnel.23>G2</dPersonnel.23>
                    <dPersonnel.24>9925043</dPersonnel.24>
                    <dPersonnel.25>2008-01-30</dPersonnel.25>
                    <dPersonnel.26>2000-09-11</dPersonnel.26>
                    <dPersonnel.27>1982-05-15</dPersonnel.27></dPersonnel.LicensureGroup>
                <dPersonnel.LicensureGroup UUID="82007e27-20ae-4791-837a-a4f7015a86cd">
                    <dPersonnel.22>49</dPersonnel.22>
                    <dPersonnel.23>ry</dPersonnel.23>
                    <dPersonnel.24>9925043</dPersonnel.24>
                    <dPersonnel.25>1993-12-27</dPersonnel.25>
                    <dPersonnel.26>1985-08-12</dPersonnel.26>
                    <dPersonnel.27>1992-02-07</dPersonnel.27></dPersonnel.LicensureGroup>
                <dPersonnel.28>D5834128</dPersonnel.28>
                <dPersonnel.29>1529005</dPersonnel.29>
                <dPersonnel.30>2004-06-14</dPersonnel.30>
                <dPersonnel.31>1531007</dPersonnel.31>
                <dPersonnel.32>2004-04-13</dPersonnel.32>
                <dPersonnel.33>2006-05-30</dPersonnel.33>
                <dPersonnel.34>1534017</dPersonnel.34>
                <dPersonnel.35>1534017</dPersonnel.35>
                <dPersonnel.35>1534015</dPersonnel.35>
                <dPersonnel.36>12</dPersonnel.36>
                <dPersonnel.37>1950-10-06</dPersonnel.37>
                <dPersonnel.CertificationLevelGroup UUID="71aa506e-d467-44fe-a7c1-664b391f1300">
                    <dPersonnel.38>9925043</dPersonnel.38>
                    <dPersonnel.39>1964-12-24</dPersonnel.39></dPersonnel.CertificationLevelGroup>
                <dPersonnel.CertificationLevelGroup UUID="c9d0a0e3-15e1-4308-8310-c86afeadaa8f">
                    <dPersonnel.38>9925043</dPersonnel.38>
                    <dPersonnel.39>1953-09-30</dPersonnel.39></dPersonnel.CertificationLevelGroup></dPersonnel.PersonnelGroup></dPersonnel>
        <dDevice>
            <dDevice.DeviceGroup UUID="13952d71-df6d-4fd5-a126-27166bc83e36">
                <dDevice.01>bv</dDevice.01>
                <dDevice.02>n7</dDevice.02>
                <dDevice.03>1603039</dDevice.03>
                <dDevice.03>1603037</dDevice.03>
                <dDevice.03>1603035</dDevice.03>
                <dDevice.04>gG</dDevice.04>
                <dDevice.05>lV</dDevice.05>
                <dDevice.06>1975-12-11</dDevice.06></dDevice.DeviceGroup>
            <dDevice.DeviceGroup UUID="51a6ed49-31a4-472a-98c5-711e373c0b53">
                <dDevice.01>M5</dDevice.01>
                <dDevice.02>B2</dDevice.02>
                <dDevice.03>1603039</dDevice.03>
                <dDevice.03>1603037</dDevice.03>
                <dDevice.04>Ak</dDevice.04>
                <dDevice.05>EC</dDevice.05>
                <dDevice.06>1952-11-10</dDevice.06></dDevice.DeviceGroup></dDevice>
        <dFacility>
            <dFacilityGroup UUID="001e8214-b4ab-49ed-88ec-8ce7e24eded0">
                <dFacility.01>1701017</dFacility.01>
                <dFacility.FacilityGroup UUID="315375de-f15a-482a-8fd1-6581040cc000">
                    <dFacility.02>83</dFacility.02>
                    <dFacility.03>hf</dFacility.03>
                    <dFacility.04>9908035</dFacility.04>
                    <dFacility.04>9908033</dFacility.04>
                    <dFacility.05>rkVDmtIi40</dFacility.05>
                    <dFacility.05>Y4adFyNAGp</dFacility.05>
                    <dFacility.06>C</dFacility.06>
                    <dFacility.07 StreetAddress2="k">726-5374 Curabitur Street</dFacility.07>
                    <dFacility.08>1446835</dFacility.08>
                    <dFacility.09>49</dFacility.09>
                    <dFacility.10>84405</dFacility.10>
                    <dFacility.11>49057</dFacility.11>
                    <dFacility.12>US</dFacility.12>
                    <dFacility.13>41.180942,-111.970409</dFacility.13>
                    <dFacility.14>11SJP21621561</dFacility.14>
                    <dFacility.15 PhoneNumberType="9913009">804-523-1124</dFacility.15>
                    <dFacility.15 PhoneNumberType="9913009">968-408-1475</dFacility.15>
                    <dFacility.15 PhoneNumberType="9913009">675-864-6628</dFacility.15></dFacility.FacilityGroup>
                <dFacility.FacilityGroup UUID="36f9aa24-2a1c-41d5-9d17-ed78fb2afc06">
                    <dFacility.02>jS</dFacility.02>
                    <dFacility.03>W7</dFacility.03>
                    <dFacility.04>9908035</dFacility.04>
                    <dFacility.04>9908033</dFacility.04>
                    <dFacility.04>9908031</dFacility.04>
                    <dFacility.05>eWmenRyjRc</dFacility.05>
                    <dFacility.05>H3HPwE3Fm1</dFacility.05>
                    <dFacility.06>i</dFacility.06>
                    <dFacility.07 StreetAddress2="3">4369 Faucibus St.</dFacility.07>
                    <dFacility.08>2561242</dFacility.08>
                    <dFacility.09>49</dFacility.09>
                    <dFacility.10>84604</dFacility.10>
                    <dFacility.11>49049</dFacility.11>
                    <dFacility.12>US</dFacility.12>
                    <dFacility.13>40.264063,-111.623041</dFacility.13>
                    <dFacility.14>19UYL67288493</dFacility.14>
                    <dFacility.15 PhoneNumberType="9913009">758-743-1172</dFacility.15>
                    <dFacility.15 PhoneNumberType="9913009">344-966-2847</dFacility.15>
                    <dFacility.15 PhoneNumberType="9913009">335-600-2189</dFacility.15></dFacility.FacilityGroup></dFacilityGroup>
            <dFacilityGroup UUID="3741022c-fce5-4170-bb19-efdae203f175">
                <dFacility.01>1701017</dFacility.01>
                <dFacility.FacilityGroup UUID="fb1a8047-82db-445f-a31d-ee301f5c95c6">
                    <dFacility.02>tG</dFacility.02>
                    <dFacility.03>2M</dFacility.03>
                    <dFacility.04>9908035</dFacility.04>
                    <dFacility.04>9908033</dFacility.04>
                    <dFacility.05>ZiufRaO2Fb</dFacility.05>
                    <dFacility.05>lCX5dx0Kw3</dFacility.05>
                    <dFacility.05>eHBk9TTZ4q</dFacility.05>
                    <dFacility.06>K</dFacility.06>
                    <dFacility.07 StreetAddress2="2">P.O. Box 253, 1212 Eros. Av.</dFacility.07>
                    <dFacility.08>1437843</dFacility.08>
                    <dFacility.09>49</dFacility.09>
                    <dFacility.10>84120</dFacility.10>
                    <dFacility.11>49035</dFacility.11>
                    <dFacility.12>US</dFacility.12>
                    <dFacility.13>40.696560,-112.017480</dFacility.13>
                    <dFacility.14>12RWR34446919</dFacility.14>
                    <dFacility.15 PhoneNumberType="9913009">366-367-7585</dFacility.15>
                    <dFacility.15 PhoneNumberType="9913009">678-215-1379</dFacility.15>
                    <dFacility.15 PhoneNumberType="9913009">311-930-4182</dFacility.15></dFacility.FacilityGroup>
                <dFacility.FacilityGroup UUID="bedb4c3b-0c9d-4213-bb1c-0931b0b36f01">
                    <dFacility.02>nn</dFacility.02>
                    <dFacility.03>5V</dFacility.03>
                    <dFacility.04>9908035</dFacility.04>
                    <dFacility.04>9908033</dFacility.04>
                    <dFacility.04>9908031</dFacility.04>
                    <dFacility.05>asajltsfob</dFacility.05>
                    <dFacility.05>k4LK0gUwN1</dFacility.05>
                    <dFacility.06>r</dFacility.06>
                    <dFacility.07 StreetAddress2="6">Ap #677-1505 Lectus Rd.</dFacility.07>
                    <dFacility.08>1454224</dFacility.08>
                    <dFacility.09>49</dFacility.09>
                    <dFacility.10>84055</dFacility.10>
                    <dFacility.11>49043</dFacility.11>
                    <dFacility.12>US</dFacility.12>
                    <dFacility.13>40.711397,-111.292326</dFacility.13>
                    <dFacility.14>15RVU83714976</dFacility.14>
                    <dFacility.15 PhoneNumberType="9913009">411-853-2421</dFacility.15>
                    <dFacility.15 PhoneNumberType="9913009">748-636-2456</dFacility.15></dFacility.FacilityGroup>
                <dFacility.FacilityGroup UUID="6f6109d4-5a6d-4984-8457-52654195825e">
                    <dFacility.02>PY</dFacility.02>
                    <dFacility.03>u7</dFacility.03>
                    <dFacility.04>9908035</dFacility.04>
                    <dFacility.04>9908033</dFacility.04>
                    <dFacility.04>9908031</dFacility.04>
                    <dFacility.05>92unP54zwG</dFacility.05>
                    <dFacility.05>CV22ol3dhh</dFacility.05>
                    <dFacility.05>OGMiflC265</dFacility.05>
                    <dFacility.06>4</dFacility.06>
                    <dFacility.07 StreetAddress2="l">Ap #269-2629 Enim. Avenue</dFacility.07>
                    <dFacility.08>1428509</dFacility.08>
                    <dFacility.09>49</dFacility.09>
                    <dFacility.10>84031</dFacility.10>
                    <dFacility.11>49013</dFacility.11>
                    <dFacility.12>US</dFacility.12>
                    <dFacility.13>40.436388,-110.826187</dFacility.13>
                    <dFacility.14>11SJL55783358</dFacility.14>
                    <dFacility.15 PhoneNumberType="9913009">557-548-6168</dFacility.15>
                    <dFacility.15 PhoneNumberType="9913009">665-287-7585</dFacility.15>
                    <dFacility.15 PhoneNumberType="9913009">275-738-7614</dFacility.15></dFacility.FacilityGroup></dFacilityGroup></dFacility></DemographicReport></DEMDataSet>