
<DEMDataSet xmlns:xsi="http://www.w3.org/2001/XMLSchema-instance" xsi:schemaLocation="http://www.nemsis.org http://nemsis.org/media/nemsis_v3/release-3.5.0/XSDs/NEMSIS_XSDs/DEMDataSet_v3.xsd" xmlns="http://www.nemsis.org">
    <DemographicReport timeStamp="2015-03-03T13:29:41+07:00">
        <dAgency>
            <dAgency.01>6</dAgency.01>
            <dAgency.02>66</dAgency.02>
            <dAgency.03>7G</dAgency.03>
            <dAgency.04>49</dAgency.04>
            <dAgency.AgencyServiceGroup UUID="81cc2df8-b6a5-4767-84fc-1542fe5d2975">
                <dAgency.05>49</dAgency.05>
                <dAgency.06>49015</dAgency.06>
                <dAgency.07>69658817213</dAgency.07>
                <dAgency.08>84528</dAgency.08></dAgency.AgencyServiceGroup>
            <dAgency.09>9920019</dAgency.09>
            <dAgency.10>9920019</dAgency.10>
            <dAgency.11>9917031</dAgency.11>
            <dAgency.12>1016005</dAgency.12>
            <dAgency.13>9912009</dAgency.13>
            <dAgency.14>1018005</dAgency.14>
            <dAgency.AgencyYearGroup UUID="d5d60ba5-82bf-4e9f-8e5e-67cc8c028bb6">
                <dAgency.15>1904</dAgency.15>
                <dAgency.16>1865264</dAgency.16>
                <dAgency.17>2417216</dAgency.17>
                <dAgency.18>1103471</dAgency.18>
                <dAgency.19>1584652</dAgency.19>
                <dAgency.20>3372088</dAgency.20>
                <dAgency.21>3931575</dAgency.21>
                <dAgency.22>3638622</dAgency.22></dAgency.AgencyYearGroup>
            <dAgency.23>1027017</dAgency.23>
            <dAgency.24>9923003</dAgency.24>
            <dAgency.25>NifakurodO</dAgency.25>
            <dAgency.26>S</dAgency.26></dAgency>
        <dContact>
            <dContact.ContactInfoGroup UUID="4b7c52fc-d5f3-49dd-8078-1d846ab57719">
                <dContact.01>1101017</dContact.01>
                <dContact.02>Lane</dContact.02>
                <dContact.03>Lora</dContact.03>
                <dContact.04>Almanza</dContact.04>
                <dContact.05 StreetAddress2="g">192-2888 Augue. Av.</dContact.05>
                <dContact.06>1428800</dContact.06>
                <dContact.07>49</dContact.07>
                <dContact.08>84314</dContact.08>
                <dContact.09>US</dContact.09>
                <dContact.10 PhoneNumberType="9913009">225-426-5937</dContact.10>
                <dContact.11 EmailAddressType="9904003">FW7GzCJn@dsLd.com</dContact.11>
                <dContact.12>wKV</dContact.12>
                <dContact.EMSMedicalDirectorGroup>
                    <dContact.13>1113003</dContact.13>
                    <dContact.14>1114043</dContact.14>
                    <dContact.15>1115003</dContact.15>
                    <dContact.16>9923003</dContact.16></dContact.EMSMedicalDirectorGroup></dContact.ContactInfoGroup></dContact>
        <dConfiguration>
            <dConfiguration.ConfigurationGroup UUID="ee8a6d07-5c80-4905-a8c3-876a8b24cd4d">
                <dConfiguration.01>49</dConfiguration.01>
                <dConfiguration.ProcedureGroup UUID="6217b26f-2abd-48e9-87be-451c8ea571e7">
                    <dConfiguration.06>9917031</dConfiguration.06>
                    <dConfiguration.07>232692007</dConfiguration.07></dConfiguration.ProcedureGroup>
                <dConfiguration.MedicationGroup UUID="c6f64661-9d5f-4073-b6ad-f97eb7914104">
                    <dConfiguration.08>9917031</dConfiguration.08>
                    <dConfiguration.09 CodeType="9924003">1399</dConfiguration.09></dConfiguration.MedicationGroup>
                <dConfiguration.10>9914225</dConfiguration.10>
                <dConfiguration.11>1211035</dConfiguration.11>
                <dConfiguration.12>9923003</dConfiguration.12>
                <dConfiguration.13>1213005</dConfiguration.13>
                <dConfiguration.14>X1</dConfiguration.14>
                <dConfiguration.15>1215019</dConfiguration.15>
                <dConfiguration.16>Z</dConfiguration.16>
                <dConfiguration.17>1V</dConfiguration.17></dConfiguration.ConfigurationGroup></dConfiguration>
        <dLocation>
            <dLocation.LocationGroup UUID="e39aed6b-4c3d-4785-8668-7ab8a4b65f10">
                <dLocation.01>1301007</dLocation.01>
                <dLocation.02>M6</dLocation.02>
                <dLocation.03>h</dLocation.03>
                <dLocation.04>40.671636,-111.500120</dLocation.04>
                <dLocation.05>12SYD76318662</dLocation.05>
                <dLocation.06 StreetAddress2="p">2641 Faucibus Avenue</dLocation.06>
                <dLocation.07>1444206</dLocation.07>
                <dLocation.08>49</dLocation.08>
                <dLocation.09>84068</dLocation.09>
                <dLocation.10>49043</dLocation.10>
                <dLocation.11>US</dLocation.11>
                <dLocation.12 PhoneNumberType="9913009">253-501-3163</dLocation.12></dLocation.LocationGroup></dLocation>
        <dVehicle>
            <dVehicle.VehicleGroup UUID="e218a82b-88af-4cea-948f-2967ea4d9972">
                <dVehicle.01>a</dVehicle.01>
                <dVehicle.02>nj2CFO6HQhfU0poXs</dVehicle.02>
                <dVehicle.03>L</dVehicle.03>
                <dVehicle.04>1404025</dVehicle.04>
                <dVehicle.VehicleCertificationLevelsGroup UUID="80569bcf-888c-4d83-9510-b49921b77c08">
                    <dVehicle.05>9917031</dVehicle.05>
                    <dVehicle.06>11</dVehicle.06>
                    <dVehicle.07>2</dVehicle.07>
                    <dVehicle.08>7</dVehicle.08></dVehicle.VehicleCertificationLevelsGroup>
                <dVehicle.09>3401393</dVehicle.09>
                <dVehicle.10>2008</dVehicle.10>
                <dVehicle.YearGroup UUID="9c90c644-efd1-4cfe-bc75-c8643e228339">
                    <dVehicle.11>1952</dVehicle.11>
                    <dVehicle.12>1281</dVehicle.12>
                    <dVehicle.13 DistanceUnit="9929003">263.0</dVehicle.13></dVehicle.YearGroup></dVehicle.VehicleGroup></dVehicle>
        <dPersonnel>
            <dPersonnel.PersonnelGroup UUID="add63928-e90a-4144-98ed-a771ce96d1e9">
                <dPersonnel.NameGroup>
                    <dPersonnel.01>Gomez</dPersonnel.01>
                    <dPersonnel.02>Hattie</dPersonnel.02>
                    <dPersonnel.03>Abell</dPersonnel.03></dPersonnel.NameGroup>
                <dPersonnel.AddressGroup>
                    <dPersonnel.04 StreetAddress2="M">233-1778 Consectetuer Street</dPersonnel.04>
                    <dPersonnel.05>1437836</dPersonnel.05>
                    <dPersonnel.06>49</dPersonnel.06>
                    <dPersonnel.07>84121</dPersonnel.07>
                    <dPersonnel.08>US</dPersonnel.08></dPersonnel.AddressGroup>
                <dPersonnel.09 PhoneNumberType="9913009">503-524-0163</dPersonnel.09>
                <dPersonnel.10 EmailAddressType="9904003">9NudsQDv@SNk1.com</dPersonnel.10>
                <dPersonnel.11>1998-04-12</dPersonnel.11>
                <dPersonnel.12>9906005</dPersonnel.12>
                <dPersonnel.13>1513011</dPersonnel.13>
                <dPersonnel.14>zH</dPersonnel.14>
                <dPersonnel.15>1515031</dPersonnel.15>
                <dPersonnel.16>1516071</dPersonnel.16>
                <dPersonnel.17>1517023</dPersonnel.17>
                <dPersonnel.ImmunizationsGroup UUID="c68f8fa2-a442-4fe4-a062-ab21ce96ef9b">
                    <dPersonnel.18>9910051</dPersonnel.18>
                    <dPersonnel.19>1934</dPersonnel.19></dPersonnel.ImmunizationsGroup>
                <dPersonnel.20>yid</dPersonnel.20>
                <dPersonnel.21>zT</dPersonnel.21>
                <dPersonnel.LicensureGroup UUID="c6d62dec-58dc-4cf1-b295-2bdeeca3272d">
                    <dPersonnel.22>49</dPersonnel.22>
                    <dPersonnel.23>75</dPersonnel.23>
                    <dPersonnel.24>9925043</dPersonnel.24>
                    <dPersonnel.25>2000-11-13</dPersonnel.25>
                    <dPersonnel.26>1966-08-15</dPersonnel.26>
                    <dPersonnel.27>2011-03-10</dPersonnel.27></dPersonnel.LicensureGroup>
                <dPersonnel.28>K5724774</dPersonnel.28>
                <dPersonnel.29>1529005</dPersonnel.29>
                <dPersonnel.30>1998-09-07</dPersonnel.30>
                <dPersonnel.31>1531007</dPersonnel.31>
                <dPersonnel.32>1973-10-22</dPersonnel.32>
                <dPersonnel.33>1964-09-17</dPersonnel.33>
                <dPersonnel.34>1534017</dPersonnel.34>
                <dPersonnel.35>1534017</dPersonnel.35>
                <dPersonnel.36>48</dPersonnel.36>
                <dPersonnel.37>1981-02-27</dPersonnel.37>
                <dPersonnel.CertificationLevelGroup UUID="b4dd3cd7-bac4-4941-8846-b7e51c89e3fb">
                    <dPersonnel.38>9925043</dPersonnel.38>
                    <dPersonnel.39>1971-04-15</dPersonnel.39></dPersonnel.CertificationLevelGroup></dPersonnel.PersonnelGroup></dPersonnel>
        <dDevice>
            <dDevice.DeviceGroup UUID="b2e79300-b1b1-43cc-9861-b666f1918dc3">
                <dDevice.01>Kp</dDevice.01>
                <dDevice.02>YS</dDevice.02>
                <dDevice.03>1603039</dDevice.03>
                <dDevice.04>vH</dDevice.04>
                <dDevice.05>0s</dDevice.05>
                <dDevice.06>2011-06-01</dDevice.06></dDevice.DeviceGroup></dDevice>
        <dFacility>
            <dFacilityGroup UUID="772085fc-6608-4100-b3c2-d14d9705c194">
                <dFacility.01>1701017</dFacility.01>
                <dFacility.FacilityGroup UUID="97751abd-ee68-49b1-adf5-01593c28420b">
                    <dFacility.02>Fv</dFacility.02>
                    <dFacility.03>ub</dFacility.03>
                    <dFacility.04>9908035</dFacility.04>
                    <dFacility.05>vIbqDv6yRk</dFacility.05>
                    <dFacility.06>C</dFacility.06>
                    <dFacility.07 StreetAddress2="d">Ap #361-7034 Velit. Street</dFacility.07>
                    <dFacility.08>1428663</dFacility.08>
                    <dFacility.09>49</dFacility.09>
                    <dFacility.10>84736</dFacility.10>
                    <dFacility.11>49017</dFacility.11>
                    <dFacility.12>US</dFacility.12>
                    <dFacility.13>37.561268,-111.995387</dFacility.13>
                    <dFacility.14>10SJP14505235</dFacility.14>
                    <dFacility.15 PhoneNumberType="9913009">457-643-3439</dFacility.15></dFacility.FacilityGroup></dFacilityGroup></dFacility></DemographicReport></DEMDataSet>