
<DEMDataSet xmlns:xsi="http://www.w3.org/2001/XMLSchema-instance" xsi:schemaLocation="http://www.nemsis.org http://nemsis.org/media/nemsis_v3/release-3.5.0/XSDs/NEMSIS_XSDs/DEMDataSet_v3.xsd" xmlns="http://www.nemsis.org">
    <DemographicReport timeStamp="2015-03-03T13:29:42+07:00">
        <dAgency>
            <dAgency.01>7</dAgency.01>
            <dAgency.02>77</dAgency.02>
            <dAgency.03>RD</dAgency.03>
            <dAgency.04>49</dAgency.04>
            <dAgency.AgencyServiceGroup UUID="66ddf1fa-7a45-4175-a67c-9af11b9dbd82">
                <dAgency.05>49</dAgency.05>
                <dAgency.06>49049</dAgency.06>
                <dAgency.07>21117647521</dAgency.07>
                <dAgency.08>84601</dAgency.08></dAgency.AgencyServiceGroup>
            <dAgency.09>9920019</dAgency.09>
            <dAgency.10>9920019</dAgency.10>
            <dAgency.11>9917031</dAgency.11>
            <dAgency.12>1016005</dAgency.12>
            <dAgency.13>9912009</dAgency.13>
            <dAgency.14>1018005</dAgency.14>
            <dAgency.AgencyYearGroup UUID="4b78753f-ccc2-4010-a997-064cf9397099">
                <dAgency.15>2017</dAgency.15>
                <dAgency.16>90861</dAgency.16>
                <dAgency.17>3999418</dAgency.17>
                <dAgency.18>3162236</dAgency.18>
                <dAgency.19>3715829</dAgency.19>
                <dAgency.20>2449711</dAgency.20>
                <dAgency.21>2356614</dAgency.21>
                <dAgency.22>2099283</dAgency.22></dAgency.AgencyYearGroup>
            <dAgency.23>1027017</dAgency.23>
            <dAgency.24>9923003</dAgency.24>
            <dAgency.25>OFVDsMutzE</dAgency.25>
            <dAgency.26>K</dAgency.26></dAgency>
        <dContact>
            <dContact.ContactInfoGroup UUID="7d24a83a-32e8-4d10-b82f-24d1ade73c9e">
                <dContact.01>1101017</dContact.01>
                <dContact.02>Carson</dContact.02>
                <dContact.03>Leland</dContact.03>
                <dContact.04>Albrecht</dContact.04>
                <dContact.05 StreetAddress2="5">856-8833 Aliquet Rd.</dContact.05>
                <dContact.06>1438817</dContact.06>
                <dContact.07>49</dContact.07>
                <dContact.08>84629</dContact.08>
                <dContact.09>US</dContact.09>
                <dContact.10 PhoneNumberType="9913009">757-221-1945</dContact.10>
                <dContact.11 EmailAddressType="9904003">S4Bbwz5s@sbgi.com</dContact.11>
                <dContact.12>v98</dContact.12>
                <dContact.EMSMedicalDirectorGroup>
                    <dContact.13>1113003</dContact.13>
                    <dContact.14>1114043</dContact.14>
                    <dContact.15>1115003</dContact.15>
                    <dContact.16>9923003</dContact.16></dContact.EMSMedicalDirectorGroup></dContact.ContactInfoGroup></dContact>
        <dConfiguration>
            <dConfiguration.ConfigurationGroup UUID="e548fead-65b4-43fd-827b-005fbc326946">
                <dConfiguration.01>49</dConfiguration.01>
                <dConfiguration.ProcedureGroup UUID="580672bd-afe9-4302-83d3-a6930557c468">
                    <dConfiguration.06>9917031</dConfiguration.06>
                    <dConfiguration.07>232707004</dConfiguration.07></dConfiguration.ProcedureGroup>
                <dConfiguration.MedicationGroup UUID="2fcbc857-ae83-48b8-8810-6126d81b8e7a">
                    <dConfiguration.08>9917031</dConfiguration.08>
                    <dConfiguration.09 CodeType="9924003">2599</dConfiguration.09></dConfiguration.MedicationGroup>
                <dConfiguration.10>9914225</dConfiguration.10>
                <dConfiguration.11>1211035</dConfiguration.11>
                <dConfiguration.12>9923003</dConfiguration.12>
                <dConfiguration.13>1213005</dConfiguration.13>
                <dConfiguration.14>MJ</dConfiguration.14>
                <dConfiguration.15>1215019</dConfiguration.15>
                <dConfiguration.16>l</dConfiguration.16>
                <dConfiguration.17>vl</dConfiguration.17></dConfiguration.ConfigurationGroup></dConfiguration>
        <dLocation>
            <dLocation.LocationGroup UUID="df50a766-314a-463b-b028-04935e2ee10c">
                <dLocation.01>1301007</dLocation.01>
                <dLocation.02>1m</dLocation.02>
                <dLocation.03>q</dLocation.03>
                <dLocation.04>40.032330,-111.658857</dLocation.04>
                <dLocation.05>13SHJ85781845</dLocation.05>
                <dLocation.06 StreetAddress2="V">P.O. Box 683, 641 Aliquam Av.</dLocation.06>
                <dLocation.07>1445262</dLocation.07>
                <dLocation.08>49</dLocation.08>
                <dLocation.09>84653</dLocation.09>
                <dLocation.10>49049</dLocation.10>
                <dLocation.11>US</dLocation.11>
                <dLocation.12 PhoneNumberType="9913009">465-621-6186</dLocation.12></dLocation.LocationGroup></dLocation>
        <dVehicle>
            <dVehicle.VehicleGroup UUID="a9832c70-4aaf-4180-aee1-d9c1056a6dc1">
                <dVehicle.01>K</dVehicle.01>
                <dVehicle.02>9Ka6wIP54BjzLYBHc</dVehicle.02>
                <dVehicle.03>c</dVehicle.03>
                <dVehicle.04>1404025</dVehicle.04>
                <dVehicle.VehicleCertificationLevelsGroup UUID="31f5ff53-7283-475a-bc89-57d5a925351a">
                    <dVehicle.05>9917031</dVehicle.05>
                    <dVehicle.06>2</dVehicle.06>
                    <dVehicle.07>7</dVehicle.07>
                    <dVehicle.08>10</dVehicle.08></dVehicle.VehicleCertificationLevelsGroup>
                <dVehicle.09>5161539</dVehicle.09>
                <dVehicle.10>1976</dVehicle.10>
                <dVehicle.YearGroup UUID="7fec88de-cde3-45e0-bd8a-4402eafceb42">
                    <dVehicle.11>2034</dVehicle.11>
                    <dVehicle.12>8195</dVehicle.12>
                    <dVehicle.13 DistanceUnit="9929003">341.0</dVehicle.13></dVehicle.YearGroup></dVehicle.VehicleGroup></dVehicle>
        <dPersonnel>
            <dPersonnel.PersonnelGroup UUID="44a40c39-f013-451d-993a-945cb348fdf5">
                <dPersonnel.NameGroup>
                    <dPersonnel.01>Miles</dPersonnel.01>
                    <dPersonnel.02>Jaime</dPersonnel.02>
                    <dPersonnel.03>Adler</dPersonnel.03></dPersonnel.NameGroup>
                <dPersonnel.AddressGroup>
                    <dPersonnel.04 StreetAddress2="a">7563 Molestie Ave</dPersonnel.04>
                    <dPersonnel.05>1439951</dPersonnel.05>
                    <dPersonnel.06>49</dPersonnel.06>
                    <dPersonnel.07>84307</dPersonnel.07>
                    <dPersonnel.08>US</dPersonnel.08></dPersonnel.AddressGroup>
                <dPersonnel.09 PhoneNumberType="9913009">514-374-3041</dPersonnel.09>
                <dPersonnel.10 EmailAddressType="9904003">UKuVJfCF@a3dt.com</dPersonnel.10>
                <dPersonnel.11>1967-03-28</dPersonnel.11>
                <dPersonnel.12>9906005</dPersonnel.12>
                <dPersonnel.13>1513011</dPersonnel.13>
                <dPersonnel.14>cY</dPersonnel.14>
                <dPersonnel.15>1515031</dPersonnel.15>
                <dPersonnel.16>1516071</dPersonnel.16>
                <dPersonnel.17>1517023</dPersonnel.17>
                <dPersonnel.ImmunizationsGroup UUID="5e2ca2e7-8f7e-4ad8-bf53-7f68cc5725bd">
                    <dPersonnel.18>9910051</dPersonnel.18>
                    <dPersonnel.19>1928</dPersonnel.19></dPersonnel.ImmunizationsGroup>
                <dPersonnel.20>yid</dPersonnel.20>
                <dPersonnel.21>I9</dPersonnel.21>
                <dPersonnel.LicensureGroup UUID="979b5c81-9e7a-42de-9953-2625705a18d2">
                    <dPersonnel.22>49</dPersonnel.22>
                    <dPersonnel.23>Lg</dPersonnel.23>
                    <dPersonnel.24>9925043</dPersonnel.24>
                    <dPersonnel.25>1980-05-02</dPersonnel.25>
                    <dPersonnel.26>2012-06-26</dPersonnel.26>
                    <dPersonnel.27>1971-02-09</dPersonnel.27></dPersonnel.LicensureGroup>
                <dPersonnel.28>PN331763</dPersonnel.28>
                <dPersonnel.29>1529005</dPersonnel.29>
                <dPersonnel.30>1986-12-03</dPersonnel.30>
                <dPersonnel.31>1531007</dPersonnel.31>
                <dPersonnel.32>1979-09-27</dPersonnel.32>
                <dPersonnel.33>1987-02-02</dPersonnel.33>
                <dPersonnel.34>1534017</dPersonnel.34>
                <dPersonnel.35>1534017</dPersonnel.35>
                <dPersonnel.36>22</dPersonnel.36>
                <dPersonnel.37>2005-08-16</dPersonnel.37>
                <dPersonnel.CertificationLevelGroup UUID="1111a007-c5d4-4f8c-ab69-495b0819e85f">
                    <dPersonnel.38>9925043</dPersonnel.38>
                    <dPersonnel.39>1978-05-03</dPersonnel.39></dPersonnel.CertificationLevelGroup></dPersonnel.PersonnelGroup></dPersonnel>
        <dDevice>
            <dDevice.DeviceGroup UUID="e14427c9-2383-4348-9a9f-2777eff17ce0">
                <dDevice.01>Jl</dDevice.01>
                <dDevice.02>RX</dDevice.02>
                <dDevice.03>1603039</dDevice.03>
                <dDevice.04>Rq</dDevice.04>
                <dDevice.05>qi</dDevice.05>
                <dDevice.06>2011-01-22</dDevice.06></dDevice.DeviceGroup></dDevice>
        <dFacility>
            <dFacilityGroup UUID="8f652ecf-f388-4b7c-bf23-b465939b44a1">
                <dFacility.01>1701017</dFacility.01>
                <dFacility.FacilityGroup UUID="94002d22-267b-469d-913a-d2a3221be463">
                    <dFacility.02>9m</dFacility.02>
                    <dFacility.03>w4</dFacility.03>
                    <dFacility.04>9908035</dFacility.04>
                    <dFacility.05>uWcSEqScFw</dFacility.05>
                    <dFacility.06>c</dFacility.06>
                    <dFacility.07 StreetAddress2="T">P.O. Box 277, 547 Facilisis Rd.</dFacility.07>
                    <dFacility.08>1454997</dFacility.08>
                    <dFacility.09>49</dFacility.09>
                    <dFacility.10>84113</dFacility.10>
                    <dFacility.11>49035</dFacility.11>
                    <dFacility.12>US</dFacility.12>
                    <dFacility.13>40.775548,-111.831028</dFacility.13>
                    <dFacility.14>19TNE55522064</dFacility.14>
                    <dFacility.15 PhoneNumberType="9913009">613-768-5973</dFacility.15></dFacility.FacilityGroup></dFacilityGroup></dFacility></DemographicReport></DEMDataSet>