
<DEMDataSet xmlns:xsi="http://www.w3.org/2001/XMLSchema-instance" xsi:schemaLocation="http://www.nemsis.org http://nemsis.org/media/nemsis_v3/release-3.5.0/XSDs/NEMSIS_XSDs/DEMDataSet_v3.xsd" xmlns="http://www.nemsis.org">
    <DemographicReport timeStamp="2015-03-03T13:29:42+07:00" UUID="5d27fde6-dc24-442a-b848-4a40d365642b">
        <dAgency>
            <dAgency.01>7</dAgency.01>
            <dAgency.02>77</dAgency.02>
            <dAgency.03>hV</dAgency.03>
            <dAgency.04>49</dAgency.04>
            <dAgency.AgencyServiceGroup UUID="d7ca5734-1901-41b7-b053-fefdb83c723d">
                <dAgency.05>49</dAgency.05>
                <dAgency.06>49035</dAgency.06>
                <dAgency.07>73831720740</dAgency.07>
                <dAgency.08>84132</dAgency.08></dAgency.AgencyServiceGroup>
            <dAgency.09>9920019</dAgency.09>
            <dAgency.10>9920019</dAgency.10>
            <dAgency.11>9917031</dAgency.11>
            <dAgency.12>1016005</dAgency.12>
            <dAgency.13>9912009</dAgency.13>
            <dAgency.14>1018005</dAgency.14>
            <dAgency.AgencyYearGroup UUID="42f85a8d-59a8-416a-8407-d5a08bb74069">
                <dAgency.15>1907</dAgency.15>
                <dAgency.16>1606706</dAgency.16>
                <dAgency.17>2766096</dAgency.17>
                <dAgency.18>3976627</dAgency.18>
                <dAgency.19>2412337</dAgency.19>
                <dAgency.20>1578137</dAgency.20>
                <dAgency.21>137668</dAgency.21>
                <dAgency.22>3584090</dAgency.22></dAgency.AgencyYearGroup>
            <dAgency.23>1027017</dAgency.23>
            <dAgency.24>9923003</dAgency.24>
            <dAgency.25>wnbEB6WLVQ</dAgency.25>
            <dAgency.26>C</dAgency.26></dAgency>
        <dContact>
            <dContact.ContactInfoGroup UUID="366291e0-b21a-4678-a477-8fb807af8cd8">
                <dContact.01>1101017</dContact.01>
                <dContact.02>Weber</dContact.02>
                <dContact.03>Gloria</dContact.03>
                <dContact.04>Amaya</dContact.04>
                <dContact.05 StreetAddress2="s">P.O. Box 100, 4600 Cum Rd.</dContact.05>
                <dContact.06>1425865</dContact.06>
                <dContact.07>49</dContact.07>
                <dContact.08>84008</dContact.08>
                <dContact.09>US</dContact.09>
                <dContact.10 PhoneNumberType="9913009">833-573-8925</dContact.10>
                <dContact.11 EmailAddressType="9904003">8MStSa7m@yxFf.com</dContact.11>
                <dContact.12>GAp</dContact.12>
                <dContact.EMSMedicalDirectorGroup>
                    <dContact.13>1113003</dContact.13>
                    <dContact.14>1114043</dContact.14>
                    <dContact.15>1115003</dContact.15>
                    <dContact.16>9923003</dContact.16></dContact.EMSMedicalDirectorGroup></dContact.ContactInfoGroup></dContact>
        <dConfiguration>
            <dConfiguration.ConfigurationGroup UUID="090625cf-b9f9-4f65-8a08-8dc4391f3d8f">
                <dConfiguration.01>49</dConfiguration.01>
                <dConfiguration.ProcedureGroup UUID="456e7af5-9b16-491d-ab3f-b9a7e74549d9">
                    <dConfiguration.06>9917031</dConfiguration.06>
                    <dConfiguration.07>232673005</dConfiguration.07></dConfiguration.ProcedureGroup>
                <dConfiguration.MedicationGroup UUID="5682df5c-c737-45d1-89c4-f405d1a1b48d">
                    <dConfiguration.08>9917031</dConfiguration.08>
                    <dConfiguration.09>259280</dConfiguration.09></dConfiguration.MedicationGroup>
                <dConfiguration.10>9914225</dConfiguration.10>
                <dConfiguration.11>1211035</dConfiguration.11>
                <dConfiguration.12>9923003</dConfiguration.12>
                <dConfiguration.13>1213005</dConfiguration.13>
                <dConfiguration.14>9J</dConfiguration.14>
                <dConfiguration.15>1215019</dConfiguration.15>
                <dConfiguration.16>R</dConfiguration.16>
                <dConfiguration.17>lf</dConfiguration.17></dConfiguration.ConfigurationGroup></dConfiguration>
        <dLocation>
            <dLocation.LocationGroup UUID="eaf4ea5e-b61a-4f05-a72f-c0e564b06186">
                <dLocation.01>1301007</dLocation.01>
                <dLocation.02>DN</dLocation.02>
                <dLocation.03>M</dLocation.03>
                <dLocation.04>40.056240,-111.754620</dLocation.04>
                <dLocation.05>18TLQ62975263</dLocation.05>
                <dLocation.06 StreetAddress2="3">5630 Est, Road</dLocation.06>
                <dLocation.07>1441295</dLocation.07>
                <dLocation.08>49</dLocation.08>
                <dLocation.09>84655</dLocation.09>
                <dLocation.10>49049</dLocation.10>
                <dLocation.11>US</dLocation.11>
                <dLocation.12 PhoneNumberType="9913009">639-446-2676</dLocation.12></dLocation.LocationGroup></dLocation>
        <dVehicle>
            <dVehicle.VehicleGroup UUID="a4dd357b-cb49-4c96-a7dc-30a8322134da">
                <dVehicle.01>s</dVehicle.01>
                <dVehicle.02>ypT9ycb5QnINGgMBV</dVehicle.02>
                <dVehicle.03>2</dVehicle.03>
                <dVehicle.04>1404025</dVehicle.04>
                <dVehicle.VehicleCertificationLevelsGroup UUID="98d87582-ecc9-4221-af84-2bd9b955593c">
                    <dVehicle.05>9917031</dVehicle.05>
                    <dVehicle.06>8</dVehicle.06>
                    <dVehicle.07>2</dVehicle.07>
                    <dVehicle.08>1</dVehicle.08></dVehicle.VehicleCertificationLevelsGroup>
                <dVehicle.09>6248588</dVehicle.09>
                <dVehicle.10>1989</dVehicle.10>
                <dVehicle.YearGroup UUID="6161291b-f1ef-4c2f-be2d-838a8800f720">
                    <dVehicle.11>2031</dVehicle.11>
                    <dVehicle.12>8781</dVehicle.12>
                    <dVehicle.13 DistanceUnit="9929003">919.0</dVehicle.13></dVehicle.YearGroup></dVehicle.VehicleGroup></dVehicle>
        <dPersonnel>
            <dPersonnel.PersonnelGroup UUID="5169043c-05fe-40cb-ac0e-5299e127fdd6">
                <dPersonnel.NameGroup>
                    <dPersonnel.01>Singleton</dPersonnel.01>
                    <dPersonnel.02>Jane</dPersonnel.02>
                    <dPersonnel.03>Akins</dPersonnel.03></dPersonnel.NameGroup>
                <dPersonnel.AddressGroup>
                    <dPersonnel.04 StreetAddress2="E">P.O. Box 952, 2367 Semper. Ave</dPersonnel.04>
                    <dPersonnel.05>1430626</dPersonnel.05>
                    <dPersonnel.06>49</dPersonnel.06>
                    <dPersonnel.07>84052</dPersonnel.07>
                    <dPersonnel.08>US</dPersonnel.08></dPersonnel.AddressGroup>
                <dPersonnel.09 PhoneNumberType="9913009">763-347-9476</dPersonnel.09>
                <dPersonnel.10 EmailAddressType="9904003">SRMfosQA@7IvG.com</dPersonnel.10>
                <dPersonnel.11>1997-02-05</dPersonnel.11>
                <dPersonnel.12>9906005</dPersonnel.12>
                <dPersonnel.13>1513011</dPersonnel.13>
                <dPersonnel.14>el</dPersonnel.14>
                <dPersonnel.15>1515031</dPersonnel.15>
                <dPersonnel.16>1516071</dPersonnel.16>
                <dPersonnel.17>1517023</dPersonnel.17>
                <dPersonnel.ImmunizationsGroup UUID="6af6b42a-b016-4378-834f-b4e725b703eb">
                    <dPersonnel.18>9910051</dPersonnel.18>
                    <dPersonnel.19>1915</dPersonnel.19></dPersonnel.ImmunizationsGroup>
                <dPersonnel.20>yid</dPersonnel.20>
                <dPersonnel.21>DQ</dPersonnel.21>
                <dPersonnel.LicensureGroup UUID="6e8c22d3-65c0-4178-a6fe-758eee484fd0">
                    <dPersonnel.22>49</dPersonnel.22>
                    <dPersonnel.23>gQ</dPersonnel.23>
                    <dPersonnel.24>9925043</dPersonnel.24>
                    <dPersonnel.25>2007-11-24</dPersonnel.25>
                    <dPersonnel.26>1969-08-13</dPersonnel.26>
                    <dPersonnel.27>1988-05-12</dPersonnel.27></dPersonnel.LicensureGroup>
                <dPersonnel.28>TV666587</dPersonnel.28>
                <dPersonnel.29>1529005</dPersonnel.29>
                <dPersonnel.30>1959-04-08</dPersonnel.30>
                <dPersonnel.31>1531007</dPersonnel.31>
                <dPersonnel.32>2008-08-10</dPersonnel.32>
                <dPersonnel.33>1975-11-15</dPersonnel.33>
                <dPersonnel.34>1534017</dPersonnel.34>
                <dPersonnel.35>1534017</dPersonnel.35>
                <dPersonnel.36>4</dPersonnel.36>
                <dPersonnel.37>1995-12-16</dPersonnel.37>
                <dPersonnel.CertificationLevelGroup UUID="0c43dc9d-a72d-4a85-ae57-87f16657f3ef">
                    <dPersonnel.38>9925043</dPersonnel.38>
                    <dPersonnel.39>1965-04-27</dPersonnel.39></dPersonnel.CertificationLevelGroup></dPersonnel.PersonnelGroup></dPersonnel>
        <dDevice>
            <dDevice.DeviceGroup UUID="434bf5c6-27fe-4a43-9c29-4b3dda6fc050">
                <dDevice.01>nZ</dDevice.01>
                <dDevice.02>7Q</dDevice.02>
                <dDevice.03>1603039</dDevice.03>
                <dDevice.04>Oh</dDevice.04>
                <dDevice.05>3R</dDevice.05>
                <dDevice.06>2004-07-07</dDevice.06></dDevice.DeviceGroup></dDevice>
        <dFacility>
            <dFacilityGroup UUID="091bc054-be10-4777-8ef9-46b7c00d3f74">
                <dFacility.01>1701017</dFacility.01>
                <dFacility.FacilityGroup UUID="669398c3-dca0-4099-9709-126cdd9420b2">
                    <dFacility.02>mF</dFacility.02>
                    <dFacility.03>m8</dFacility.03>
                    <dFacility.04>9908035</dFacility.04>
                    <dFacility.05>Kof91yFjXB</dFacility.05>
                    <dFacility.06>V</dFacility.06>
                    <dFacility.07 StreetAddress2="B">932-2686 Magnis Street</dFacility.07>
                    <dFacility.08>1442849</dFacility.08>
                    <dFacility.09>49</dFacility.09>
                    <dFacility.10>84341</dFacility.10>
                    <dFacility.11>49005</dFacility.11>
                    <dFacility.12>US</dFacility.12>
                    <dFacility.13>41.781188,-111.822443</dFacility.13>
                    <dFacility.14>14SKG92661425</dFacility.14>
                    <dFacility.15 PhoneNumberType="9913009">553-478-6862</dFacility.15></dFacility.FacilityGroup></dFacilityGroup></dFacility></DemographicReport></DEMDataSet>