<?xml version="1.0" encoding="UTF-8"?>
<!--

NEMSIS V3 Schematron Test Case
ID:               nemSch_consistency_dAgency.13_dAgency.26_nonfire_A
Description:      When Organizational Type is not "Fire Department", Fire Department ID Number should not be recorded.
Expected Result:  [WARNING]

-->
<DEMDataSet xmlns="http://www.nemsis.org"
            xmlns:xsi="http://www.w3.org/2001/XMLSchema-instance"
            xsi:schemaLocation="http://www.nemsis.org http://nemsis.org/media/nemsis_v3/3.4.0.160713CP2/XSDs/NEMSIS_XSDs/DEMDataSet_v3.xsd">
   <dCustomConfiguration>
      <dCustomConfiguration.CustomGroup CustomElementID="c.dConfiguration.10">
         <dCustomConfiguration.01 nemsisElement="dConfiguration.10">EMS Agency Protocols</dCustomConfiguration.01>
         <dCustomConfiguration.02>A list of all the EMS field protocols that the agency has in place and available for use.</dCustomConfiguration.02>
         <dCustomConfiguration.03>9902009</dCustomConfiguration.03>
         <dCustomConfiguration.04>9923003</dCustomConfiguration.04>
         <dCustomConfiguration.05>9903005</dCustomConfiguration.05>
         <dCustomConfiguration.06 customValueDescription="Community Paramedic Protocol">cpp101</dCustomConfiguration.06>
      </dCustomConfiguration.CustomGroup>
   </dCustomConfiguration>
   <DemographicReport timeStamp="2015-04-02T09:51:33-00:00">
      <dAgency>
         <dAgency.01>0</dAgency.01>
         <dAgency.02>A</dAgency.02>
         <dAgency.03>Agency A</dAgency.03>
         <dAgency.04>49</dAgency.04>
         <dAgency.AgencyServiceGroup>
            <dAgency.05>16</dAgency.05>
            <dAgency.06>16007</dAgency.06>
            <dAgency.07>16007950100</dAgency.07>
            <dAgency.07>16007950200</dAgency.07>
            <dAgency.08>83220</dAgency.08>
            <dAgency.08>83223</dAgency.08>
            <dAgency.08>83233</dAgency.08>
            <dAgency.08>83238</dAgency.08>
            <dAgency.08>83239</dAgency.08>
            <dAgency.08>83254</dAgency.08>
            <dAgency.08>83261</dAgency.08>
            <dAgency.08>83272</dAgency.08>
            <dAgency.08>83276</dAgency.08>
            <dAgency.08>83287</dAgency.08>
         </dAgency.AgencyServiceGroup>
         <dAgency.AgencyServiceGroup>
            <dAgency.05>49</dAgency.05>
            <dAgency.06>49033</dAgency.06>
            <dAgency.07>49033950100</dAgency.07>
            <dAgency.08>84028</dAgency.08>
            <dAgency.08>84038</dAgency.08>
            <dAgency.08>84064</dAgency.08>
            <dAgency.08>84086</dAgency.08>
         </dAgency.AgencyServiceGroup>
         <dAgency.AgencyServiceGroup>
            <dAgency.05>56</dAgency.05>
            <dAgency.06>56023</dAgency.06>
            <dAgency.07>56023978200</dAgency.07>
            <dAgency.07>56023978400</dAgency.07>
            <dAgency.08>83101</dAgency.08>
            <dAgency.08>83114</dAgency.08>
            <dAgency.08>83116</dAgency.08>
            <dAgency.08>83121</dAgency.08>
            <dAgency.08>83123</dAgency.08>
            <dAgency.08>83124</dAgency.08>
         </dAgency.AgencyServiceGroup>
         <dAgency.09>9920019</dAgency.09>
         <dAgency.10>9920019</dAgency.10>
         <dAgency.10>9920017</dAgency.10>
         <dAgency.10>9920015</dAgency.10>
         <dAgency.11>9917031</dAgency.11>
         <dAgency.12>1016005</dAgency.12>
         <!-- + -->
         <dAgency.13>9912003</dAgency.13>
         <!---->
         <!-- - -->
         <dAgency.14>1018005</dAgency.14>
         <dAgency.AgencyYearGroup>
            <dAgency.15>2011</dAgency.15>
            <dAgency.16>572746</dAgency.16>
            <dAgency.17>2786722</dAgency.17>
            <dAgency.18>3452660</dAgency.18>
            <dAgency.19>1210002</dAgency.19>
            <dAgency.20>368764</dAgency.20>
            <dAgency.21>1996143</dAgency.21>
            <dAgency.22>447494</dAgency.22>
         </dAgency.AgencyYearGroup>
         <dAgency.AgencyYearGroup>
            <dAgency.15>2012</dAgency.15>
            <dAgency.16>1445654</dAgency.16>
            <dAgency.17>983123</dAgency.17>
            <dAgency.18>1260189</dAgency.18>
            <dAgency.19>2941857</dAgency.19>
            <dAgency.20>375518</dAgency.20>
            <dAgency.21>716121</dAgency.21>
            <dAgency.22>3811966</dAgency.22>
         </dAgency.AgencyYearGroup>
         <dAgency.23>1027017</dAgency.23>
         <dAgency.24>9923003</dAgency.24>
         <dAgency.25>TDLm6eIedb</dAgency.25>
         <dAgency.25>hrLOUll9mo</dAgency.25>
         <dAgency.26>M</dAgency.26>
         <dAgency.26>C</dAgency.26>
      </dAgency>
      <dContact>
         <dContact.ContactInfoGroup>
            <dContact.01>1101003</dContact.01>
            <dContact.02>Webb</dContact.02>
            <dContact.03>Cora</dContact.03>
            <dContact.04>Aleman</dContact.04>
            <dContact.05 StreetAddress2="5">9669 Nam Road</dContact.05>
            <dContact.06>1443237</dContact.06>
            <dContact.07>49</dContact.07>
            <dContact.08>84643</dContact.08>
            <dContact.09>US</dContact.09>
            <dContact.10 PhoneNumberType="9913009">863-512-6852</dContact.10>
            <dContact.10 PhoneNumberType="9913009">381-377-5725</dContact.10>
            <dContact.11 EmailAddressType="9904003">v2QLCxaN@1B5K.com</dContact.11>
            <dContact.11 EmailAddressType="9904003">fiAOcWxt@KBvc.com</dContact.11>
            <dContact.11 EmailAddressType="9904003">1hZ7W66p@jctd.com</dContact.11>
            <dContact.12>Zsm</dContact.12>
         </dContact.ContactInfoGroup>
         <dContact.ContactInfoGroup>
            <dContact.01>1101011</dContact.01>
            <dContact.02>Fletcher</dContact.02>
            <dContact.03>Loretta</dContact.03>
            <dContact.04>Albertson</dContact.04>
            <dContact.05 StreetAddress2="R">9146 Feugiat Avenue</dContact.05>
            <dContact.06>1437699</dContact.06>
            <dContact.07>49</dContact.07>
            <dContact.08>84401</dContact.08>
            <dContact.09>US</dContact.09>
            <dContact.10 PhoneNumberType="9913009">716-505-3874</dContact.10>
            <dContact.10 PhoneNumberType="9913009">794-639-5470</dContact.10>
            <dContact.11 EmailAddressType="9904003">wTES7lxW@qRTy.com</dContact.11>
            <dContact.11 EmailAddressType="9904003">2ERcEMyn@8s4Z.com</dContact.11>
            <dContact.12>sd6</dContact.12>
            <dContact.EMSMedicalDirectorGroup>
               <dContact.13>1113003</dContact.13>
               <dContact.14>1114043</dContact.14>
               <dContact.14>1114041</dContact.14>
               <dContact.14>1114039</dContact.14>
               <dContact.15>1115003</dContact.15>
               <dContact.16>9923003</dContact.16>
            </dContact.EMSMedicalDirectorGroup>
         </dContact.ContactInfoGroup>
      </dContact>
      <dConfiguration>
         <dConfiguration.ConfigurationGroup>
            <dConfiguration.01>16</dConfiguration.01>
            <dConfiguration.02>9911033</dConfiguration.02>
            <dConfiguration.02>9911031</dConfiguration.02>
            <dConfiguration.02>9911029</dConfiguration.02>
            <dConfiguration.03>44806002</dConfiguration.03>
            <dConfiguration.03>2267008</dConfiguration.03>
            <dConfiguration.03>425447009</dConfiguration.03>
            <dConfiguration.04>10454</dConfiguration.04>
            <dConfiguration.04>107129</dConfiguration.04>
            <dConfiguration.05>9914225</dConfiguration.05>
            <dConfiguration.05>9914223</dConfiguration.05>
            <dConfiguration.ProcedureGroup>
               <dConfiguration.06>9917005</dConfiguration.06>
               <dConfiguration.07>44806002</dConfiguration.07>
               <dConfiguration.07>2267008</dConfiguration.07>
            </dConfiguration.ProcedureGroup>
            <dConfiguration.ProcedureGroup>
               <dConfiguration.06>9917001</dConfiguration.06>
               <dConfiguration.07>425447009</dConfiguration.07>
               <dConfiguration.07>429705000</dConfiguration.07>
            </dConfiguration.ProcedureGroup>
            <dConfiguration.ProcedureGroup>
               <dConfiguration.06>9917007</dConfiguration.06>
               <dConfiguration.07>47545007</dConfiguration.07>
               <dConfiguration.07>173067007</dConfiguration.07>
            </dConfiguration.ProcedureGroup>
            <dConfiguration.MedicationGroup>
               <dConfiguration.08>9917005</dConfiguration.08>
               <dConfiguration.09>10454</dConfiguration.09>
               <dConfiguration.09>107129</dConfiguration.09>
            </dConfiguration.MedicationGroup>
            <dConfiguration.MedicationGroup>
               <dConfiguration.08>9917001</dConfiguration.08>
               <dConfiguration.09>11149</dConfiguration.09>
               <dConfiguration.09>11170</dConfiguration.09>
            </dConfiguration.MedicationGroup>
            <dConfiguration.10>9914225</dConfiguration.10>
            <dConfiguration.10>9914223</dConfiguration.10>
            <dConfiguration.10>9914221</dConfiguration.10>
            <dConfiguration.11>1211035</dConfiguration.11>
            <dConfiguration.11>1211033</dConfiguration.11>
            <dConfiguration.12>9923003</dConfiguration.12>
            <dConfiguration.13>1213005</dConfiguration.13>
            <dConfiguration.14>3J</dConfiguration.14>
            <dConfiguration.14>cO</dConfiguration.14>
            <dConfiguration.15>1215019</dConfiguration.15>
            <dConfiguration.15>1215017</dConfiguration.15>
            <dConfiguration.15>1215015</dConfiguration.15>
            <dConfiguration.16>H</dConfiguration.16>
            <dConfiguration.16>D</dConfiguration.16>
            <dConfiguration.17>sp</dConfiguration.17>
            <dConfiguration.17>K9</dConfiguration.17>
         </dConfiguration.ConfigurationGroup>
         <dConfiguration.ConfigurationGroup>
            <dConfiguration.01>49</dConfiguration.01>
            <dConfiguration.02>9911033</dConfiguration.02>
            <dConfiguration.02>9911031</dConfiguration.02>
            <dConfiguration.02>9911029</dConfiguration.02>
            <dConfiguration.03>429705000</dConfiguration.03>
            <dConfiguration.03>47545007</dConfiguration.03>
            <dConfiguration.04>11149</dConfiguration.04>
            <dConfiguration.04>11170</dConfiguration.04>
            <dConfiguration.05>9914225</dConfiguration.05>
            <dConfiguration.05>9914223</dConfiguration.05>
            <dConfiguration.05>9914221</dConfiguration.05>
            <dConfiguration.ProcedureGroup>
               <dConfiguration.06>9917005</dConfiguration.06>
               <dConfiguration.07>232689008</dConfiguration.07>
               <dConfiguration.07>232692007</dConfiguration.07>
               <dConfiguration.07>232706008</dConfiguration.07>
            </dConfiguration.ProcedureGroup>
            <dConfiguration.ProcedureGroup>
               <dConfiguration.06>9917001</dConfiguration.06>
               <dConfiguration.07>23690002</dConfiguration.07>
               <dConfiguration.07>386508008</dConfiguration.07>
            </dConfiguration.ProcedureGroup>
            <dConfiguration.MedicationGroup>
               <dConfiguration.08>9917005</dConfiguration.08>
               <dConfiguration.09>115698</dConfiguration.09>
               <dConfiguration.09>1191</dConfiguration.09>
               <dConfiguration.09>1223</dConfiguration.09>
            </dConfiguration.MedicationGroup>
            <dConfiguration.MedicationGroup>
               <dConfiguration.08>9917001</dConfiguration.08>
               <dConfiguration.09>125464</dConfiguration.09>
               <dConfiguration.09>1399</dConfiguration.09>
               <dConfiguration.09>161</dConfiguration.09>
            </dConfiguration.MedicationGroup>
            <dConfiguration.MedicationGroup>
               <dConfiguration.08>9917007</dConfiguration.08>
               <dConfiguration.09>1808</dConfiguration.09>
               <dConfiguration.09>1841</dConfiguration.09>
               <dConfiguration.09>1901</dConfiguration.09>
            </dConfiguration.MedicationGroup>
            <dConfiguration.10>9914225</dConfiguration.10>
            <dConfiguration.10>9914223</dConfiguration.10>
            <dConfiguration.11>1211035</dConfiguration.11>
            <dConfiguration.11>1211033</dConfiguration.11>
            <dConfiguration.11>1211031</dConfiguration.11>
            <dConfiguration.12>9923003</dConfiguration.12>
            <dConfiguration.13>1213005</dConfiguration.13>
            <dConfiguration.14>43</dConfiguration.14>
            <dConfiguration.14>MK</dConfiguration.14>
            <dConfiguration.14>OD</dConfiguration.14>
            <dConfiguration.15>1215019</dConfiguration.15>
            <dConfiguration.15>1215017</dConfiguration.15>
            <dConfiguration.15>1215015</dConfiguration.15>
            <dConfiguration.16>f</dConfiguration.16>
            <dConfiguration.16>W</dConfiguration.16>
            <dConfiguration.17>gS</dConfiguration.17>
            <dConfiguration.17>Qs</dConfiguration.17>
         </dConfiguration.ConfigurationGroup>
         <dConfiguration.ConfigurationGroup>
            <dConfiguration.01>56</dConfiguration.01>
            <dConfiguration.02>9911033</dConfiguration.02>
            <dConfiguration.02>9911031</dConfiguration.02>
            <dConfiguration.02>9911029</dConfiguration.02>
            <dConfiguration.03>173067007</dConfiguration.03>
            <dConfiguration.03>232689008</dConfiguration.03>
            <dConfiguration.03>232692007</dConfiguration.03>
            <dConfiguration.04>115698</dConfiguration.04>
            <dConfiguration.04>1191</dConfiguration.04>
            <dConfiguration.04>1223</dConfiguration.04>
            <dConfiguration.05>9914225</dConfiguration.05>
            <dConfiguration.05>9914223</dConfiguration.05>
            <dConfiguration.05>9914221</dConfiguration.05>
            <dConfiguration.ProcedureGroup>
               <dConfiguration.06>9917005</dConfiguration.06>
               <dConfiguration.07>78121007</dConfiguration.07>
               <dConfiguration.07>424979004</dConfiguration.07>
            </dConfiguration.ProcedureGroup>
            <dConfiguration.ProcedureGroup>
               <dConfiguration.06>9917001</dConfiguration.06>
               <dConfiguration.07>232711005</dConfiguration.07>
               <dConfiguration.07>250784008</dConfiguration.07>
            </dConfiguration.ProcedureGroup>
            <dConfiguration.MedicationGroup>
               <dConfiguration.08>9917005</dConfiguration.08>
               <dConfiguration.09>1908</dConfiguration.09>
               <dConfiguration.09>1998</dConfiguration.09>
            </dConfiguration.MedicationGroup>
            <dConfiguration.MedicationGroup>
               <dConfiguration.08>9917001</dConfiguration.08>
               <dConfiguration.09>227778</dConfiguration.09>
               <dConfiguration.09>237159</dConfiguration.09>
               <dConfiguration.09>237372</dConfiguration.09>
            </dConfiguration.MedicationGroup>
            <dConfiguration.MedicationGroup>
               <dConfiguration.08>9917007</dConfiguration.08>
               <dConfiguration.09>237648</dConfiguration.09>
               <dConfiguration.09>237653</dConfiguration.09>
               <dConfiguration.09>259280</dConfiguration.09>
            </dConfiguration.MedicationGroup>
            <dConfiguration.10>9914225</dConfiguration.10>
            <dConfiguration.10>9914223</dConfiguration.10>
            <dConfiguration.11>1211035</dConfiguration.11>
            <dConfiguration.11>1211033</dConfiguration.11>
            <dConfiguration.11>1211031</dConfiguration.11>
            <dConfiguration.12>9923003</dConfiguration.12>
            <dConfiguration.13>1213005</dConfiguration.13>
            <dConfiguration.14>FU</dConfiguration.14>
            <dConfiguration.14>cs</dConfiguration.14>
            <dConfiguration.15>1215019</dConfiguration.15>
            <dConfiguration.15>1215017</dConfiguration.15>
            <dConfiguration.15>1215015</dConfiguration.15>
            <dConfiguration.16>i</dConfiguration.16>
            <dConfiguration.16>E</dConfiguration.16>
            <dConfiguration.16>y</dConfiguration.16>
            <dConfiguration.17>hq</dConfiguration.17>
            <dConfiguration.17>NG</dConfiguration.17>
            <dConfiguration.17>oK</dConfiguration.17>
         </dConfiguration.ConfigurationGroup>
      </dConfiguration>
      <dLocation>
         <dLocation.LocationGroup>
            <dLocation.01>1301007</dLocation.01>
            <dLocation.02>q4</dLocation.02>
            <dLocation.03>D</dLocation.03>
            <dLocation.04>40.654603,-111.984034</dLocation.04>
            <dLocation.05>15TWR73477744</dLocation.05>
            <dLocation.06 StreetAddress2="n">P.O. Box 335, 3839 Ipsum. Road</dLocation.06>
            <dLocation.07>1429290</dLocation.07>
            <dLocation.08>49</dLocation.08>
            <dLocation.09>84118</dLocation.09>
            <dLocation.10>49035</dLocation.10>
            <dLocation.11>US</dLocation.11>
            <dLocation.12 PhoneNumberType="9913009">536-576-2044</dLocation.12>
            <dLocation.12 PhoneNumberType="9913009">813-314-6842</dLocation.12>
            <dLocation.12 PhoneNumberType="9913009">566-523-4188</dLocation.12>
         </dLocation.LocationGroup>
         <dLocation.LocationGroup>
            <dLocation.01>1301007</dLocation.01>
            <dLocation.02>Ct</dLocation.02>
            <dLocation.03>P</dLocation.03>
            <dLocation.04>40.725327,-111.859692</dLocation.04>
            <dLocation.05>13UGF23665421</dLocation.05>
            <dLocation.06 StreetAddress2="5">7876 Condimentum Av.</dLocation.06>
            <dLocation.07>1454997</dLocation.07>
            <dLocation.08>49</dLocation.08>
            <dLocation.09>84152</dLocation.09>
            <dLocation.10>49035</dLocation.10>
            <dLocation.11>US</dLocation.11>
            <dLocation.12 PhoneNumberType="9913009">857-537-7819</dLocation.12>
            <dLocation.12 PhoneNumberType="9913009">417-318-5256</dLocation.12>
            <dLocation.12 PhoneNumberType="9913009">672-428-4320</dLocation.12>
         </dLocation.LocationGroup>
         <dLocation.LocationGroup>
            <dLocation.01>1301007</dLocation.01>
            <dLocation.02>H6</dLocation.02>
            <dLocation.03>l</dLocation.03>
            <dLocation.04>40.657510,-111.495033</dLocation.04>
            <dLocation.05>15TMH17909611</dLocation.05>
            <dLocation.06 StreetAddress2="8">2847 Sociis Av.</dLocation.06>
            <dLocation.07>1449081</dLocation.07>
            <dLocation.08>49</dLocation.08>
            <dLocation.09>84098</dLocation.09>
            <dLocation.10>49043</dLocation.10>
            <dLocation.11>US</dLocation.11>
            <dLocation.12 PhoneNumberType="9913009">871-950-2387</dLocation.12>
            <dLocation.12 PhoneNumberType="9913009">859-936-6616</dLocation.12>
         </dLocation.LocationGroup>
      </dLocation>
      <dVehicle>
         <dVehicle.VehicleGroup>
            <dVehicle.01>k</dVehicle.01>
            <dVehicle.02>eS9le1GiD5AyzVDg7</dVehicle.02>
            <dVehicle.03>a</dVehicle.03>
            <dVehicle.04>1404025</dVehicle.04>
            <dVehicle.VehicleCertificationLevelsGroup>
               <dVehicle.05>9917031</dVehicle.05>
               <dVehicle.06>11</dVehicle.06>
               <dVehicle.07>6</dVehicle.07>
               <dVehicle.08>2</dVehicle.08>
            </dVehicle.VehicleCertificationLevelsGroup>
            <dVehicle.VehicleCertificationLevelsGroup>
               <dVehicle.05>9917031</dVehicle.05>
               <dVehicle.06>9</dVehicle.06>
               <dVehicle.07>1</dVehicle.07>
               <dVehicle.08>11</dVehicle.08>
            </dVehicle.VehicleCertificationLevelsGroup>
            <dVehicle.09>507581</dVehicle.09>
            <dVehicle.10>1967</dVehicle.10>
            <dVehicle.YearGroup>
               <dVehicle.11>2011</dVehicle.11>
               <dVehicle.12>6560</dVehicle.12>
               <dVehicle.13 DistanceUnit="9929003">958.0</dVehicle.13>
            </dVehicle.YearGroup>
            <dVehicle.YearGroup>
               <dVehicle.11>2012</dVehicle.11>
               <dVehicle.12>7835</dVehicle.12>
               <dVehicle.13 DistanceUnit="9929003">258.0</dVehicle.13>
            </dVehicle.YearGroup>
            <dVehicle.YearGroup>
               <dVehicle.11>2013</dVehicle.11>
               <dVehicle.12>6816</dVehicle.12>
               <dVehicle.13 DistanceUnit="9929003">180.0</dVehicle.13>
            </dVehicle.YearGroup>
         </dVehicle.VehicleGroup>
         <dVehicle.VehicleGroup>
            <dVehicle.01>q</dVehicle.01>
            <dVehicle.02>7RKtVskYHvPgihGNB</dVehicle.02>
            <dVehicle.03>6</dVehicle.03>
            <dVehicle.04>1404025</dVehicle.04>
            <dVehicle.VehicleCertificationLevelsGroup>
               <dVehicle.05>9917031</dVehicle.05>
               <dVehicle.06>2</dVehicle.06>
               <dVehicle.07>5</dVehicle.07>
               <dVehicle.08>6</dVehicle.08>
            </dVehicle.VehicleCertificationLevelsGroup>
            <dVehicle.VehicleCertificationLevelsGroup>
               <dVehicle.05>9917031</dVehicle.05>
               <dVehicle.06>3</dVehicle.06>
               <dVehicle.07>4</dVehicle.07>
               <dVehicle.08>8</dVehicle.08>
            </dVehicle.VehicleCertificationLevelsGroup>
            <dVehicle.VehicleCertificationLevelsGroup>
               <dVehicle.05>9917031</dVehicle.05>
               <dVehicle.06>10</dVehicle.06>
               <dVehicle.07>9</dVehicle.07>
               <dVehicle.08>11</dVehicle.08>
            </dVehicle.VehicleCertificationLevelsGroup>
            <dVehicle.09>4330425</dVehicle.09>
            <dVehicle.10>1974</dVehicle.10>
            <dVehicle.YearGroup>
               <dVehicle.11>2011</dVehicle.11>
               <dVehicle.12>265</dVehicle.12>
               <dVehicle.13 DistanceUnit="9929003">193.0</dVehicle.13>
            </dVehicle.YearGroup>
            <dVehicle.YearGroup>
               <dVehicle.11>2012</dVehicle.11>
               <dVehicle.12>3207</dVehicle.12>
               <dVehicle.13 DistanceUnit="9929003">125.0</dVehicle.13>
            </dVehicle.YearGroup>
            <dVehicle.YearGroup>
               <dVehicle.11>2013</dVehicle.11>
               <dVehicle.12>6415</dVehicle.12>
               <dVehicle.13 DistanceUnit="9929003">775.0</dVehicle.13>
            </dVehicle.YearGroup>
         </dVehicle.VehicleGroup>
      </dVehicle>
      <dPersonnel>
         <dPersonnel.PersonnelGroup>
            <dPersonnel.NameGroup>
               <dPersonnel.01>Swanson</dPersonnel.01>
               <dPersonnel.02>Nellie</dPersonnel.02>
               <dPersonnel.03>Alonso</dPersonnel.03>
            </dPersonnel.NameGroup>
            <dPersonnel.AddressGroup>
               <dPersonnel.04 StreetAddress2="g">P.O. Box 211, 1308 Diam. Rd.</dPersonnel.04>
               <dPersonnel.05>1428807</dPersonnel.05>
               <dPersonnel.06>49</dPersonnel.06>
               <dPersonnel.07>84315</dPersonnel.07>
               <dPersonnel.08>US</dPersonnel.08>
            </dPersonnel.AddressGroup>
            <dPersonnel.09 PhoneNumberType="9913009">760-754-2668</dPersonnel.09>
            <dPersonnel.09 PhoneNumberType="9913009">945-613-4750</dPersonnel.09>
            <dPersonnel.09 PhoneNumberType="9913009">729-843-3855</dPersonnel.09>
            <dPersonnel.10 EmailAddressType="9904003">upM44Yoi@7g9x.com</dPersonnel.10>
            <dPersonnel.10 EmailAddressType="9904003">DwOziRPM@DveI.com</dPersonnel.10>
            <dPersonnel.10 EmailAddressType="9904003">Q75zgMIb@stAC.com</dPersonnel.10>
            <dPersonnel.11>1956-10-08</dPersonnel.11>
            <dPersonnel.12>9906005</dPersonnel.12>
            <dPersonnel.13>1513011</dPersonnel.13>
            <dPersonnel.13>1513009</dPersonnel.13>
            <dPersonnel.13>1513007</dPersonnel.13>
            <dPersonnel.14>06</dPersonnel.14>
            <dPersonnel.15>1515031</dPersonnel.15>
            <dPersonnel.16>1516071</dPersonnel.16>
            <dPersonnel.16>1516069</dPersonnel.16>
            <dPersonnel.17>1517023</dPersonnel.17>
            <dPersonnel.17>1517021</dPersonnel.17>
            <dPersonnel.ImmunizationsGroup>
               <dPersonnel.18>9910051</dPersonnel.18>
               <dPersonnel.19>1956</dPersonnel.19>
            </dPersonnel.ImmunizationsGroup>
            <dPersonnel.ImmunizationsGroup>
               <dPersonnel.18>9910051</dPersonnel.18>
               <dPersonnel.19>1965</dPersonnel.19>
            </dPersonnel.ImmunizationsGroup>
            <dPersonnel.ImmunizationsGroup>
               <dPersonnel.18>9910051</dPersonnel.18>
               <dPersonnel.19>1985</dPersonnel.19>
            </dPersonnel.ImmunizationsGroup>
            <dPersonnel.20>yid</dPersonnel.20>
            <dPersonnel.20>vie</dPersonnel.20>
            <dPersonnel.20>ukr</dPersonnel.20>
            <dPersonnel.21>YH</dPersonnel.21>
            <dPersonnel.LicensureGroup>
               <dPersonnel.22>49</dPersonnel.22>
               <dPersonnel.23>Ti</dPersonnel.23>
               <dPersonnel.24>9925043</dPersonnel.24>
               <dPersonnel.25>2004-08-15</dPersonnel.25>
               <dPersonnel.26>1969-09-25</dPersonnel.26>
               <dPersonnel.27>1952-07-13</dPersonnel.27>
            </dPersonnel.LicensureGroup>
            <dPersonnel.LicensureGroup>
               <dPersonnel.22>49</dPersonnel.22>
               <dPersonnel.23>gO</dPersonnel.23>
               <dPersonnel.24>9925043</dPersonnel.24>
               <dPersonnel.25>2011-08-21</dPersonnel.25>
               <dPersonnel.26>2004-11-13</dPersonnel.26>
               <dPersonnel.27>2018-03-28</dPersonnel.27>
            </dPersonnel.LicensureGroup>
            <dPersonnel.28>T5163625</dPersonnel.28>
            <dPersonnel.29>1529015</dPersonnel.29>
            <dPersonnel.30>2007-01-30</dPersonnel.30>
            <dPersonnel.31>1531007</dPersonnel.31>
            <dPersonnel.32>2013-03-19</dPersonnel.32>
            <dPersonnel.33>2011-11-06</dPersonnel.33>
            <dPersonnel.34>1534017</dPersonnel.34>
            <dPersonnel.35>1534017</dPersonnel.35>
            <dPersonnel.35>1534015</dPersonnel.35>
            <dPersonnel.35>1534013</dPersonnel.35>
            <dPersonnel.36>31</dPersonnel.36>
            <dPersonnel.37>2013-03-02</dPersonnel.37>
            <dPersonnel.CertificationLevelGroup>
               <dPersonnel.38>9925043</dPersonnel.38>
               <dPersonnel.39>2011-02-05</dPersonnel.39>
            </dPersonnel.CertificationLevelGroup>
            <dPersonnel.CertificationLevelGroup>
               <dPersonnel.38>9925043</dPersonnel.38>
               <dPersonnel.39>2012-07-27</dPersonnel.39>
            </dPersonnel.CertificationLevelGroup>
            <dPersonnel.CertificationLevelGroup>
               <dPersonnel.38>9925043</dPersonnel.38>
               <dPersonnel.39>2013-10-31</dPersonnel.39>
            </dPersonnel.CertificationLevelGroup>
         </dPersonnel.PersonnelGroup>
         <dPersonnel.PersonnelGroup>
            <dPersonnel.NameGroup>
               <dPersonnel.01>Morton</dPersonnel.01>
               <dPersonnel.02>Theodore</dPersonnel.02>
               <dPersonnel.03>Aguilar</dPersonnel.03>
            </dPersonnel.NameGroup>
            <dPersonnel.AddressGroup>
               <dPersonnel.04 StreetAddress2="k">2641 Faucibus Avenue</dPersonnel.04>
               <dPersonnel.05>1445910</dPersonnel.05>
               <dPersonnel.06>49</dPersonnel.06>
               <dPersonnel.07>84403</dPersonnel.07>
               <dPersonnel.08>US</dPersonnel.08>
            </dPersonnel.AddressGroup>
            <dPersonnel.09 PhoneNumberType="9913009">330-276-1335</dPersonnel.09>
            <dPersonnel.09 PhoneNumberType="9913009">634-346-1318</dPersonnel.09>
            <dPersonnel.10 EmailAddressType="9904003">VcBm9m5x@LSX3.com</dPersonnel.10>
            <dPersonnel.10 EmailAddressType="9904003">pRbxkdq3@3UpK.com</dPersonnel.10>
            <dPersonnel.11>1993-06-19</dPersonnel.11>
            <dPersonnel.12>9906005</dPersonnel.12>
            <dPersonnel.13>1513011</dPersonnel.13>
            <dPersonnel.13>1513009</dPersonnel.13>
            <dPersonnel.13>1513007</dPersonnel.13>
            <dPersonnel.14>eu</dPersonnel.14>
            <dPersonnel.15>1515031</dPersonnel.15>
            <dPersonnel.16>1516071</dPersonnel.16>
            <dPersonnel.16>1516069</dPersonnel.16>
            <dPersonnel.17>1517023</dPersonnel.17>
            <dPersonnel.17>1517021</dPersonnel.17>
            <dPersonnel.17>1517019</dPersonnel.17>
            <dPersonnel.ImmunizationsGroup>
               <dPersonnel.18>9910051</dPersonnel.18>
               <dPersonnel.19>1999</dPersonnel.19>
            </dPersonnel.ImmunizationsGroup>
            <dPersonnel.ImmunizationsGroup>
               <dPersonnel.18>9910051</dPersonnel.18>
               <dPersonnel.19>1994</dPersonnel.19>
            </dPersonnel.ImmunizationsGroup>
            <dPersonnel.20>yid</dPersonnel.20>
            <dPersonnel.20>vie</dPersonnel.20>
            <dPersonnel.20>ukr</dPersonnel.20>
            <dPersonnel.21>XA</dPersonnel.21>
            <dPersonnel.LicensureGroup>
               <dPersonnel.22>49</dPersonnel.22>
               <dPersonnel.23>Eb</dPersonnel.23>
               <dPersonnel.24>9925043</dPersonnel.24>
               <dPersonnel.25>1992-08-24</dPersonnel.25>
               <dPersonnel.26>1969-09-22</dPersonnel.26>
               <dPersonnel.27>2002-03-11</dPersonnel.27>
            </dPersonnel.LicensureGroup>
            <dPersonnel.LicensureGroup>
               <dPersonnel.22>49</dPersonnel.22>
               <dPersonnel.23>MF</dPersonnel.23>
               <dPersonnel.24>9925043</dPersonnel.24>
               <dPersonnel.25>2011-12-18</dPersonnel.25>
               <dPersonnel.26>2011-11-29</dPersonnel.26>
               <dPersonnel.27>2018-07-20</dPersonnel.27>
            </dPersonnel.LicensureGroup>
            <dPersonnel.28>BC452310</dPersonnel.28>
            <dPersonnel.29>1529015</dPersonnel.29>
            <dPersonnel.30>1974-10-21</dPersonnel.30>
            <dPersonnel.31>1531007</dPersonnel.31>
            <dPersonnel.32>2013-06-20</dPersonnel.32>
            <dPersonnel.33>2011-06-16</dPersonnel.33>
            <dPersonnel.34>1534017</dPersonnel.34>
            <dPersonnel.35>1534017</dPersonnel.35>
            <dPersonnel.35>1534015</dPersonnel.35>
            <dPersonnel.36>18</dPersonnel.36>
            <dPersonnel.37>1997-10-03</dPersonnel.37>
            <dPersonnel.CertificationLevelGroup>
               <dPersonnel.38>9925043</dPersonnel.38>
               <dPersonnel.39>2013-10-06</dPersonnel.39>
            </dPersonnel.CertificationLevelGroup>
            <dPersonnel.CertificationLevelGroup>
               <dPersonnel.38>9925043</dPersonnel.38>
               <dPersonnel.39>2011-10-08</dPersonnel.39>
            </dPersonnel.CertificationLevelGroup>
            <dPersonnel.CertificationLevelGroup>
               <dPersonnel.38>9925043</dPersonnel.38>
               <dPersonnel.39>2012-10-23</dPersonnel.39>
            </dPersonnel.CertificationLevelGroup>
         </dPersonnel.PersonnelGroup>
      </dPersonnel>
      <dDevice>
         <dDevice.DeviceGroup>
            <dDevice.01>li</dDevice.01>
            <dDevice.02>Aq</dDevice.02>
            <dDevice.03>1603039</dDevice.03>
            <dDevice.03>1603037</dDevice.03>
            <dDevice.03>1603035</dDevice.03>
            <dDevice.04>5m</dDevice.04>
            <dDevice.05>ad</dDevice.05>
            <dDevice.06>2011-11-12</dDevice.06>
         </dDevice.DeviceGroup>
         <dDevice.DeviceGroup>
            <dDevice.01>VX</dDevice.01>
            <dDevice.02>Yl</dDevice.02>
            <dDevice.03>1603039</dDevice.03>
            <dDevice.03>1603037</dDevice.03>
            <dDevice.03>1603035</dDevice.03>
            <dDevice.04>Mq</dDevice.04>
            <dDevice.05>W8</dDevice.05>
            <dDevice.06>2011-04-03</dDevice.06>
         </dDevice.DeviceGroup>
      </dDevice>
      <dFacility>
         <dFacilityGroup>
            <dFacility.01>1701017</dFacility.01>
            <dFacility.FacilityGroup>
               <dFacility.02>Xn</dFacility.02>
               <dFacility.03>Cv</dFacility.03>
               <dFacility.04>9908035</dFacility.04>
               <dFacility.04>9908033</dFacility.04>
               <dFacility.05>FBm4kVYRfr</dFacility.05>
               <dFacility.05>KdoFeFeNGf</dFacility.05>
               <dFacility.06>t</dFacility.06>
               <dFacility.07 StreetAddress2="H">896-697 Non, Rd.</dFacility.07>
               <dFacility.08>1447113</dFacility.08>
               <dFacility.09>49</dFacility.09>
               <dFacility.10>84010</dFacility.10>
               <dFacility.11>49011</dFacility.11>
               <dFacility.12>US</dFacility.12>
               <dFacility.13>40.871662,-111.890486</dFacility.13>
               <dFacility.14>16RJR08127086</dFacility.14>
               <dFacility.15 PhoneNumberType="9913009">949-645-3147</dFacility.15>
               <dFacility.15 PhoneNumberType="9913009">985-673-4240</dFacility.15>
               <dFacility.15 PhoneNumberType="9913009">820-304-5176</dFacility.15>
            </dFacility.FacilityGroup>
            <dFacility.FacilityGroup>
               <dFacility.02>hl</dFacility.02>
               <dFacility.03>PY</dFacility.03>
               <dFacility.04>9908035</dFacility.04>
               <dFacility.04>9908033</dFacility.04>
               <dFacility.04>9908031</dFacility.04>
               <dFacility.05>Iq3A9WZAJO</dFacility.05>
               <dFacility.05>EGaZXq8egC</dFacility.05>
               <dFacility.06>d</dFacility.06>
               <dFacility.07 StreetAddress2="5">209-8537 Ridiculus Street</dFacility.07>
               <dFacility.08>1455872</dFacility.08>
               <dFacility.09>49</dFacility.09>
               <dFacility.10>84032</dFacility.10>
               <dFacility.11>49051</dFacility.11>
               <dFacility.12>US</dFacility.12>
               <dFacility.13>40.401780,-111.246300</dFacility.13>
               <dFacility.14>10RNU68314675</dFacility.14>
               <dFacility.15 PhoneNumberType="9913009">217-305-8156</dFacility.15>
               <dFacility.15 PhoneNumberType="9913009">752-330-3925</dFacility.15>
            </dFacility.FacilityGroup>
         </dFacilityGroup>
         <dFacilityGroup>
            <dFacility.01>1701017</dFacility.01>
            <dFacility.FacilityGroup>
               <dFacility.02>Ma</dFacility.02>
               <dFacility.03>sY</dFacility.03>
               <dFacility.04>9908035</dFacility.04>
               <dFacility.04>9908033</dFacility.04>
               <dFacility.04>9908031</dFacility.04>
               <dFacility.05>doR5gVDxJu</dFacility.05>
               <dFacility.05>x1gwDfYWoK</dFacility.05>
               <dFacility.06>Z</dFacility.06>
               <dFacility.07 StreetAddress2="M">Ap #384-7815 Ipsum. Ave</dFacility.07>
               <dFacility.08>1435494</dFacility.08>
               <dFacility.09>49</dFacility.09>
               <dFacility.10>84542</dFacility.10>
               <dFacility.11>49007</dFacility.11>
               <dFacility.12>US</dFacility.12>
               <dFacility.13>39.551983,-110.731494</dFacility.13>
               <dFacility.14>11SKV90425525</dFacility.14>
               <dFacility.15 PhoneNumberType="9913009">765-240-4378</dFacility.15>
               <dFacility.15 PhoneNumberType="9913009">607-585-8548</dFacility.15>
            </dFacility.FacilityGroup>
            <dFacility.FacilityGroup>
               <dFacility.02>c5</dFacility.02>
               <dFacility.03>jQ</dFacility.03>
               <dFacility.04>9908035</dFacility.04>
               <dFacility.04>9908033</dFacility.04>
               <dFacility.05>A5DZgT72Uo</dFacility.05>
               <dFacility.05>Y9ica37frl</dFacility.05>
               <dFacility.06>c</dFacility.06>
               <dFacility.07 StreetAddress2="O">7553 Cursus Avenue</dFacility.07>
               <dFacility.08>1437555</dFacility.08>
               <dFacility.09>49</dFacility.09>
               <dFacility.10>84074</dFacility.10>
               <dFacility.11>49045</dFacility.11>
               <dFacility.12>US</dFacility.12>
               <dFacility.13>40.571280,-112.318620</dFacility.13>
               <dFacility.14>14SJG75848786</dFacility.14>
               <dFacility.15 PhoneNumberType="9913009">948-826-8511</dFacility.15>
               <dFacility.15 PhoneNumberType="9913009">568-842-8467</dFacility.15>
               <dFacility.15 PhoneNumberType="9913009">529-314-1514</dFacility.15>
            </dFacility.FacilityGroup>
            <dFacility.FacilityGroup>
               <dFacility.02>Eh</dFacility.02>
               <dFacility.03>zn</dFacility.03>
               <dFacility.04>9908035</dFacility.04>
               <dFacility.04>9908033</dFacility.04>
               <dFacility.05>xzQ4cI3NTh</dFacility.05>
               <dFacility.05>pDMxQl64qO</dFacility.05>
               <dFacility.06>2</dFacility.06>
               <dFacility.07 StreetAddress2="2">292-5470 Pede. Rd.</dFacility.07>
               <dFacility.08>1443136</dFacility.08>
               <dFacility.09>49</dFacility.09>
               <dFacility.10>84642</dFacility.10>
               <dFacility.11>49039</dFacility.11>
               <dFacility.12>US</dFacility.12>
               <dFacility.13>39.266611,-111.638160</dFacility.13>
               <dFacility.14>18TYM97675597</dFacility.14>
               <dFacility.15 PhoneNumberType="9913009">488-352-8840</dFacility.15>
               <dFacility.15 PhoneNumberType="9913009">792-348-5598</dFacility.15>
            </dFacility.FacilityGroup>
         </dFacilityGroup>
         <dFacilityGroup>
            <dFacility.01>1701017</dFacility.01>
            <dFacility.FacilityGroup>
               <dFacility.02>dX</dFacility.02>
               <dFacility.03>qz</dFacility.03>
               <dFacility.04>9908035</dFacility.04>
               <dFacility.04>9908033</dFacility.04>
               <dFacility.04>9908031</dFacility.04>
               <dFacility.05>vM7jBa4LW7</dFacility.05>
               <dFacility.05>hQDJvnYqIF</dFacility.05>
               <dFacility.05>Qipt5oINmf</dFacility.05>
               <dFacility.06>Y</dFacility.06>
               <dFacility.07 StreetAddress2="l">P.O. Box 316, 4740 Vel Ave</dFacility.07>
               <dFacility.08>1435383</dFacility.08>
               <dFacility.09>49</dFacility.09>
               <dFacility.10>84047</dFacility.10>
               <dFacility.11>49035</dFacility.11>
               <dFacility.12>US</dFacility.12>
               <dFacility.13>40.616513,-111.879899</dFacility.13>
               <dFacility.14>16RLG55338414</dFacility.14>
               <dFacility.15 PhoneNumberType="9913009">701-436-4285</dFacility.15>
               <dFacility.15 PhoneNumberType="9913009">355-921-2421</dFacility.15>
               <dFacility.15 PhoneNumberType="9913009">776-988-9483</dFacility.15>
            </dFacility.FacilityGroup>
            <dFacility.FacilityGroup>
               <dFacility.02>6v</dFacility.02>
               <dFacility.03>Gd</dFacility.03>
               <dFacility.04>9908035</dFacility.04>
               <dFacility.04>9908033</dFacility.04>
               <dFacility.04>9908031</dFacility.04>
               <dFacility.05>Ub7qbdu8eH</dFacility.05>
               <dFacility.05>JPsqkcCGiJ</dFacility.05>
               <dFacility.05>3kPn5FNOYG</dFacility.05>
               <dFacility.06>v</dFacility.06>
               <dFacility.07 StreetAddress2="c">138-4403 Eu St.</dFacility.07>
               <dFacility.08>1452479</dFacility.08>
               <dFacility.09>49</dFacility.09>
               <dFacility.10>84022</dFacility.10>
               <dFacility.11>49045</dFacility.11>
               <dFacility.12>US</dFacility.12>
               <dFacility.13>40.288140,-112.817460</dFacility.13>
               <dFacility.14>15SKN83279536</dFacility.14>
               <dFacility.15 PhoneNumberType="9913009">965-664-3770</dFacility.15>
               <dFacility.15 PhoneNumberType="9913009">638-764-5766</dFacility.15>
            </dFacility.FacilityGroup>
         </dFacilityGroup>
      </dFacility>
      <dCustomResults>
         <dCustomResults.ResultsGroup>
            <dCustomResults.01>cpp101</dCustomResults.01>
            <dCustomResults.02>c.dConfiguration.10</dCustomResults.02>
         </dCustomResults.ResultsGroup>
      </dCustomResults>
   </DemographicReport>
</DEMDataSet>
