<?xml version="1.0" encoding="UTF-8" standalone="yes"?>
<svrl:schematron-output xmlns:svrl="http://purl.oclc.org/dsdl/svrl"
                        xmlns:xs="http://www.w3.org/2001/XMLSchema"
                        xmlns:xsd="http://www.w3.org/2001/XMLSchema"
                        xmlns:saxon="http://saxon.sf.net/"
                        xmlns:schold="http://www.ascc.net/xml/schematron"
                        xmlns:iso="http://purl.oclc.org/dsdl/schematron"
                        xmlns:xhtml="http://www.w3.org/1999/xhtml"
                        xmlns:nem="http://www.nemsis.org"
                        xmlns:xsi="http://www.w3.org/2001/XMLSchema-instance"
                        title="NEMSIS National ISO Schematron file for DEMDataSet"
                        schemaVersion="3.4.0.160713CP2"><!--   
		   
		   
		 -->
   <svrl:ns-prefix-in-attribute-values uri="http://www.nemsis.org" prefix="nem"/>
   <svrl:ns-prefix-in-attribute-values uri="http://www.w3.org/2001/XMLSchema-instance" prefix="xsi"/>
   <svrl:active-pattern document="DEMDataSet-681.xml"
                        id="nemSch_consistency_dAgency.13"
                        name="Fire Department ID Number is recorded when Organizational Type is &#34;Fire Department&#34; and is not recorded when Organizational Type is not &#34;Fire Department&#34;."/>
   <svrl:fired-rule context="nem:dAgency.13" id="nemSch_consistency_dAgency.13_dAgency.26"/>
   <svrl:failed-assert test=". != '9912001' or ../nem:dAgency.26 != ''"
                       id="nemSch_consistency_dAgency.13_dAgency.26_fire"
                       role="[WARNING]"
                       location="/*:DEMDataSet[namespace-uri()='http://www.nemsis.org'][1]/*:DemographicReport[namespace-uri()='http://www.nemsis.org'][1]/*:dAgency[namespace-uri()='http://www.nemsis.org'][1]/*:dAgency.13[namespace-uri()='http://www.nemsis.org'][1]">
      <svrl:text>
      When Organizational Type is "Fire Department", Fire Department ID Number should be recorded.
    </svrl:text>
      <svrl:diagnostic-reference diagnostic="nemsisDiagnostic">
         <nemsisDiagnostic xmlns="http://www.nemsis.org" xmlns:sch="http://purl.oclc.org/dsdl/schematron">
            <record>
               <dAgency.01>0</dAgency.01>
               <dAgency.02>A</dAgency.02>
               <dAgency.04>49</dAgency.04>
            </record>
            <elements>
               <element location="/*:DEMDataSet[namespace-uri()='http://www.nemsis.org'][1]/*:DemographicReport[namespace-uri()='http://www.nemsis.org'][1]/*:dAgency[namespace-uri()='http://www.nemsis.org'][1]/*:dAgency.13[namespace-uri()='http://www.nemsis.org'][1]">9912001</element>
               <element location="/*:DEMDataSet[namespace-uri()='http://www.nemsis.org'][1]/*:DemographicReport[namespace-uri()='http://www.nemsis.org'][1]/*:dAgency[namespace-uri()='http://www.nemsis.org'][1]/*:dAgency.26[namespace-uri()='http://www.nemsis.org'][1]"
                        xsi:nil="true"
                        NV="7701001"/>
            </elements>
            <elementsMissing/>
         </nemsisDiagnostic>
      </svrl:diagnostic-reference>
   </svrl:failed-assert>
   <svrl:active-pattern document="DEMDataSet-681.xml"
                        id="nemSch_consistency_dAgency.ServiceGroup"
                        name="EMS Agency Service Area County belongs to the EMS Agency Service Area State with which it is grouped and EMS Agency Service Area Census Tract belongs to an EMS Agency Service Area County and the EMS Agency Service Area State with which it is grouped."/>
   <svrl:fired-rule context="nem:dAgency.06"
                    id="nemSch_consistency_dAgency.ServiceGroup_dAgency.06"/>
   <svrl:fired-rule context="nem:dAgency.07[. != '']"
                    id="nemSch_consistency_dAgency.ServiceGroup_dAgency.07"/>
   <svrl:fired-rule context="nem:dAgency.07[. != '']"
                    id="nemSch_consistency_dAgency.ServiceGroup_dAgency.07"/>
   <svrl:fired-rule context="nem:dAgency.06"
                    id="nemSch_consistency_dAgency.ServiceGroup_dAgency.06"/>
   <svrl:fired-rule context="nem:dAgency.07[. != '']"
                    id="nemSch_consistency_dAgency.ServiceGroup_dAgency.07"/>
   <svrl:fired-rule context="nem:dAgency.06"
                    id="nemSch_consistency_dAgency.ServiceGroup_dAgency.06"/>
   <svrl:fired-rule context="nem:dAgency.07[. != '']"
                    id="nemSch_consistency_dAgency.ServiceGroup_dAgency.07"/>
   <svrl:fired-rule context="nem:dAgency.07[. != '']"
                    id="nemSch_consistency_dAgency.ServiceGroup_dAgency.07"/>
   <svrl:active-pattern document="DEMDataSet-681.xml"
                        id="nemSch_consistency_nilNvPn"
                        name="The combination of nil, Not Value (NV), and Pertinent Negative (PN) attributes for an element is appropriate."/>
   <svrl:fired-rule context="*[@xsi:nil = 'true']" id="nemSch_nilNvPn_nil"/>
   <svrl:fired-rule context="nem:dCustomResults.01 | nem:eCustomResults.01"
                    id="nemSch_nilNvPn_customResults"/>
   <svrl:active-pattern document="DEMDataSet-681.xml"
                        id="nemSch_sequence_dAgency.AgencyYearGroup"
                        name="Statistical Calendar Year is in the past."/>
   <svrl:active-pattern document="DEMDataSet-681.xml"
                        id="nemSch_uniqueness_DEMDataSet"
                        name="Certain recurring demographic data elements are unique within a list."/>
   <svrl:active-pattern document="DEMDataSet-681.xml"
                        id="nemSch_uniqueness_NvPn"
                        name="When a Not Value or Pertinent Negative is recorded for a recurring element, it is the only value recorded."/>
   <svrl:fired-rule context="nem:dCustomResults.01 | nem:eCustomResults.01"
                    id="nemSch_uniqueness_NvPn_customResults"/>
</svrl:schematron-output>
