
<MedDeviceDataSet xmlns:xsi="http://www.w3.org/2001/XMLSchema-instance" xsi:schemaLocation="http://www.nemsis.org http://nemsis.org/media/nemsis_v3/release-3.4.0/XSDs/NEMSIS_XSDs/MedDeviceDataSet_v3.xsd" xmlns="http://www.nemsis.org">
    <eMedDevice>
        <eMedDevice.10>tgp</eMedDevice.10>
        <eMedDevice.PatientNameGroup>
            <eMedDevice.11>S</eMedDevice.11>
            <eMedDevice.12>u</eMedDevice.12>
            <eMedDevice.13>p</eMedDevice.13>
            <eMedDevice.14>9906005</eMedDevice.14>
            <eMedDevice.15>2514011</eMedDevice.15></eMedDevice.PatientNameGroup>
        <eMedDevice.PatientAgeGroup>
            <eMedDevice.16>31</eMedDevice.16>
            <eMedDevice.17>2516009</eMedDevice.17></eMedDevice.PatientAgeGroup>
        <eMedDevice.VitalsGroup>
            <eMedDevice.19>2015-03-03T13:30:27+07:00</eMedDevice.19>
            <eMedDevice.BloodPressureGroup>
                <eMedDevice.23>367</eMedDevice.23>
                <eMedDevice.24>P</eMedDevice.24>
                <eMedDevice.25>3308011</eMedDevice.25>
                <eMedDevice.26>429</eMedDevice.26></eMedDevice.BloodPressureGroup>
            <eMedDevice.HeartRateGroup>
                <eMedDevice.27>484</eMedDevice.27>
                <eMedDevice.28>3311011</eMedDevice.28></eMedDevice.HeartRateGroup>
            <eMedDevice.29>86</eMedDevice.29>
            <eMedDevice.30>257</eMedDevice.30>
            <eMedDevice.31>23</eMedDevice.31>
            <eMedDevice.32>85.0</eMedDevice.32>
            <eMedDevice.33>1588</eMedDevice.33>
            <eMedDevice.BodyTemperatureGroup>
                <eMedDevice.34>34.0</eMedDevice.34>
                <eMedDevice.35>3325017</eMedDevice.35></eMedDevice.BodyTemperatureGroup></eMedDevice.VitalsGroup>
        <eMedDevice.LabsGroup>
            <eMedDevice.36>2015-03-03T13:30:27+07:00</eMedDevice.36>
            <eMedDevice.LabResultGroup>
                <eMedDevice.37>3403113</eMedDevice.37>
                <eMedDevice.38>1</eMedDevice.38></eMedDevice.LabResultGroup>
            <eMedDevice.LabImageGroup>
                <eMedDevice.39>3405013</eMedDevice.39>
                <eMedDevice.40>7dH</eMedDevice.40>
                <eMedDevice.WaveFormGraphicGroup>
                    <eMedDevice.41>w</eMedDevice.41>
                    <eMedDevice.42>ZjBiRUZWeGxwa2pkc01DYW5tWmR1bDk5bkdYaXdqRnJPa1V3WlNhc1VHdE82dkhwcEw=</eMedDevice.42></eMedDevice.WaveFormGraphicGroup></eMedDevice.LabImageGroup></eMedDevice.LabsGroup>
        <eMedDevice.DeviceGroup>
            <eMedDevice.43>Gu</eMedDevice.43>
            <eMedDevice.44>2015-03-03T13:30:27+07:00</eMedDevice.44>
            <eMedDevice.45>4103049</eMedDevice.45>
            <eMedDevice.WaveGroup>
                <eMedDevice.46>S</eMedDevice.46>
                <eMedDevice.47>algzNUticlJUSWFEN3Y4M3hRWnE4RnNYTmlDTW81ZERYN3E4ZDF1SVdSWUFuc0s5aUs=</eMedDevice.47>
                <eMedDevice.48>4106013</eMedDevice.48></eMedDevice.WaveGroup>
            <eMedDevice.49>4107041</eMedDevice.49>
            <eMedDevice.50>H</eMedDevice.50>
            <eMedDevice.ShockGroup>
                <eMedDevice.51>4109003</eMedDevice.51>
                <eMedDevice.52>6719.0</eMedDevice.52>
                <eMedDevice.53>31</eMedDevice.53>
                <eMedDevice.54>48</eMedDevice.54></eMedDevice.ShockGroup></eMedDevice.DeviceGroup></eMedDevice></MedDeviceDataSet>