
<MedDeviceDataSet xmlns:xsi="http://www.w3.org/2001/XMLSchema-instance" xsi:schemaLocation="http://www.nemsis.org http://nemsis.org/media/XSD_v3/_nemsis_v3.4.0/3.4.0.150302/XSDs/NEMSIS_XSDs_v3.4.0.150302/MedDeviceDataSet_v3.xsd" xmlns="http://www.nemsis.org">
    <eMedDevice>
        <eMedDevice.10>9yu</eMedDevice.10>
        <eMedDevice.PatientNameGroup>
            <eMedDevice.11>s</eMedDevice.11>
            <eMedDevice.12>L</eMedDevice.12>
            <eMedDevice.13>m</eMedDevice.13>
            <eMedDevice.14>9906005</eMedDevice.14>
            <eMedDevice.15>2514011</eMedDevice.15>
            <eMedDevice.15>2514009</eMedDevice.15>
            <eMedDevice.15>2514007</eMedDevice.15></eMedDevice.PatientNameGroup>
        <eMedDevice.PatientAgeGroup>
            <eMedDevice.16>50</eMedDevice.16>
            <eMedDevice.17>2516009</eMedDevice.17></eMedDevice.PatientAgeGroup>
        <eMedDevice.VitalsGroup>
            <eMedDevice.19>2015-03-03T13:30:28+07:00</eMedDevice.19>
            <eMedDevice.BloodPressureGroup>
                <eMedDevice.23>361</eMedDevice.23>
                <eMedDevice.24>218</eMedDevice.24>
                <eMedDevice.25>3308011</eMedDevice.25>
                <eMedDevice.26>399</eMedDevice.26></eMedDevice.BloodPressureGroup>
            <eMedDevice.HeartRateGroup>
                <eMedDevice.27>376</eMedDevice.27>
                <eMedDevice.28>3311011</eMedDevice.28></eMedDevice.HeartRateGroup>
            <eMedDevice.29>56</eMedDevice.29>
            <eMedDevice.30>269</eMedDevice.30>
            <eMedDevice.31>189</eMedDevice.31>
            <eMedDevice.32>70.0</eMedDevice.32>
            <eMedDevice.33>289</eMedDevice.33>
            <eMedDevice.BodyTemperatureGroup>
                <eMedDevice.34>19.0</eMedDevice.34>
                <eMedDevice.35>3325017</eMedDevice.35></eMedDevice.BodyTemperatureGroup></eMedDevice.VitalsGroup>
        <eMedDevice.VitalsGroup>
            <eMedDevice.19>2015-03-03T13:30:28+07:00</eMedDevice.19>
            <eMedDevice.BloodPressureGroup>
                <eMedDevice.23>219</eMedDevice.23>
                <eMedDevice.24>28</eMedDevice.24>
                <eMedDevice.25>3308011</eMedDevice.25>
                <eMedDevice.26>195</eMedDevice.26></eMedDevice.BloodPressureGroup>
            <eMedDevice.HeartRateGroup>
                <eMedDevice.27>330</eMedDevice.27>
                <eMedDevice.28>3311011</eMedDevice.28></eMedDevice.HeartRateGroup>
            <eMedDevice.29>4</eMedDevice.29>
            <eMedDevice.30>25</eMedDevice.30>
            <eMedDevice.31>49</eMedDevice.31>
            <eMedDevice.32>76.0</eMedDevice.32>
            <eMedDevice.33>1484</eMedDevice.33>
            <eMedDevice.BodyTemperatureGroup>
                <eMedDevice.34>25.0</eMedDevice.34>
                <eMedDevice.35>3325017</eMedDevice.35></eMedDevice.BodyTemperatureGroup></eMedDevice.VitalsGroup>
        <eMedDevice.LabsGroup>
            <eMedDevice.36>2015-03-03T13:30:28+07:00</eMedDevice.36>
            <eMedDevice.LabResultGroup>
                <eMedDevice.37>3403113</eMedDevice.37>
                <eMedDevice.38>a</eMedDevice.38></eMedDevice.LabResultGroup>
            <eMedDevice.LabResultGroup>
                <eMedDevice.37>3403113</eMedDevice.37>
                <eMedDevice.38>J</eMedDevice.38></eMedDevice.LabResultGroup>
            <eMedDevice.LabImageGroup>
                <eMedDevice.39>3405013</eMedDevice.39>
                <eMedDevice.40>u1k</eMedDevice.40>
                <eMedDevice.WaveFormGraphicGroup>
                    <eMedDevice.41>7</eMedDevice.41>
                    <eMedDevice.42>d3NMSHlNZnNrQjFqM05pbWM2dHBBZnN0QzNpYmIwbThTWlJaRkNSUVB2VVE5RFFKTkU=</eMedDevice.42></eMedDevice.WaveFormGraphicGroup>
                <eMedDevice.WaveFormGraphicGroup>
                    <eMedDevice.41>6</eMedDevice.41>
                    <eMedDevice.42>M0ViaDlZZW4zU05jZjlyUnVxaEtTUUpXaHZVU1J6RElIWHZjaGJVUWdxV1d6OGowV0I=</eMedDevice.42></eMedDevice.WaveFormGraphicGroup></eMedDevice.LabImageGroup>
            <eMedDevice.LabImageGroup>
                <eMedDevice.39>3405013</eMedDevice.39>
                <eMedDevice.40>ty0</eMedDevice.40>
                <eMedDevice.WaveFormGraphicGroup>
                    <eMedDevice.41>j</eMedDevice.41>
                    <eMedDevice.42>bTNTN2pRdlhCUWE4VU52Yzh5blFRYlJONzgzc1h5YW5ENnpuaW1yZzlSRjRDMGFEOXM=</eMedDevice.42></eMedDevice.WaveFormGraphicGroup>
                <eMedDevice.WaveFormGraphicGroup>
                    <eMedDevice.41>T</eMedDevice.41>
                    <eMedDevice.42>OXBnd0s5TlRVUUp1cjcxSnVDQ0JEeXFndGptcDhsMGxBYWNPQTlCSVN6ZGdQWElJcVU=</eMedDevice.42></eMedDevice.WaveFormGraphicGroup>
                <eMedDevice.WaveFormGraphicGroup>
                    <eMedDevice.41>J</eMedDevice.41>
                    <eMedDevice.42>ak1JMkttOFM2SkJHcXVPdmVtYk8xemgzR2xORWl2bW8zZWY2VUh2UW5EQ0diRWhaSlQ=</eMedDevice.42></eMedDevice.WaveFormGraphicGroup></eMedDevice.LabImageGroup>
            <eMedDevice.LabImageGroup>
                <eMedDevice.39>3405013</eMedDevice.39>
                <eMedDevice.40>sWo</eMedDevice.40>
                <eMedDevice.WaveFormGraphicGroup>
                    <eMedDevice.41>m</eMedDevice.41>
                    <eMedDevice.42>M3ZFNzJwZ3NORnR6dFE5ek5BVEQ4bjhPSHl3eEtFd0RCZkJvWnpwdkdPUDI3TW5Eajk=</eMedDevice.42></eMedDevice.WaveFormGraphicGroup>
                <eMedDevice.WaveFormGraphicGroup>
                    <eMedDevice.41>Z</eMedDevice.41>
                    <eMedDevice.42>NGNtYkxxRkNodURnWEhTdElIT1l0aFZwc2lzUHFtejJ6MWRXS0pINjJkYTlQd3hoYnY=</eMedDevice.42></eMedDevice.WaveFormGraphicGroup></eMedDevice.LabImageGroup></eMedDevice.LabsGroup>
        <eMedDevice.LabsGroup>
            <eMedDevice.36>2015-03-03T13:30:28+07:00</eMedDevice.36>
            <eMedDevice.LabResultGroup>
                <eMedDevice.37>3403113</eMedDevice.37>
                <eMedDevice.38>W</eMedDevice.38></eMedDevice.LabResultGroup>
            <eMedDevice.LabResultGroup>
                <eMedDevice.37>3403113</eMedDevice.37>
                <eMedDevice.38>2</eMedDevice.38></eMedDevice.LabResultGroup>
            <eMedDevice.LabResultGroup>
                <eMedDevice.37>3403113</eMedDevice.37>
                <eMedDevice.38>6</eMedDevice.38></eMedDevice.LabResultGroup>
            <eMedDevice.LabImageGroup>
                <eMedDevice.39>3405013</eMedDevice.39>
                <eMedDevice.40>ckc</eMedDevice.40>
                <eMedDevice.WaveFormGraphicGroup>
                    <eMedDevice.41>M</eMedDevice.41>
                    <eMedDevice.42>TVFhdDdNMzdlemd6cERLRHVscHM0aDJwVjh2S2tsRkN1ekJDME1VZnQya1gxMFkwcFk=</eMedDevice.42></eMedDevice.WaveFormGraphicGroup>
                <eMedDevice.WaveFormGraphicGroup>
                    <eMedDevice.41>i</eMedDevice.41>
                    <eMedDevice.42>b2t2SmNPZE9wazFMV3hQNVIySXdDeE5XNEZYWXpMRU9ONjFTS1l5b3pvaWRRQmYxM2c=</eMedDevice.42></eMedDevice.WaveFormGraphicGroup></eMedDevice.LabImageGroup>
            <eMedDevice.LabImageGroup>
                <eMedDevice.39>3405013</eMedDevice.39>
                <eMedDevice.40>xHB</eMedDevice.40>
                <eMedDevice.WaveFormGraphicGroup>
                    <eMedDevice.41>I</eMedDevice.41>
                    <eMedDevice.42>RW5adXZvRWo1UG1yUHZzRFJyRldTdUhFVGVQbVd5WFl5NUlkTW5tRFFhQWx5Q2NmcUo=</eMedDevice.42></eMedDevice.WaveFormGraphicGroup>
                <eMedDevice.WaveFormGraphicGroup>
                    <eMedDevice.41>H</eMedDevice.41>
                    <eMedDevice.42>eWRpM1h3RFhkTnlRNTQ2a0VJaTNPd3RTekJESjNHVmNwbGpuRWtiV1FvZGxzODVKcWw=</eMedDevice.42></eMedDevice.WaveFormGraphicGroup>
                <eMedDevice.WaveFormGraphicGroup>
                    <eMedDevice.41>X</eMedDevice.41>
                    <eMedDevice.42>TVBoakRQMjVxNDVqWDFOY21WSEFoNWZRRFhmQVVoc2FXWHNsNGU2ZlJPUVlZdUk2bFI=</eMedDevice.42></eMedDevice.WaveFormGraphicGroup></eMedDevice.LabImageGroup>
            <eMedDevice.LabImageGroup>
                <eMedDevice.39>3405013</eMedDevice.39>
                <eMedDevice.40>QOq</eMedDevice.40>
                <eMedDevice.WaveFormGraphicGroup>
                    <eMedDevice.41>8</eMedDevice.41>
                    <eMedDevice.42>bEZsanFCTzFzUm5ib2w5YmhRVnFKRFFQTG40dkN6ZjVmNFU4cWV1WENOVGRuUkFLa1Q=</eMedDevice.42></eMedDevice.WaveFormGraphicGroup>
                <eMedDevice.WaveFormGraphicGroup>
                    <eMedDevice.41>q</eMedDevice.41>
                    <eMedDevice.42>cTFNQ3oxUFVFTVlkbmJWQ2lralo4QWVQUUxIYnF2eTVGNkJheXNDamE0b0hYcGZGRm8=</eMedDevice.42></eMedDevice.WaveFormGraphicGroup></eMedDevice.LabImageGroup></eMedDevice.LabsGroup>
        <eMedDevice.DeviceGroup>
            <eMedDevice.43>F2</eMedDevice.43>
            <eMedDevice.44>2015-03-03T13:30:28+07:00</eMedDevice.44>
            <eMedDevice.45>4103049</eMedDevice.45>
            <eMedDevice.45>4103047</eMedDevice.45>
            <eMedDevice.WaveGroup>
                <eMedDevice.46>A</eMedDevice.46>
                <eMedDevice.47>RmliRGNlYmc2SnJXMEhwbzNTVGJ5bGQwZXRVT2RXRnhxdzVtdG41NWE1SzRhbVczQTc=</eMedDevice.47>
                <eMedDevice.48>4106013</eMedDevice.48></eMedDevice.WaveGroup>
            <eMedDevice.49>4107041</eMedDevice.49>
            <eMedDevice.49>4107039</eMedDevice.49>
            <eMedDevice.49>4107037</eMedDevice.49>
            <eMedDevice.50>v</eMedDevice.50>
            <eMedDevice.ShockGroup>
                <eMedDevice.51>4109003</eMedDevice.51>
                <eMedDevice.52>1150.0</eMedDevice.52>
                <eMedDevice.53>53</eMedDevice.53>
                <eMedDevice.54>962</eMedDevice.54></eMedDevice.ShockGroup></eMedDevice.DeviceGroup>
        <eMedDevice.DeviceGroup>
            <eMedDevice.43>1w</eMedDevice.43>
            <eMedDevice.44>2015-03-03T13:30:28+07:00</eMedDevice.44>
            <eMedDevice.45>4103049</eMedDevice.45>
            <eMedDevice.45>4103047</eMedDevice.45>
            <eMedDevice.45>4103045</eMedDevice.45>
            <eMedDevice.WaveGroup>
                <eMedDevice.46>g</eMedDevice.46>
                <eMedDevice.47>UWwzT212ZmJJcUtjbml3UFBsSk1lWlZoalFWT1RnTjM2NEFReHFMRlNiVGxOUUxYUHU=</eMedDevice.47>
                <eMedDevice.48>4106013</eMedDevice.48></eMedDevice.WaveGroup>
            <eMedDevice.49>4107041</eMedDevice.49>
            <eMedDevice.49>4107039</eMedDevice.49>
            <eMedDevice.49>4107037</eMedDevice.49>
            <eMedDevice.50>D</eMedDevice.50>
            <eMedDevice.ShockGroup>
                <eMedDevice.51>4109003</eMedDevice.51>
                <eMedDevice.52>376.0</eMedDevice.52>
                <eMedDevice.53>34</eMedDevice.53>
                <eMedDevice.54>430</eMedDevice.54></eMedDevice.ShockGroup></eMedDevice.DeviceGroup></eMedDevice></MedDeviceDataSet>