
<MedDeviceDataSet xmlns:xsi="http://www.w3.org/2001/XMLSchema-instance" xsi:schemaLocation="http://www.nemsis.org http://nemsis.org/media/nemsis_v3/release-3.3.4/XSDs/NEMSIS_XSDs/MEDDeviceDataSet_v3.xsd" xmlns="http://www.nemsis.org">
    <eMedDevice>
        <eMedDevice.01>t</eMedDevice.01>
        <eMedDevice.02>x</eMedDevice.02>
        <eMedDevice.03>8I</eMedDevice.03>
        <eMedDevice.04>49</eMedDevice.04>
        <eMedDevice.05>PX</eMedDevice.05>
        <eMedDevice.06>pB</eMedDevice.06>
        <eMedDevice.07>1603007</eMedDevice.07>
        <eMedDevice.08>sH</eMedDevice.08>
        <eMedDevice.09>c5</eMedDevice.09>
        <eMedDevice.10>TZK</eMedDevice.10>
        <eMedDevice.PatientNameGroup>
            <eMedDevice.11>I</eMedDevice.11>
            <eMedDevice.12>E</eMedDevice.12>
            <eMedDevice.13>G</eMedDevice.13>
            <eMedDevice.14>9906003</eMedDevice.14>
            <eMedDevice.15>2514009</eMedDevice.15></eMedDevice.PatientNameGroup>
        <eMedDevice.PatientAgeGroup>
            <eMedDevice.16>60</eMedDevice.16>
            <eMedDevice.17>2516007</eMedDevice.17></eMedDevice.PatientAgeGroup>
        <eMedDevice.18>1988-10-02</eMedDevice.18>
        <eMedDevice.VitalsGroup>
            <eMedDevice.19>2014-04-01T12:29:27+07:00</eMedDevice.19>
            <eMedDevice.CardiacRhythmGroup>
                <eMedDevice.20>9901021</eMedDevice.20>
                <eMedDevice.21>3304015</eMedDevice.21>
                <eMedDevice.22>3305005</eMedDevice.22></eMedDevice.CardiacRhythmGroup>
            <eMedDevice.BloodPressureGroup>
                <eMedDevice.23>290</eMedDevice.23>
                <eMedDevice.24>p</eMedDevice.24>
                <eMedDevice.25>3308003</eMedDevice.25>
                <eMedDevice.26>384</eMedDevice.26></eMedDevice.BloodPressureGroup>
            <eMedDevice.HeartRateGroup>
                <eMedDevice.27>410</eMedDevice.27>
                <eMedDevice.28>3311011</eMedDevice.28></eMedDevice.HeartRateGroup>
            <eMedDevice.29>53</eMedDevice.29>
            <eMedDevice.30>82</eMedDevice.30>
            <eMedDevice.31>58</eMedDevice.31>
            <eMedDevice.32>72</eMedDevice.32>
            <eMedDevice.33>1919</eMedDevice.33>
            <eMedDevice.BodyTemperatureGroup>
                <eMedDevice.34>2.0</eMedDevice.34>
                <eMedDevice.35>3325017</eMedDevice.35></eMedDevice.BodyTemperatureGroup></eMedDevice.VitalsGroup>
        <eMedDevice.LabsGroup>
            <eMedDevice.36>2014-04-01T12:29:27+07:00</eMedDevice.36>
            <eMedDevice.LabResultGroup>
                <eMedDevice.37>3403113</eMedDevice.37>
                <eMedDevice.38>H</eMedDevice.38></eMedDevice.LabResultGroup>
            <eMedDevice.LabImageGroup>
                <eMedDevice.39>3405005</eMedDevice.39>
                <eMedDevice.40>nSJ</eMedDevice.40>
                <eMedDevice.WaveFormGraphicGroup>
                    <eMedDevice.41>t</eMedDevice.41>
                    <eMedDevice.42>T05uQXVOSXJYSTZaWjQwaTczeHY0dm1Vcm5VbllHWXRhMkZ1YTI3amZJNGtkb2pxbno=</eMedDevice.42></eMedDevice.WaveFormGraphicGroup></eMedDevice.LabImageGroup></eMedDevice.LabsGroup>
        <eMedDevice.DeviceGroup>
            <eMedDevice.43>M7</eMedDevice.43>
            <eMedDevice.44>2014-04-01T12:29:27+07:00</eMedDevice.44>
            <eMedDevice.45>4103047</eMedDevice.45>
            <eMedDevice.WaveGroup>
                <eMedDevice.46>1</eMedDevice.46>
                <eMedDevice.47>QndRVGNYUlhWdXdiMVQ2NHA2YUFJbVg0VXJrWEVvU1lSVU52bXBlczdmZEZUQXUyYU4=</eMedDevice.47>
                <eMedDevice.48>4106009</eMedDevice.48></eMedDevice.WaveGroup>
            <eMedDevice.49>4107001</eMedDevice.49>
            <eMedDevice.50>B</eMedDevice.50>
            <eMedDevice.ShockGroup>
                <eMedDevice.51>4109001</eMedDevice.51>
                <eMedDevice.52>55.0</eMedDevice.52>
                <eMedDevice.53>9</eMedDevice.53>
                <eMedDevice.54>234</eMedDevice.54></eMedDevice.ShockGroup></eMedDevice.DeviceGroup></eMedDevice></MedDeviceDataSet>