
<MedDeviceDataSet xmlns:xsi="http://www.w3.org/2001/XMLSchema-instance" xsi:schemaLocation="http://www.nemsis.org http://nemsis.org/media/XSD_v3/_nemsis_v3.4.0/3.4.0.150302/XSDs/NEMSIS_XSDs_v3.4.0.150302/MedDeviceDataSet_v3.xsd" xmlns="http://www.nemsis.org">
    <eMedDevice>
        <eMedDevice.10>dcR</eMedDevice.10>
        <eMedDevice.PatientNameGroup>
            <eMedDevice.11>d</eMedDevice.11>
            <eMedDevice.12>C</eMedDevice.12>
            <eMedDevice.13>a</eMedDevice.13>
            <eMedDevice.14>9906005</eMedDevice.14>
            <eMedDevice.15>2514011</eMedDevice.15></eMedDevice.PatientNameGroup>
        <eMedDevice.PatientAgeGroup>
            <eMedDevice.16>46</eMedDevice.16>
            <eMedDevice.17>2516009</eMedDevice.17></eMedDevice.PatientAgeGroup>
        <eMedDevice.VitalsGroup>
            <eMedDevice.19>2015-03-03T13:30:28+07:00</eMedDevice.19>
            <eMedDevice.BloodPressureGroup>
                <eMedDevice.23>495</eMedDevice.23>
                <eMedDevice.24>37</eMedDevice.24>
                <eMedDevice.25>3308011</eMedDevice.25>
                <eMedDevice.26>105</eMedDevice.26></eMedDevice.BloodPressureGroup>
            <eMedDevice.HeartRateGroup>
                <eMedDevice.27>74</eMedDevice.27>
                <eMedDevice.28>3311011</eMedDevice.28></eMedDevice.HeartRateGroup>
            <eMedDevice.29>21</eMedDevice.29>
            <eMedDevice.30>135</eMedDevice.30>
            <eMedDevice.31>40</eMedDevice.31>
            <eMedDevice.32>26.0</eMedDevice.32>
            <eMedDevice.33>1396</eMedDevice.33>
            <eMedDevice.BodyTemperatureGroup>
                <eMedDevice.34>25.0</eMedDevice.34>
                <eMedDevice.35>3325017</eMedDevice.35></eMedDevice.BodyTemperatureGroup></eMedDevice.VitalsGroup>
        <eMedDevice.LabsGroup>
            <eMedDevice.36>2015-03-03T13:30:28+07:00</eMedDevice.36>
            <eMedDevice.LabResultGroup>
                <eMedDevice.37>3403113</eMedDevice.37>
                <eMedDevice.38>0</eMedDevice.38></eMedDevice.LabResultGroup>
            <eMedDevice.LabImageGroup>
                <eMedDevice.39>3405013</eMedDevice.39>
                <eMedDevice.40>4c2</eMedDevice.40>
                <eMedDevice.WaveFormGraphicGroup>
                    <eMedDevice.41>i</eMedDevice.41>
                    <eMedDevice.42>MU1lVElLZmx1WHBrWnM5N3Y1d3NUQnVsN3RMS2ZNNWU2MEdKOGdkTG9MSkhtaVdKbzY=</eMedDevice.42></eMedDevice.WaveFormGraphicGroup></eMedDevice.LabImageGroup></eMedDevice.LabsGroup>
        <eMedDevice.DeviceGroup>
            <eMedDevice.43>va</eMedDevice.43>
            <eMedDevice.44>2015-03-03T13:30:28+07:00</eMedDevice.44>
            <eMedDevice.45>4103049</eMedDevice.45>
            <eMedDevice.WaveGroup>
                <eMedDevice.46>G</eMedDevice.46>
                <eMedDevice.47>VDVqU2RXNU1OTTN6NGt0S0ttd0JlWHpRS1lidzE4cjRaaHBrcFRwQ2N6cHFkejJQNEE=</eMedDevice.47>
                <eMedDevice.48>4106013</eMedDevice.48></eMedDevice.WaveGroup>
            <eMedDevice.49>4107041</eMedDevice.49>
            <eMedDevice.50>K</eMedDevice.50>
            <eMedDevice.ShockGroup>
                <eMedDevice.51>4109003</eMedDevice.51>
                <eMedDevice.52>6742.0</eMedDevice.52>
                <eMedDevice.53>53</eMedDevice.53>
                <eMedDevice.54>937</eMedDevice.54></eMedDevice.ShockGroup></eMedDevice.DeviceGroup></eMedDevice></MedDeviceDataSet>