
<MedDeviceDataSet xmlns:xsi="http://www.w3.org/2001/XMLSchema-instance" xsi:schemaLocation="http://www.nemsis.org http://nemsis.org/media/nemsis_v3/release-3.3.4/XSDs/NEMSIS_XSDs/MEDDeviceDataSet_v3.xsd" xmlns="http://www.nemsis.org">
    <eMedDevice>
        <eMedDevice.01>V</eMedDevice.01>
        <eMedDevice.02>J</eMedDevice.02>
        <eMedDevice.03>Us</eMedDevice.03>
        <eMedDevice.04>49</eMedDevice.04>
        <eMedDevice.05>fv</eMedDevice.05>
        <eMedDevice.06>vT</eMedDevice.06>
        <eMedDevice.07>1603031</eMedDevice.07>
        <eMedDevice.07>1603011</eMedDevice.07>
        <eMedDevice.07>1603015</eMedDevice.07>
        <eMedDevice.08>Kp</eMedDevice.08>
        <eMedDevice.09>vy</eMedDevice.09>
        <eMedDevice.10>gy4</eMedDevice.10>
        <eMedDevice.PatientNameGroup>
            <eMedDevice.11>z</eMedDevice.11>
            <eMedDevice.12>4</eMedDevice.12>
            <eMedDevice.13>J</eMedDevice.13>
            <eMedDevice.14>9906001</eMedDevice.14>
            <eMedDevice.15>2514003</eMedDevice.15>
            <eMedDevice.15>2514009</eMedDevice.15>
            <eMedDevice.15>2514001</eMedDevice.15></eMedDevice.PatientNameGroup>
        <eMedDevice.PatientAgeGroup>
            <eMedDevice.16>104</eMedDevice.16>
            <eMedDevice.17>2516003</eMedDevice.17></eMedDevice.PatientAgeGroup>
        <eMedDevice.18>2011-06-24</eMedDevice.18>
        <eMedDevice.VitalsGroup>
            <eMedDevice.19>2014-04-01T12:29:28+07:00</eMedDevice.19>
            <eMedDevice.CardiacRhythmGroup>
                <eMedDevice.20>9901049</eMedDevice.20>
                <eMedDevice.20>9901015</eMedDevice.20>
                <eMedDevice.21>3304009</eMedDevice.21>
                <eMedDevice.22>3305001</eMedDevice.22>
                <eMedDevice.22>3305005</eMedDevice.22></eMedDevice.CardiacRhythmGroup>
            <eMedDevice.BloodPressureGroup>
                <eMedDevice.23>460</eMedDevice.23>
                <eMedDevice.24>77</eMedDevice.24>
                <eMedDevice.25>3308007</eMedDevice.25>
                <eMedDevice.26>128</eMedDevice.26></eMedDevice.BloodPressureGroup>
            <eMedDevice.HeartRateGroup>
                <eMedDevice.27>487</eMedDevice.27>
                <eMedDevice.28>3311005</eMedDevice.28></eMedDevice.HeartRateGroup>
            <eMedDevice.29>57</eMedDevice.29>
            <eMedDevice.30>280</eMedDevice.30>
            <eMedDevice.31>92</eMedDevice.31>
            <eMedDevice.32>5</eMedDevice.32>
            <eMedDevice.33>1916</eMedDevice.33>
            <eMedDevice.BodyTemperatureGroup>
                <eMedDevice.34>8.0</eMedDevice.34>
                <eMedDevice.35>3325015</eMedDevice.35></eMedDevice.BodyTemperatureGroup></eMedDevice.VitalsGroup>
        <eMedDevice.VitalsGroup>
            <eMedDevice.19>2014-04-01T12:29:28+07:00</eMedDevice.19>
            <eMedDevice.CardiacRhythmGroup>
                <eMedDevice.20>9901055</eMedDevice.20>
                <eMedDevice.20>9901007</eMedDevice.20>
                <eMedDevice.20>9901039</eMedDevice.20>
                <eMedDevice.21>3304013</eMedDevice.21>
                <eMedDevice.22>3305005</eMedDevice.22>
                <eMedDevice.22>3305001</eMedDevice.22>
                <eMedDevice.22>3305003</eMedDevice.22></eMedDevice.CardiacRhythmGroup>
            <eMedDevice.BloodPressureGroup>
                <eMedDevice.23>170</eMedDevice.23>
                <eMedDevice.24>16</eMedDevice.24>
                <eMedDevice.25>3308005</eMedDevice.25>
                <eMedDevice.26>110</eMedDevice.26></eMedDevice.BloodPressureGroup>
            <eMedDevice.HeartRateGroup>
                <eMedDevice.27>457</eMedDevice.27>
                <eMedDevice.28>3311003</eMedDevice.28></eMedDevice.HeartRateGroup>
            <eMedDevice.29>33</eMedDevice.29>
            <eMedDevice.30>270</eMedDevice.30>
            <eMedDevice.31>39</eMedDevice.31>
            <eMedDevice.32>16</eMedDevice.32>
            <eMedDevice.33>807</eMedDevice.33>
            <eMedDevice.BodyTemperatureGroup>
                <eMedDevice.34>14.0</eMedDevice.34>
                <eMedDevice.35>3325003</eMedDevice.35></eMedDevice.BodyTemperatureGroup></eMedDevice.VitalsGroup>
        <eMedDevice.VitalsGroup>
            <eMedDevice.19>2014-04-01T12:29:28+07:00</eMedDevice.19>
            <eMedDevice.CardiacRhythmGroup>
                <eMedDevice.20>9901049</eMedDevice.20>
                <eMedDevice.20>9901041</eMedDevice.20>
                <eMedDevice.20>9901067</eMedDevice.20>
                <eMedDevice.21>3304009</eMedDevice.21>
                <eMedDevice.22>3305001</eMedDevice.22>
                <eMedDevice.22>3305005</eMedDevice.22>
                <eMedDevice.22>3305007</eMedDevice.22></eMedDevice.CardiacRhythmGroup>
            <eMedDevice.BloodPressureGroup>
                <eMedDevice.23>428</eMedDevice.23>
                <eMedDevice.24>p</eMedDevice.24>
                <eMedDevice.25>3308011</eMedDevice.25>
                <eMedDevice.26>126</eMedDevice.26></eMedDevice.BloodPressureGroup>
            <eMedDevice.HeartRateGroup>
                <eMedDevice.27>294</eMedDevice.27>
                <eMedDevice.28>3311009</eMedDevice.28></eMedDevice.HeartRateGroup>
            <eMedDevice.29>56</eMedDevice.29>
            <eMedDevice.30>62</eMedDevice.30>
            <eMedDevice.31>67</eMedDevice.31>
            <eMedDevice.32>61</eMedDevice.32>
            <eMedDevice.33>1499</eMedDevice.33>
            <eMedDevice.BodyTemperatureGroup>
                <eMedDevice.34>12.0</eMedDevice.34>
                <eMedDevice.35>3325011</eMedDevice.35></eMedDevice.BodyTemperatureGroup></eMedDevice.VitalsGroup>
        <eMedDevice.LabsGroup>
            <eMedDevice.36>2014-04-01T12:29:28+07:00</eMedDevice.36>
            <eMedDevice.LabResultGroup>
                <eMedDevice.37>3403111</eMedDevice.37>
                <eMedDevice.38>I</eMedDevice.38></eMedDevice.LabResultGroup>
            <eMedDevice.LabResultGroup>
                <eMedDevice.37>3403077</eMedDevice.37>
                <eMedDevice.38>Q</eMedDevice.38></eMedDevice.LabResultGroup>
            <eMedDevice.LabImageGroup>
                <eMedDevice.39>3405011</eMedDevice.39>
                <eMedDevice.40>yFk</eMedDevice.40>
                <eMedDevice.WaveFormGraphicGroup>
                    <eMedDevice.41>7</eMedDevice.41>
                    <eMedDevice.42>YTgxZEN0VXRSanNQSDZtM1BDelRVY2cwYXJBam5MMVR1Y2NUdWp0dk1WejF1Z2VhOTY=</eMedDevice.42></eMedDevice.WaveFormGraphicGroup>
                <eMedDevice.WaveFormGraphicGroup>
                    <eMedDevice.41>A</eMedDevice.41>
                    <eMedDevice.42>c2FxTVBna2FNYjZwN1lUZlczaVA5MW5oYVRpNmt5cnFaY0ZjWW5vS2NMUEp1b2NYS0k=</eMedDevice.42></eMedDevice.WaveFormGraphicGroup>
                <eMedDevice.WaveFormGraphicGroup>
                    <eMedDevice.41>B</eMedDevice.41>
                    <eMedDevice.42>VWM4VlpENzVuYUN0eFEySVJkd0l0dlpOWlk5ckRIYU93eUh6NkttM2JFcGduUDVFcnY=</eMedDevice.42></eMedDevice.WaveFormGraphicGroup></eMedDevice.LabImageGroup>
            <eMedDevice.LabImageGroup>
                <eMedDevice.39>3405007</eMedDevice.39>
                <eMedDevice.40>R3f</eMedDevice.40>
                <eMedDevice.WaveFormGraphicGroup>
                    <eMedDevice.41>g</eMedDevice.41>
                    <eMedDevice.42>R3dna3dxbTFoRllPalN0UnlPUDFRTFluZGtZbEZhOEVzeE9kcFFEd0ZObzVPWXZocHg=</eMedDevice.42></eMedDevice.WaveFormGraphicGroup>
                <eMedDevice.WaveFormGraphicGroup>
                    <eMedDevice.41>3</eMedDevice.41>
                    <eMedDevice.42>UmJlQlBGTGtqTkNUNFU2OTA3cFl6Q2NhVDIyUkNybFNFQXp6S2JjYXF1bnhqTVk0eWQ=</eMedDevice.42></eMedDevice.WaveFormGraphicGroup>
                <eMedDevice.WaveFormGraphicGroup>
                    <eMedDevice.41>n</eMedDevice.41>
                    <eMedDevice.42>YWo0SWhEQkN3Z2JydkJwQ1J6d2szY2pZZ3FVYmtLUFRYbzNKMFR5UWFYZ2FQMDhTNkk=</eMedDevice.42></eMedDevice.WaveFormGraphicGroup></eMedDevice.LabImageGroup></eMedDevice.LabsGroup>
        <eMedDevice.LabsGroup>
            <eMedDevice.36>2014-04-01T12:29:28+07:00</eMedDevice.36>
            <eMedDevice.LabResultGroup>
                <eMedDevice.37>3403079</eMedDevice.37>
                <eMedDevice.38>9</eMedDevice.38></eMedDevice.LabResultGroup>
            <eMedDevice.LabResultGroup>
                <eMedDevice.37>3403047</eMedDevice.37>
                <eMedDevice.38>E</eMedDevice.38></eMedDevice.LabResultGroup>
            <eMedDevice.LabResultGroup>
                <eMedDevice.37>3403099</eMedDevice.37>
                <eMedDevice.38>O</eMedDevice.38></eMedDevice.LabResultGroup>
            <eMedDevice.LabImageGroup>
                <eMedDevice.39>3405013</eMedDevice.39>
                <eMedDevice.40>y7i</eMedDevice.40>
                <eMedDevice.WaveFormGraphicGroup>
                    <eMedDevice.41>a</eMedDevice.41>
                    <eMedDevice.42>UWRyTWdpR2d4bmduWkg3YUNBS25wcFN0eHFuU3FBYzZEYW96VkJVb3BuSEdjQnFXckY=</eMedDevice.42></eMedDevice.WaveFormGraphicGroup>
                <eMedDevice.WaveFormGraphicGroup>
                    <eMedDevice.41>h</eMedDevice.41>
                    <eMedDevice.42>UEVoTnQ2cVZINTM1YmZmMDZkU2tEQlZub0FOUkRDdlUwS0tMY2VJdGM3M1NENFhBb1M=</eMedDevice.42></eMedDevice.WaveFormGraphicGroup></eMedDevice.LabImageGroup>
            <eMedDevice.LabImageGroup>
                <eMedDevice.39>3405001</eMedDevice.39>
                <eMedDevice.40>nLd</eMedDevice.40>
                <eMedDevice.WaveFormGraphicGroup>
                    <eMedDevice.41>n</eMedDevice.41>
                    <eMedDevice.42>NmF2cGRpZmI3UHZHSHVBS0lMc0Y3cE96Snk5N3ZZd3U2Wkg4TFlQQ1EwTzNkV0tGZ2I=</eMedDevice.42></eMedDevice.WaveFormGraphicGroup>
                <eMedDevice.WaveFormGraphicGroup>
                    <eMedDevice.41>n</eMedDevice.41>
                    <eMedDevice.42>ZGxlTm5MVG5zcWRjdlRiSDhXN1RkdDdzQWFZV3ZrQzU4V0p0cllEUXAzWUlmWDZXUG8=</eMedDevice.42></eMedDevice.WaveFormGraphicGroup>
                <eMedDevice.WaveFormGraphicGroup>
                    <eMedDevice.41>m</eMedDevice.41>
                    <eMedDevice.42>VmdLU0NEeXAwdUo5eTJzZXFWZDZNRG9hbWtMNnVROUs3TkNhM2ozQjVrdXZVcUlHT2c=</eMedDevice.42></eMedDevice.WaveFormGraphicGroup></eMedDevice.LabImageGroup>
            <eMedDevice.LabImageGroup>
                <eMedDevice.39>3405013</eMedDevice.39>
                <eMedDevice.40>P2Q</eMedDevice.40>
                <eMedDevice.WaveFormGraphicGroup>
                    <eMedDevice.41>9</eMedDevice.41>
                    <eMedDevice.42>TTQ5aFk4b01MRlc0dTg5SUhLQVF5NUl0NDkxWHZoOGpQYkd0WGMwdzdDR0hLcW9mcVc=</eMedDevice.42></eMedDevice.WaveFormGraphicGroup>
                <eMedDevice.WaveFormGraphicGroup>
                    <eMedDevice.41>n</eMedDevice.41>
                    <eMedDevice.42>Z05NWGwxdTZvT2RLU3JDVThHRVpreTFYbmFTRU84Q0hkUjZlY2hiNEJwYWU3N3VsWkc=</eMedDevice.42></eMedDevice.WaveFormGraphicGroup></eMedDevice.LabImageGroup></eMedDevice.LabsGroup>
        <eMedDevice.LabsGroup>
            <eMedDevice.36>2014-04-01T12:29:28+07:00</eMedDevice.36>
            <eMedDevice.LabResultGroup>
                <eMedDevice.37>3403083</eMedDevice.37>
                <eMedDevice.38>t</eMedDevice.38></eMedDevice.LabResultGroup>
            <eMedDevice.LabResultGroup>
                <eMedDevice.37>3403023</eMedDevice.37>
                <eMedDevice.38>M</eMedDevice.38></eMedDevice.LabResultGroup>
            <eMedDevice.LabImageGroup>
                <eMedDevice.39>3405005</eMedDevice.39>
                <eMedDevice.40>R3R</eMedDevice.40>
                <eMedDevice.WaveFormGraphicGroup>
                    <eMedDevice.41>e</eMedDevice.41>
                    <eMedDevice.42>bkt3TGZMQmFHcGJvQkJ0WTRXeHJFa3dpaFhxZEFHd3JtZ3p0cDYyTnhHOEVKTGVrN2Y=</eMedDevice.42></eMedDevice.WaveFormGraphicGroup>
                <eMedDevice.WaveFormGraphicGroup>
                    <eMedDevice.41>Z</eMedDevice.41>
                    <eMedDevice.42>bUFUa1hZeG5qSEZycWRrck1Pc2VrY29jQkVua0VFajdlczhwVmJmMUxlMWNYdmNMNG4=</eMedDevice.42></eMedDevice.WaveFormGraphicGroup></eMedDevice.LabImageGroup>
            <eMedDevice.LabImageGroup>
                <eMedDevice.39>3405003</eMedDevice.39>
                <eMedDevice.40>onm</eMedDevice.40>
                <eMedDevice.WaveFormGraphicGroup>
                    <eMedDevice.41>t</eMedDevice.41>
                    <eMedDevice.42>bjNheUhkTU4yV3BKRTU3enpMb0JKenc0Z1pWeGxWRnBZb2daM1pPUFNSOGJrTG95clg=</eMedDevice.42></eMedDevice.WaveFormGraphicGroup>
                <eMedDevice.WaveFormGraphicGroup>
                    <eMedDevice.41>p</eMedDevice.41>
                    <eMedDevice.42>REpJbjlNbWpGVjhJVW1FZDRiSDNvblVhcnZGU0xINk03alFFbWJwb2FHN0tqVkNCQ3Q=</eMedDevice.42></eMedDevice.WaveFormGraphicGroup></eMedDevice.LabImageGroup>
            <eMedDevice.LabImageGroup>
                <eMedDevice.39>3405001</eMedDevice.39>
                <eMedDevice.40>69R</eMedDevice.40>
                <eMedDevice.WaveFormGraphicGroup>
                    <eMedDevice.41>8</eMedDevice.41>
                    <eMedDevice.42>UnZTWFBLN25XOTZ6VGZpcVc1YngwbDdnWlBJZWMyZmJydDRMSFRQWmJnTGQ4bjRqaW4=</eMedDevice.42></eMedDevice.WaveFormGraphicGroup>
                <eMedDevice.WaveFormGraphicGroup>
                    <eMedDevice.41>1</eMedDevice.41>
                    <eMedDevice.42>M0VwVmhna3dJdHBQb2l0a2d3b0w5T1JOeDl1UDhEa3MxcDhpZWVDR2ZJUHFTZDRiZ1k=</eMedDevice.42></eMedDevice.WaveFormGraphicGroup>
                <eMedDevice.WaveFormGraphicGroup>
                    <eMedDevice.41>Z</eMedDevice.41>
                    <eMedDevice.42>VzNaalpQdHZIOVZGd3ZTR1NqQW5paWpvRWZMMXBHbndCSHVXazZvNWlITnpTNlFEdW8=</eMedDevice.42></eMedDevice.WaveFormGraphicGroup></eMedDevice.LabImageGroup></eMedDevice.LabsGroup>
        <eMedDevice.DeviceGroup>
            <eMedDevice.43>hi</eMedDevice.43>
            <eMedDevice.44>2014-04-01T12:29:28+07:00</eMedDevice.44>
            <eMedDevice.45>4103041</eMedDevice.45>
            <eMedDevice.45>4103043</eMedDevice.45>
            <eMedDevice.WaveGroup>
                <eMedDevice.46>c</eMedDevice.46>
                <eMedDevice.47>ZEU3MDdaWlBBam50dHlOTjg5Yk5jamJRZzhWdkhhQTdnYnRVZ1Zsak1KU1Y5Sll3bXI=</eMedDevice.47>
                <eMedDevice.48>4106011</eMedDevice.48></eMedDevice.WaveGroup>
            <eMedDevice.49>4107031</eMedDevice.49>
            <eMedDevice.49>4107029</eMedDevice.49>
            <eMedDevice.50>h</eMedDevice.50>
            <eMedDevice.ShockGroup>
                <eMedDevice.51>4109003</eMedDevice.51>
                <eMedDevice.52>3948.0</eMedDevice.52>
                <eMedDevice.53>58</eMedDevice.53>
                <eMedDevice.54>592</eMedDevice.54></eMedDevice.ShockGroup></eMedDevice.DeviceGroup>
        <eMedDevice.DeviceGroup>
            <eMedDevice.43>nu</eMedDevice.43>
            <eMedDevice.44>2014-04-01T12:29:28+07:00</eMedDevice.44>
            <eMedDevice.45>4103021</eMedDevice.45>
            <eMedDevice.45>4103041</eMedDevice.45>
            <eMedDevice.WaveGroup>
                <eMedDevice.46>p</eMedDevice.46>
                <eMedDevice.47>ZFVlUk5mWHZrR3o0MTdGTVJBUGxOWkp6cnhwOGFHMnRwSm5ycWloMFFOSDZYeFBIM3c=</eMedDevice.47>
                <eMedDevice.48>4106003</eMedDevice.48></eMedDevice.WaveGroup>
            <eMedDevice.49>4107007</eMedDevice.49>
            <eMedDevice.49>4107025</eMedDevice.49>
            <eMedDevice.49>4107021</eMedDevice.49>
            <eMedDevice.50>t</eMedDevice.50>
            <eMedDevice.ShockGroup>
                <eMedDevice.51>4109003</eMedDevice.51>
                <eMedDevice.52>4258.0</eMedDevice.52>
                <eMedDevice.53>97</eMedDevice.53>
                <eMedDevice.54>86</eMedDevice.54></eMedDevice.ShockGroup></eMedDevice.DeviceGroup>
        <eMedDevice.DeviceGroup>
            <eMedDevice.43>kA</eMedDevice.43>
            <eMedDevice.44>2014-04-01T12:29:28+07:00</eMedDevice.44>
            <eMedDevice.45>4103043</eMedDevice.45>
            <eMedDevice.45>4103011</eMedDevice.45>
            <eMedDevice.45>4103037</eMedDevice.45>
            <eMedDevice.WaveGroup>
                <eMedDevice.46>P</eMedDevice.46>
                <eMedDevice.47>c01EVnc5b1NuZXpkWEhYdThzTW1Gc012UWMwVXdIdlRpeEhRaGlzOHo5T1dDSTVIWTk=</eMedDevice.47>
                <eMedDevice.48>4106001</eMedDevice.48></eMedDevice.WaveGroup>
            <eMedDevice.49>4107033</eMedDevice.49>
            <eMedDevice.49>4107011</eMedDevice.49>
            <eMedDevice.50>u</eMedDevice.50>
            <eMedDevice.ShockGroup>
                <eMedDevice.51>4109003</eMedDevice.51>
                <eMedDevice.52>1847.0</eMedDevice.52>
                <eMedDevice.53>99</eMedDevice.53>
                <eMedDevice.54>972</eMedDevice.54></eMedDevice.ShockGroup></eMedDevice.DeviceGroup></eMedDevice></MedDeviceDataSet>