
<MedDeviceDataSet xmlns:xsi="http://www.w3.org/2001/XMLSchema-instance" xsi:schemaLocation="http://www.nemsis.org http://nemsis.org/media/nemsis_v3/release-3.3.4/XSDs/NEMSIS_XSDs/MEDDeviceDataSet_v3.xsd" xmlns="http://www.nemsis.org">
    <eMedDevice>
        <eMedDevice.01>S</eMedDevice.01>
        <eMedDevice.02>s</eMedDevice.02>
        <eMedDevice.03>vt</eMedDevice.03>
        <eMedDevice.04>49</eMedDevice.04>
        <eMedDevice.05>3Q</eMedDevice.05>
        <eMedDevice.06>eD</eMedDevice.06>
        <eMedDevice.07>1603025</eMedDevice.07>
        <eMedDevice.08>O3</eMedDevice.08>
        <eMedDevice.09>In</eMedDevice.09>
        <eMedDevice.10>2nr</eMedDevice.10>
        <eMedDevice.PatientNameGroup>
            <eMedDevice.11>J</eMedDevice.11>
            <eMedDevice.12>T</eMedDevice.12>
            <eMedDevice.13>J</eMedDevice.13>
            <eMedDevice.14>9906001</eMedDevice.14>
            <eMedDevice.15>2514001</eMedDevice.15></eMedDevice.PatientNameGroup>
        <eMedDevice.PatientAgeGroup>
            <eMedDevice.16>6</eMedDevice.16>
            <eMedDevice.17>2516007</eMedDevice.17></eMedDevice.PatientAgeGroup>
        <eMedDevice.18>1985-11-17</eMedDevice.18>
        <eMedDevice.VitalsGroup>
            <eMedDevice.19>2014-04-01T12:29:28+07:00</eMedDevice.19>
            <eMedDevice.CardiacRhythmGroup>
                <eMedDevice.20>9901043</eMedDevice.20>
                <eMedDevice.21>3304011</eMedDevice.21>
                <eMedDevice.22>3305005</eMedDevice.22></eMedDevice.CardiacRhythmGroup>
            <eMedDevice.BloodPressureGroup>
                <eMedDevice.23>101</eMedDevice.23>
                <eMedDevice.24>50</eMedDevice.24>
                <eMedDevice.25>3308001</eMedDevice.25>
                <eMedDevice.26>225</eMedDevice.26></eMedDevice.BloodPressureGroup>
            <eMedDevice.HeartRateGroup>
                <eMedDevice.27>347</eMedDevice.27>
                <eMedDevice.28>3311003</eMedDevice.28></eMedDevice.HeartRateGroup>
            <eMedDevice.29>69</eMedDevice.29>
            <eMedDevice.30>244</eMedDevice.30>
            <eMedDevice.31>60</eMedDevice.31>
            <eMedDevice.32>48</eMedDevice.32>
            <eMedDevice.33>209</eMedDevice.33>
            <eMedDevice.BodyTemperatureGroup>
                <eMedDevice.34>5.0</eMedDevice.34>
                <eMedDevice.35>3325015</eMedDevice.35></eMedDevice.BodyTemperatureGroup></eMedDevice.VitalsGroup>
        <eMedDevice.LabsGroup>
            <eMedDevice.36>2014-04-01T12:29:28+07:00</eMedDevice.36>
            <eMedDevice.LabResultGroup>
                <eMedDevice.37>3403019</eMedDevice.37>
                <eMedDevice.38>P</eMedDevice.38></eMedDevice.LabResultGroup>
            <eMedDevice.LabImageGroup>
                <eMedDevice.39>3405001</eMedDevice.39>
                <eMedDevice.40>yCn</eMedDevice.40>
                <eMedDevice.WaveFormGraphicGroup>
                    <eMedDevice.41>P</eMedDevice.41>
                    <eMedDevice.42>M2xydGdRTmhVeU5wdTg2ckc3NHFYcUNpZ2txbk1aT3ZEcm1ab285SldDZ1ZMZk9tWTM=</eMedDevice.42></eMedDevice.WaveFormGraphicGroup></eMedDevice.LabImageGroup></eMedDevice.LabsGroup>
        <eMedDevice.DeviceGroup>
            <eMedDevice.43>ZB</eMedDevice.43>
            <eMedDevice.44>2014-04-01T12:29:28+07:00</eMedDevice.44>
            <eMedDevice.45>4103003</eMedDevice.45>
            <eMedDevice.WaveGroup>
                <eMedDevice.46>b</eMedDevice.46>
                <eMedDevice.47>dElDOHlZdDQyS0lkVVRPcFpGbXJFYVkyRlUwWUxqZWlCM0FmcG12NXVaWGpmekswNVA=</eMedDevice.47>
                <eMedDevice.48>4106011</eMedDevice.48></eMedDevice.WaveGroup>
            <eMedDevice.49>4107039</eMedDevice.49>
            <eMedDevice.50>Q</eMedDevice.50>
            <eMedDevice.ShockGroup>
                <eMedDevice.51>4109001</eMedDevice.51>
                <eMedDevice.52>8617.0</eMedDevice.52>
                <eMedDevice.53>94</eMedDevice.53>
                <eMedDevice.54>591</eMedDevice.54></eMedDevice.ShockGroup></eMedDevice.DeviceGroup></eMedDevice></MedDeviceDataSet>