
<MedDeviceDataSet xmlns:xsi="http://www.w3.org/2001/XMLSchema-instance" xsi:schemaLocation="http://www.nemsis.org http://nemsis.org/media/XSD_v3/_nemsis_v3.4.0/3.4.0.150302/XSDs/NEMSIS_XSDs_v3.4.0.150302/MedDeviceDataSet_v3.xsd" xmlns="http://www.nemsis.org">
    <eMedDevice>
        <eMedDevice.10>97P</eMedDevice.10>
        <eMedDevice.PatientNameGroup>
            <eMedDevice.11>9</eMedDevice.11>
            <eMedDevice.12>p</eMedDevice.12>
            <eMedDevice.13>l</eMedDevice.13>
            <eMedDevice.14>9906005</eMedDevice.14>
            <eMedDevice.15>2514011</eMedDevice.15></eMedDevice.PatientNameGroup>
        <eMedDevice.PatientAgeGroup>
            <eMedDevice.16>103</eMedDevice.16>
            <eMedDevice.17>2516009</eMedDevice.17></eMedDevice.PatientAgeGroup>
        <eMedDevice.VitalsGroup>
            <eMedDevice.19>2015-03-03T13:30:28+07:00</eMedDevice.19>
            <eMedDevice.BloodPressureGroup>
                <eMedDevice.23>202</eMedDevice.23>
                <eMedDevice.24>0</eMedDevice.24>
                <eMedDevice.25>3308011</eMedDevice.25>
                <eMedDevice.26>226</eMedDevice.26></eMedDevice.BloodPressureGroup>
            <eMedDevice.HeartRateGroup>
                <eMedDevice.27>59</eMedDevice.27>
                <eMedDevice.28>3311011</eMedDevice.28></eMedDevice.HeartRateGroup>
            <eMedDevice.29>72</eMedDevice.29>
            <eMedDevice.30>277</eMedDevice.30>
            <eMedDevice.31>23</eMedDevice.31>
            <eMedDevice.32>70.0</eMedDevice.32>
            <eMedDevice.33>680</eMedDevice.33>
            <eMedDevice.BodyTemperatureGroup>
                <eMedDevice.34>47.0</eMedDevice.34>
                <eMedDevice.35>3325017</eMedDevice.35></eMedDevice.BodyTemperatureGroup></eMedDevice.VitalsGroup>
        <eMedDevice.LabsGroup>
            <eMedDevice.36>2015-03-03T13:30:28+07:00</eMedDevice.36>
            <eMedDevice.LabResultGroup>
                <eMedDevice.37>3403113</eMedDevice.37>
                <eMedDevice.38>w</eMedDevice.38></eMedDevice.LabResultGroup>
            <eMedDevice.LabImageGroup>
                <eMedDevice.39>3405013</eMedDevice.39>
                <eMedDevice.40>zFP</eMedDevice.40>
                <eMedDevice.WaveFormGraphicGroup>
                    <eMedDevice.41>3</eMedDevice.41>
                    <eMedDevice.42>WEhETkdUOUJQbjlFMWVUZnRta0JMV2tidkM4MENBdk44ckx3ZnFsbnRBYWMyRUdZMXg=</eMedDevice.42></eMedDevice.WaveFormGraphicGroup></eMedDevice.LabImageGroup></eMedDevice.LabsGroup>
        <eMedDevice.DeviceGroup>
            <eMedDevice.43>38</eMedDevice.43>
            <eMedDevice.44>2015-03-03T13:30:28+07:00</eMedDevice.44>
            <eMedDevice.45>4103049</eMedDevice.45>
            <eMedDevice.WaveGroup>
                <eMedDevice.46>j</eMedDevice.46>
                <eMedDevice.47>UmR0ZENhVU5CMnZxamdlblgyd21RYWhzTlR5cnU3R1k2NUlFdWxVSmJZSjJvd3FzM1Y=</eMedDevice.47>
                <eMedDevice.48>4106013</eMedDevice.48></eMedDevice.WaveGroup>
            <eMedDevice.49>4107041</eMedDevice.49>
            <eMedDevice.50>8</eMedDevice.50>
            <eMedDevice.ShockGroup>
                <eMedDevice.51>4109003</eMedDevice.51>
                <eMedDevice.52>8169.0</eMedDevice.52>
                <eMedDevice.53>38</eMedDevice.53>
                <eMedDevice.54>57</eMedDevice.54></eMedDevice.ShockGroup></eMedDevice.DeviceGroup></eMedDevice></MedDeviceDataSet>