
<MedDeviceDataSet xmlns:xsi="http://www.w3.org/2001/XMLSchema-instance" xsi:schemaLocation="http://www.nemsis.org http://nemsis.org/media/nemsis_v3/release-3.3.4/XSDs/NEMSIS_XSDs/MEDDeviceDataSet_v3.xsd" xmlns="http://www.nemsis.org">
    <eMedDevice>
        <eMedDevice.01>t</eMedDevice.01>
        <eMedDevice.02>T</eMedDevice.02>
        <eMedDevice.03>Or</eMedDevice.03>
        <eMedDevice.04>49</eMedDevice.04>
        <eMedDevice.05>XU</eMedDevice.05>
        <eMedDevice.06>j1</eMedDevice.06>
        <eMedDevice.07>1603031</eMedDevice.07>
        <eMedDevice.08>oJ</eMedDevice.08>
        <eMedDevice.09>aw</eMedDevice.09>
        <eMedDevice.10>XLw</eMedDevice.10>
        <eMedDevice.PatientNameGroup>
            <eMedDevice.11>j</eMedDevice.11>
            <eMedDevice.12>O</eMedDevice.12>
            <eMedDevice.13>6</eMedDevice.13>
            <eMedDevice.14>9906005</eMedDevice.14>
            <eMedDevice.15>2514001</eMedDevice.15></eMedDevice.PatientNameGroup>
        <eMedDevice.PatientAgeGroup>
            <eMedDevice.16>36</eMedDevice.16>
            <eMedDevice.17>2516003</eMedDevice.17></eMedDevice.PatientAgeGroup>
        <eMedDevice.18>1956-02-12</eMedDevice.18>
        <eMedDevice.VitalsGroup>
            <eMedDevice.19>2014-04-01T12:29:28+07:00</eMedDevice.19>
            <eMedDevice.CardiacRhythmGroup>
                <eMedDevice.20>9901071</eMedDevice.20>
                <eMedDevice.21>3304007</eMedDevice.21>
                <eMedDevice.22>3305001</eMedDevice.22></eMedDevice.CardiacRhythmGroup>
            <eMedDevice.BloodPressureGroup>
                <eMedDevice.23>242</eMedDevice.23>
                <eMedDevice.24>P</eMedDevice.24>
                <eMedDevice.25>3308001</eMedDevice.25>
                <eMedDevice.26>179</eMedDevice.26></eMedDevice.BloodPressureGroup>
            <eMedDevice.HeartRateGroup>
                <eMedDevice.27>457</eMedDevice.27>
                <eMedDevice.28>3311007</eMedDevice.28></eMedDevice.HeartRateGroup>
            <eMedDevice.29>13</eMedDevice.29>
            <eMedDevice.30>285</eMedDevice.30>
            <eMedDevice.31>62</eMedDevice.31>
            <eMedDevice.32>12</eMedDevice.32>
            <eMedDevice.33>1823</eMedDevice.33>
            <eMedDevice.BodyTemperatureGroup>
                <eMedDevice.34>24.0</eMedDevice.34>
                <eMedDevice.35>3325005</eMedDevice.35></eMedDevice.BodyTemperatureGroup></eMedDevice.VitalsGroup>
        <eMedDevice.LabsGroup>
            <eMedDevice.36>2014-04-01T12:29:28+07:00</eMedDevice.36>
            <eMedDevice.LabResultGroup>
                <eMedDevice.37>3403009</eMedDevice.37>
                <eMedDevice.38>F</eMedDevice.38></eMedDevice.LabResultGroup>
            <eMedDevice.LabImageGroup>
                <eMedDevice.39>3405007</eMedDevice.39>
                <eMedDevice.40>pLG</eMedDevice.40>
                <eMedDevice.WaveFormGraphicGroup>
                    <eMedDevice.41>7</eMedDevice.41>
                    <eMedDevice.42>OGkxbVQxMHhaNFc5aTQwOW9vRHhBUzY0U2U3RHVNdUZMUGJGQTd1T1FpUUt1Tk5FUko=</eMedDevice.42></eMedDevice.WaveFormGraphicGroup></eMedDevice.LabImageGroup></eMedDevice.LabsGroup>
        <eMedDevice.DeviceGroup>
            <eMedDevice.43>Cx</eMedDevice.43>
            <eMedDevice.44>2014-04-01T12:29:28+07:00</eMedDevice.44>
            <eMedDevice.45>4103045</eMedDevice.45>
            <eMedDevice.WaveGroup>
                <eMedDevice.46>5</eMedDevice.46>
                <eMedDevice.47>WGpXTzY3NzExYzdQbEtqbWZYSFBhbWRhOWgxMDBYWGZxclpvR0hHVFZDS0RTeXhoYTI=</eMedDevice.47>
                <eMedDevice.48>4106005</eMedDevice.48></eMedDevice.WaveGroup>
            <eMedDevice.49>4107023</eMedDevice.49>
            <eMedDevice.50>f</eMedDevice.50>
            <eMedDevice.ShockGroup>
                <eMedDevice.51>4109001</eMedDevice.51>
                <eMedDevice.52>288.0</eMedDevice.52>
                <eMedDevice.53>21</eMedDevice.53>
                <eMedDevice.54>150</eMedDevice.54></eMedDevice.ShockGroup></eMedDevice.DeviceGroup></eMedDevice></MedDeviceDataSet>