
<MedDeviceDataSet xmlns:xsi="http://www.w3.org/2001/XMLSchema-instance" xsi:schemaLocation="http://www.nemsis.org http://nemsis.org/media/nemsis_v3/release-3.4.0/XSDs/NEMSIS_XSDs/MedDeviceDataSet_v3.xsd" xmlns="http://www.nemsis.org">
    <eMedDevice>
        <eMedDevice.10>AQu</eMedDevice.10>
        <eMedDevice.PatientNameGroup>
            <eMedDevice.11>U</eMedDevice.11>
            <eMedDevice.12>Y</eMedDevice.12>
            <eMedDevice.13>U</eMedDevice.13>
            <eMedDevice.14>9906005</eMedDevice.14>
            <eMedDevice.15>2514011</eMedDevice.15>
            <eMedDevice.15>2514009</eMedDevice.15></eMedDevice.PatientNameGroup>
        <eMedDevice.PatientAgeGroup>
            <eMedDevice.16>97</eMedDevice.16>
            <eMedDevice.17>2516009</eMedDevice.17></eMedDevice.PatientAgeGroup>
        <eMedDevice.VitalsGroup>
            <eMedDevice.19>2015-03-03T13:30:28+07:00</eMedDevice.19>
            <eMedDevice.BloodPressureGroup>
                <eMedDevice.23>151</eMedDevice.23>
                <eMedDevice.24>p</eMedDevice.24>
                <eMedDevice.25>3308011</eMedDevice.25>
                <eMedDevice.26>464</eMedDevice.26></eMedDevice.BloodPressureGroup>
            <eMedDevice.HeartRateGroup>
                <eMedDevice.27>6</eMedDevice.27>
                <eMedDevice.28>3311011</eMedDevice.28></eMedDevice.HeartRateGroup>
            <eMedDevice.29>74</eMedDevice.29>
            <eMedDevice.30>192</eMedDevice.30>
            <eMedDevice.31>164</eMedDevice.31>
            <eMedDevice.32>50.0</eMedDevice.32>
            <eMedDevice.33>493</eMedDevice.33>
            <eMedDevice.BodyTemperatureGroup>
                <eMedDevice.34>17.0</eMedDevice.34>
                <eMedDevice.35>3325017</eMedDevice.35></eMedDevice.BodyTemperatureGroup></eMedDevice.VitalsGroup>
        <eMedDevice.VitalsGroup>
            <eMedDevice.19>2015-03-03T13:30:28+07:00</eMedDevice.19>
            <eMedDevice.BloodPressureGroup>
                <eMedDevice.23>243</eMedDevice.23>
                <eMedDevice.24>0</eMedDevice.24>
                <eMedDevice.25>3308011</eMedDevice.25>
                <eMedDevice.26>75</eMedDevice.26></eMedDevice.BloodPressureGroup>
            <eMedDevice.HeartRateGroup>
                <eMedDevice.27>404</eMedDevice.27>
                <eMedDevice.28>3311011</eMedDevice.28></eMedDevice.HeartRateGroup>
            <eMedDevice.29>26</eMedDevice.29>
            <eMedDevice.30>256</eMedDevice.30>
            <eMedDevice.31>113</eMedDevice.31>
            <eMedDevice.32>96.0</eMedDevice.32>
            <eMedDevice.33>1776</eMedDevice.33>
            <eMedDevice.BodyTemperatureGroup>
                <eMedDevice.34>3.0</eMedDevice.34>
                <eMedDevice.35>3325017</eMedDevice.35></eMedDevice.BodyTemperatureGroup></eMedDevice.VitalsGroup>
        <eMedDevice.LabsGroup>
            <eMedDevice.36>2015-03-03T13:30:28+07:00</eMedDevice.36>
            <eMedDevice.LabResultGroup>
                <eMedDevice.37>3403113</eMedDevice.37>
                <eMedDevice.38>L</eMedDevice.38></eMedDevice.LabResultGroup>
            <eMedDevice.LabResultGroup>
                <eMedDevice.37>3403113</eMedDevice.37>
                <eMedDevice.38>8</eMedDevice.38></eMedDevice.LabResultGroup>
            <eMedDevice.LabImageGroup>
                <eMedDevice.39>3405013</eMedDevice.39>
                <eMedDevice.40>8Mg</eMedDevice.40>
                <eMedDevice.WaveFormGraphicGroup>
                    <eMedDevice.41>e</eMedDevice.41>
                    <eMedDevice.42>d0RHZklvdGJtbHRHcklFWFZtSlJWc0ZZV3ZyNHRPdVVCVG93YnlYejdrd2plbkhKRzQ=</eMedDevice.42></eMedDevice.WaveFormGraphicGroup>
                <eMedDevice.WaveFormGraphicGroup>
                    <eMedDevice.41>5</eMedDevice.41>
                    <eMedDevice.42>eDZjdW5mYWRtcFRZa080R1M5anRwbDJ0WkNRSHFwTWpDQmVuTnVrQVMxN0J1ZjJZZDk=</eMedDevice.42></eMedDevice.WaveFormGraphicGroup></eMedDevice.LabImageGroup>
            <eMedDevice.LabImageGroup>
                <eMedDevice.39>3405013</eMedDevice.39>
                <eMedDevice.40>4VE</eMedDevice.40>
                <eMedDevice.WaveFormGraphicGroup>
                    <eMedDevice.41>8</eMedDevice.41>
                    <eMedDevice.42>RlR1S200R0pjZmdiZ3J0eHZicEFybENYRGJDNHFydGpjRkpZb0JPbkk5cVhiV3lmWUg=</eMedDevice.42></eMedDevice.WaveFormGraphicGroup>
                <eMedDevice.WaveFormGraphicGroup>
                    <eMedDevice.41>w</eMedDevice.41>
                    <eMedDevice.42>ZnJqcVYycU5tTnhkeVlGUjdoMkxxbFBrVHlEcGZRQm1oOEJ5R0hMMTlUNktaNVdvUng=</eMedDevice.42></eMedDevice.WaveFormGraphicGroup></eMedDevice.LabImageGroup>
            <eMedDevice.LabImageGroup>
                <eMedDevice.39>3405013</eMedDevice.39>
                <eMedDevice.40>p2F</eMedDevice.40>
                <eMedDevice.WaveFormGraphicGroup>
                    <eMedDevice.41>C</eMedDevice.41>
                    <eMedDevice.42>Sk82eHhmVnZUaEFyVmRQOUhJdk54VVlKSTBrZVpXa0JxV2tCeVBMTGduOUJIWmxrR0w=</eMedDevice.42></eMedDevice.WaveFormGraphicGroup>
                <eMedDevice.WaveFormGraphicGroup>
                    <eMedDevice.41>Y</eMedDevice.41>
                    <eMedDevice.42>TDluaU51clNPRTIydmFoRVpmeU9XWENvV0hqZGtRSW9JY0dIOTMxN1ZpR2xnbXZwaEo=</eMedDevice.42></eMedDevice.WaveFormGraphicGroup>
                <eMedDevice.WaveFormGraphicGroup>
                    <eMedDevice.41>p</eMedDevice.41>
                    <eMedDevice.42>bzhZSzVEa1JGQXJMNGxwV3hHd1JwSlBZdzk3MXdsUlR2Q3lEYkZjaENVd3lTUVd5RDk=</eMedDevice.42></eMedDevice.WaveFormGraphicGroup></eMedDevice.LabImageGroup></eMedDevice.LabsGroup>
        <eMedDevice.LabsGroup>
            <eMedDevice.36>2015-03-03T13:30:28+07:00</eMedDevice.36>
            <eMedDevice.LabResultGroup>
                <eMedDevice.37>3403113</eMedDevice.37>
                <eMedDevice.38>W</eMedDevice.38></eMedDevice.LabResultGroup>
            <eMedDevice.LabResultGroup>
                <eMedDevice.37>3403113</eMedDevice.37>
                <eMedDevice.38>g</eMedDevice.38></eMedDevice.LabResultGroup>
            <eMedDevice.LabImageGroup>
                <eMedDevice.39>3405013</eMedDevice.39>
                <eMedDevice.40>oQy</eMedDevice.40>
                <eMedDevice.WaveFormGraphicGroup>
                    <eMedDevice.41>J</eMedDevice.41>
                    <eMedDevice.42>WjBEWnhVWTRha1dTbTF2U1pCbks5NGd6SzBkd3hnNVBUYkJvTGJCOTRsRk4xa3FsQTA=</eMedDevice.42></eMedDevice.WaveFormGraphicGroup>
                <eMedDevice.WaveFormGraphicGroup>
                    <eMedDevice.41>I</eMedDevice.41>
                    <eMedDevice.42>UEJoaWpwZ2ZwQm1VTHZMaUdCTVY3M3d4a1I4YWJLd21hdU9aVlhPa3dPZVdzSWFVbzA=</eMedDevice.42></eMedDevice.WaveFormGraphicGroup></eMedDevice.LabImageGroup>
            <eMedDevice.LabImageGroup>
                <eMedDevice.39>3405013</eMedDevice.39>
                <eMedDevice.40>SiU</eMedDevice.40>
                <eMedDevice.WaveFormGraphicGroup>
                    <eMedDevice.41>O</eMedDevice.41>
                    <eMedDevice.42>dW9MUVIybTB1cGkzOFA4NmtCQXR5Rlh3NURBVVUwNWFxVEFidnl4am5oOTFBRjJEYlc=</eMedDevice.42></eMedDevice.WaveFormGraphicGroup>
                <eMedDevice.WaveFormGraphicGroup>
                    <eMedDevice.41>s</eMedDevice.41>
                    <eMedDevice.42>aUlldWJOU0o2ZURPT3pBZXJMMVpDOUIzVU1BSEFIVm1LNzU4dkZ1bkl3ak9FVGRTclk=</eMedDevice.42></eMedDevice.WaveFormGraphicGroup>
                <eMedDevice.WaveFormGraphicGroup>
                    <eMedDevice.41>J</eMedDevice.41>
                    <eMedDevice.42>ZHZpR21CM1ZjOGZ0d3oxTmpVSnkxcHFUajZUcHVuZmM4R25XblI1V3ZUUVNGZVhCZW8=</eMedDevice.42></eMedDevice.WaveFormGraphicGroup></eMedDevice.LabImageGroup></eMedDevice.LabsGroup>
        <eMedDevice.LabsGroup>
            <eMedDevice.36>2015-03-03T13:30:28+07:00</eMedDevice.36>
            <eMedDevice.LabResultGroup>
                <eMedDevice.37>3403113</eMedDevice.37>
                <eMedDevice.38>l</eMedDevice.38></eMedDevice.LabResultGroup>
            <eMedDevice.LabResultGroup>
                <eMedDevice.37>3403113</eMedDevice.37>
                <eMedDevice.38>m</eMedDevice.38></eMedDevice.LabResultGroup>
            <eMedDevice.LabImageGroup>
                <eMedDevice.39>3405013</eMedDevice.39>
                <eMedDevice.40>Bki</eMedDevice.40>
                <eMedDevice.WaveFormGraphicGroup>
                    <eMedDevice.41>p</eMedDevice.41>
                    <eMedDevice.42>Y3U2RFpLV0VvYXpNa0JoR0JyQklyOEpwWEpQamdiU0lUUGllRFpMWVFCUWxmSkRzdjk=</eMedDevice.42></eMedDevice.WaveFormGraphicGroup>
                <eMedDevice.WaveFormGraphicGroup>
                    <eMedDevice.41>S</eMedDevice.41>
                    <eMedDevice.42>V3JTQko1STZ3UzhiRHBjQUJFMlNtVVRpeDRrY0ZYMURlOW1LUTBWSHJ5UGFLWkZCY1Y=</eMedDevice.42></eMedDevice.WaveFormGraphicGroup>
                <eMedDevice.WaveFormGraphicGroup>
                    <eMedDevice.41>Q</eMedDevice.41>
                    <eMedDevice.42>Z1ZwYzR2T2FEd284aVowbmFzc0UwOWVhTVNEcWVUQkZpMXFHelZUMUh2OFY5Ukx2eU8=</eMedDevice.42></eMedDevice.WaveFormGraphicGroup></eMedDevice.LabImageGroup>
            <eMedDevice.LabImageGroup>
                <eMedDevice.39>3405013</eMedDevice.39>
                <eMedDevice.40>6ee</eMedDevice.40>
                <eMedDevice.WaveFormGraphicGroup>
                    <eMedDevice.41>f</eMedDevice.41>
                    <eMedDevice.42>RmxwaVhRc0VBQXhWU3JmVXNlWnk3YXkwTUJ5YmxpbDhYNEx6QVZvUExzRXlRcFJ2amg=</eMedDevice.42></eMedDevice.WaveFormGraphicGroup>
                <eMedDevice.WaveFormGraphicGroup>
                    <eMedDevice.41>q</eMedDevice.41>
                    <eMedDevice.42>UkxrSDBVY3RIMWMzWGR4Qk5sN0k4UkgzOGRKWHVWbERRNjJ1NmIyOXJDQmtnaW81T2k=</eMedDevice.42></eMedDevice.WaveFormGraphicGroup>
                <eMedDevice.WaveFormGraphicGroup>
                    <eMedDevice.41>r</eMedDevice.41>
                    <eMedDevice.42>V3dwY1VlRlRtTnd0bUZHVjQwY0NENXp1eUIxQXh5amxUenpnV0lYRWQyRlpJeE0xQzc=</eMedDevice.42></eMedDevice.WaveFormGraphicGroup></eMedDevice.LabImageGroup></eMedDevice.LabsGroup>
        <eMedDevice.DeviceGroup>
            <eMedDevice.43>mV</eMedDevice.43>
            <eMedDevice.44>2015-03-03T13:30:28+07:00</eMedDevice.44>
            <eMedDevice.45>4103049</eMedDevice.45>
            <eMedDevice.45>4103047</eMedDevice.45>
            <eMedDevice.45>4103045</eMedDevice.45>
            <eMedDevice.WaveGroup>
                <eMedDevice.46>2</eMedDevice.46>
                <eMedDevice.47>WnlvaGtOTUtIZG40b2JhWE1hTjV4QzY0cVhQbVoxeUtFRHhMZ0g4elpqN2ZOdE5MeXA=</eMedDevice.47>
                <eMedDevice.48>4106013</eMedDevice.48></eMedDevice.WaveGroup>
            <eMedDevice.49>4107041</eMedDevice.49>
            <eMedDevice.49>4107039</eMedDevice.49>
            <eMedDevice.49>4107037</eMedDevice.49>
            <eMedDevice.50>d</eMedDevice.50>
            <eMedDevice.ShockGroup>
                <eMedDevice.51>4109003</eMedDevice.51>
                <eMedDevice.52>552.0</eMedDevice.52>
                <eMedDevice.53>78</eMedDevice.53>
                <eMedDevice.54>995</eMedDevice.54></eMedDevice.ShockGroup></eMedDevice.DeviceGroup>
        <eMedDevice.DeviceGroup>
            <eMedDevice.43>fU</eMedDevice.43>
            <eMedDevice.44>2015-03-03T13:30:28+07:00</eMedDevice.44>
            <eMedDevice.45>4103049</eMedDevice.45>
            <eMedDevice.45>4103047</eMedDevice.45>
            <eMedDevice.45>4103045</eMedDevice.45>
            <eMedDevice.WaveGroup>
                <eMedDevice.46>g</eMedDevice.46>
                <eMedDevice.47>ZGFFSGttOUlnRlNsTzVvbEk4cmVuZ3hGWUpMVm1CUmoxZmVMUlhwaVFCbjFqSXJRN2o=</eMedDevice.47>
                <eMedDevice.48>4106013</eMedDevice.48></eMedDevice.WaveGroup>
            <eMedDevice.49>4107041</eMedDevice.49>
            <eMedDevice.49>4107039</eMedDevice.49>
            <eMedDevice.50>5</eMedDevice.50>
            <eMedDevice.ShockGroup>
                <eMedDevice.51>4109003</eMedDevice.51>
                <eMedDevice.52>5322.0</eMedDevice.52>
                <eMedDevice.53>92</eMedDevice.53>
                <eMedDevice.54>409</eMedDevice.54></eMedDevice.ShockGroup></eMedDevice.DeviceGroup></eMedDevice></MedDeviceDataSet>