
<MedDeviceDataSet xmlns:xsi="http://www.w3.org/2001/XMLSchema-instance" xsi:schemaLocation="http://www.nemsis.org http://nemsis.org/media/nemsis_v3/release-3.4.0/XSDs/NEMSIS_XSDs/MedDeviceDataSet_v3.xsd" xmlns="http://www.nemsis.org">
    <eMedDevice>
        <eMedDevice.10>t95</eMedDevice.10>
        <eMedDevice.PatientNameGroup>
            <eMedDevice.11>2</eMedDevice.11>
            <eMedDevice.12>5</eMedDevice.12>
            <eMedDevice.13>W</eMedDevice.13>
            <eMedDevice.14>9906005</eMedDevice.14>
            <eMedDevice.15>2514011</eMedDevice.15></eMedDevice.PatientNameGroup>
        <eMedDevice.PatientAgeGroup>
            <eMedDevice.16>64</eMedDevice.16>
            <eMedDevice.17>2516009</eMedDevice.17></eMedDevice.PatientAgeGroup>
        <eMedDevice.VitalsGroup>
            <eMedDevice.19>2015-03-03T13:30:26+07:00</eMedDevice.19>
            <eMedDevice.BloodPressureGroup>
                <eMedDevice.23>492</eMedDevice.23>
                <eMedDevice.24>26</eMedDevice.24>
                <eMedDevice.25>3308011</eMedDevice.25>
                <eMedDevice.26>233</eMedDevice.26></eMedDevice.BloodPressureGroup>
            <eMedDevice.HeartRateGroup>
                <eMedDevice.27>98</eMedDevice.27>
                <eMedDevice.28>3311011</eMedDevice.28></eMedDevice.HeartRateGroup>
            <eMedDevice.29>68</eMedDevice.29>
            <eMedDevice.30>70</eMedDevice.30>
            <eMedDevice.31>20</eMedDevice.31>
            <eMedDevice.32>56.0</eMedDevice.32>
            <eMedDevice.33>1869</eMedDevice.33>
            <eMedDevice.BodyTemperatureGroup>
                <eMedDevice.34>27.0</eMedDevice.34>
                <eMedDevice.35>3325017</eMedDevice.35></eMedDevice.BodyTemperatureGroup></eMedDevice.VitalsGroup>
        <eMedDevice.LabsGroup>
            <eMedDevice.36>2015-03-03T13:30:26+07:00</eMedDevice.36>
            <eMedDevice.LabResultGroup>
                <eMedDevice.37>3403113</eMedDevice.37>
                <eMedDevice.38>4</eMedDevice.38></eMedDevice.LabResultGroup>
            <eMedDevice.LabImageGroup>
                <eMedDevice.39>3405013</eMedDevice.39>
                <eMedDevice.40>gYc</eMedDevice.40>
                <eMedDevice.WaveFormGraphicGroup>
                    <eMedDevice.41>a</eMedDevice.41>
                    <eMedDevice.42>bjJEN2JIVWRPSXJteEs1Q0gyUXlNUVZXVURJZFdiVWRDZU5yYUpkNjZKMExqbVk0b0Q=</eMedDevice.42></eMedDevice.WaveFormGraphicGroup></eMedDevice.LabImageGroup></eMedDevice.LabsGroup>
        <eMedDevice.DeviceGroup>
            <eMedDevice.43>ik</eMedDevice.43>
            <eMedDevice.44>2015-03-03T13:30:26+07:00</eMedDevice.44>
            <eMedDevice.45>4103049</eMedDevice.45>
            <eMedDevice.WaveGroup>
                <eMedDevice.46>U</eMedDevice.46>
                <eMedDevice.47>dFZPbGNGZFdqVnBKNk1haTZjaFdmOURoUWlpUG13eWQ3eWdjRnVuWkc0V0lkNEJPQXY=</eMedDevice.47>
                <eMedDevice.48>4106013</eMedDevice.48></eMedDevice.WaveGroup>
            <eMedDevice.49>4107041</eMedDevice.49>
            <eMedDevice.50>t</eMedDevice.50>
            <eMedDevice.ShockGroup>
                <eMedDevice.51>4109003</eMedDevice.51>
                <eMedDevice.52>618.0</eMedDevice.52>
                <eMedDevice.53>36</eMedDevice.53>
                <eMedDevice.54>617</eMedDevice.54></eMedDevice.ShockGroup></eMedDevice.DeviceGroup></eMedDevice></MedDeviceDataSet>