
<MedDeviceDataSet xmlns:xsi="http://www.w3.org/2001/XMLSchema-instance" xsi:schemaLocation="http://www.nemsis.org http://nemsis.org/media/nemsis_v3/release-3.3.4/XSDs/NEMSIS_XSDs/MEDDeviceDataSet_v3.xsd" xmlns="http://www.nemsis.org">
    <eMedDevice>
        <eMedDevice.01>u</eMedDevice.01>
        <eMedDevice.02>C</eMedDevice.02>
        <eMedDevice.03>a0</eMedDevice.03>
        <eMedDevice.04>49</eMedDevice.04>
        <eMedDevice.05>Dt</eMedDevice.05>
        <eMedDevice.06>hy</eMedDevice.06>
        <eMedDevice.07>1603011</eMedDevice.07>
        <eMedDevice.08>14</eMedDevice.08>
        <eMedDevice.09>nq</eMedDevice.09>
        <eMedDevice.10>Aja</eMedDevice.10>
        <eMedDevice.PatientNameGroup>
            <eMedDevice.11>o</eMedDevice.11>
            <eMedDevice.12>6</eMedDevice.12>
            <eMedDevice.13>W</eMedDevice.13>
            <eMedDevice.14>9906005</eMedDevice.14>
            <eMedDevice.15>2514001</eMedDevice.15></eMedDevice.PatientNameGroup>
        <eMedDevice.PatientAgeGroup>
            <eMedDevice.16>42</eMedDevice.16>
            <eMedDevice.17>2516007</eMedDevice.17></eMedDevice.PatientAgeGroup>
        <eMedDevice.18>1978-08-20</eMedDevice.18>
        <eMedDevice.VitalsGroup>
            <eMedDevice.19>2014-04-01T12:29:26+07:00</eMedDevice.19>
            <eMedDevice.CardiacRhythmGroup>
                <eMedDevice.20>9901061</eMedDevice.20>
                <eMedDevice.21>3304005</eMedDevice.21>
                <eMedDevice.22>3305001</eMedDevice.22></eMedDevice.CardiacRhythmGroup>
            <eMedDevice.BloodPressureGroup>
                <eMedDevice.23>405</eMedDevice.23>
                <eMedDevice.24>0</eMedDevice.24>
                <eMedDevice.25>3308001</eMedDevice.25>
                <eMedDevice.26>320</eMedDevice.26></eMedDevice.BloodPressureGroup>
            <eMedDevice.HeartRateGroup>
                <eMedDevice.27>131</eMedDevice.27>
                <eMedDevice.28>3311011</eMedDevice.28></eMedDevice.HeartRateGroup>
            <eMedDevice.29>22</eMedDevice.29>
            <eMedDevice.30>28</eMedDevice.30>
            <eMedDevice.31>69</eMedDevice.31>
            <eMedDevice.32>52</eMedDevice.32>
            <eMedDevice.33>1054</eMedDevice.33>
            <eMedDevice.BodyTemperatureGroup>
                <eMedDevice.34>40.0</eMedDevice.34>
                <eMedDevice.35>3325005</eMedDevice.35></eMedDevice.BodyTemperatureGroup></eMedDevice.VitalsGroup>
        <eMedDevice.LabsGroup>
            <eMedDevice.36>2014-04-01T12:29:26+07:00</eMedDevice.36>
            <eMedDevice.LabResultGroup>
                <eMedDevice.37>3403055</eMedDevice.37>
                <eMedDevice.38>K</eMedDevice.38></eMedDevice.LabResultGroup>
            <eMedDevice.LabImageGroup>
                <eMedDevice.39>3405013</eMedDevice.39>
                <eMedDevice.40>ob6</eMedDevice.40>
                <eMedDevice.WaveFormGraphicGroup>
                    <eMedDevice.41>d</eMedDevice.41>
                    <eMedDevice.42>TWZLbjc2NlE3SG5BZW41TFNacVZDTVVXd2dRRkpQcHV6QjZzTUJsMlBVckdlVHpTMXQ=</eMedDevice.42></eMedDevice.WaveFormGraphicGroup></eMedDevice.LabImageGroup></eMedDevice.LabsGroup>
        <eMedDevice.DeviceGroup>
            <eMedDevice.43>rV</eMedDevice.43>
            <eMedDevice.44>2014-04-01T12:29:26+07:00</eMedDevice.44>
            <eMedDevice.45>4103003</eMedDevice.45>
            <eMedDevice.WaveGroup>
                <eMedDevice.46>b</eMedDevice.46>
                <eMedDevice.47>dUdGTUpiSG95Y0N6VGtVdXoxZ2R3c1VwUTFlVmEzWGRzaXE4ckFsNE5BU2VlNm83Vlo=</eMedDevice.47>
                <eMedDevice.48>4106013</eMedDevice.48></eMedDevice.WaveGroup>
            <eMedDevice.49>4107035</eMedDevice.49>
            <eMedDevice.50>E</eMedDevice.50>
            <eMedDevice.ShockGroup>
                <eMedDevice.51>4109001</eMedDevice.51>
                <eMedDevice.52>4067.0</eMedDevice.52>
                <eMedDevice.53>77</eMedDevice.53>
                <eMedDevice.54>364</eMedDevice.54></eMedDevice.ShockGroup></eMedDevice.DeviceGroup></eMedDevice></MedDeviceDataSet>