<?xml version="1.0" encoding="UTF-8" standalone="yes"?>
<svrl:schematron-output xmlns:svrl="http://purl.oclc.org/dsdl/svrl"
                        xmlns:xs="http://www.w3.org/2001/XMLSchema"
                        xmlns:xsd="http://www.w3.org/2001/XMLSchema"
                        xmlns:saxon="http://saxon.sf.net/"
                        xmlns:schold="http://www.ascc.net/xml/schematron"
                        xmlns:iso="http://purl.oclc.org/dsdl/schematron"
                        xmlns:xhtml="http://www.w3.org/1999/xhtml"
                        xmlns:nem="http://www.nemsis.org"
                        xmlns:xsi="http://www.w3.org/2001/XMLSchema-instance"
                        title="NEMSIS National ISO Schematron file for EMSDataSet"
                        schemaVersion="3.3.4.160713CP2"><!--   
		   
		   
		 -->
   <svrl:ns-prefix-in-attribute-values uri="http://www.nemsis.org" prefix="nem"/>
   <svrl:ns-prefix-in-attribute-values uri="http://www.w3.org/2001/XMLSchema-instance" prefix="xsi"/>
   <svrl:active-pattern document="EMSDataSet-F70A.xml"
                        id="nemSch_consistency_dAgency.02_eResponse.01"
                        name="eResponse.01 EMS Agency Number matches dAgency.02 EMS Agency Number."/>
   <svrl:fired-rule context="nem:eResponse.01"
                    id="nemSch_consistency_dAgency.02_eResponse.01_eResponse.01"/>
   <svrl:active-pattern document="EMSDataSet-F70A.xml"
                        id="nemSch_consistency_delay"
                        name="When a delay for a particular phase of a response is &#34;None/No Delay&#34;, no other delays should be recorded for that phase."/>
   <svrl:active-pattern document="EMSDataSet-F70A.xml"
                        id="nemSch_consistency_eArrest"
                        name="When eArrest.01 Cardiac Arrest is &#34;Yes...&#34;, other elements in the eArrest section are recorded, and when eArrest.01 Cardiac Arrest is not &#34;Yes...&#34;, other elements in the eArrest section are not recorded."/>
   <svrl:fired-rule context="nem:eArrest[nem:eArrest.01 = ('3001003', '3001005')]"
                    id="nemSch_consistency_eArrest_all"/>
   <svrl:active-pattern document="EMSDataSet-F70A.xml"
                        id="nemSch_consistency_eArrest.03"
                        name="eArrest.03 Resuscitation Attempted By EMS does not contain &#34;Attempted/Initiated...&#34; and &#34;Not Attempted...&#34; in the same record."/>
   <svrl:fired-rule context="nem:eArrest[nem:eArrest.03 != '']"
                    id="nemSch_consistency_eArrest.03_attempted"/>
   <svrl:active-pattern document="EMSDataSet-F70A.xml"
                        id="nemSch_consistency_eArrest.03_eArrest.09"
                        name="eArrest.03 Resuscitation Attempted By EMS should contain &#34;Initiated Chest Compressions&#34; when eArrest.09 Type of CPR Provided contains &#34;Compressions...&#34; and should contain &#34;Attempted Ventilation&#34; when eArrest.09 Type of CPR Provided contains &#34;Ventilation...&#34;."/>
   <svrl:fired-rule context="nem:eArrest[nem:eArrest.09 != '']"
                    id="nemSch_consistency_eArrest.03_eArrest.09_match"/>
   <svrl:active-pattern document="EMSDataSet-F70A.xml"
                        id="nemSch_consistency_eDisposition.12"
                        name="Certain elements are recorded, based on eDisposition.12 Incident/Patient Disposition."/>
   <svrl:fired-rule context="nem:PatientCareReport"
                    id="nemSch_consistency_eDisposition.12_all"/>
   <svrl:active-pattern document="EMSDataSet-F70A.xml"
                        id="nemSch_consistency_eDisposition.HospitalTeamActivationGroup"
                        name="eDisposition.24 Destination Team Pre-Arrival Alert or Activation and eDisposition.25 Date/Time of Destination Prearrival Alert or Activation are both recorded when either one is recorded."/>
   <svrl:fired-rule context="nem:eDisposition.HospitalTeamActivationGroup[nem:eDisposition.25 != '']"
                    id="nemSch_consistency_eDisposition.HospitalTeamActivationGroup_eDisposition.24"/>
   <svrl:fired-rule context="nem:eDisposition.HospitalTeamActivationGroup[nem:eDisposition.25 != '']"
                    id="nemSch_consistency_eDisposition.HospitalTeamActivationGroup_eDisposition.24"/>
   <svrl:fired-rule context="nem:eDisposition.HospitalTeamActivationGroup[nem:eDisposition.25 != '']"
                    id="nemSch_consistency_eDisposition.HospitalTeamActivationGroup_eDisposition.24"/>
   <svrl:active-pattern document="EMSDataSet-F70A.xml"
                        id="nemSch_consistency_eInjury"
                        name="When eSituation.02 Possible Injury is &#34;Yes&#34; (and eDisposition.12 Incident/Patient Disposition indicates patient contact), elements in the eInjury section are recorded, and when eSituation.02 Possible Injury is not &#34;Yes&#34;, elements in the eInjury section are not recorded."/>
   <svrl:fired-rule context="nem:eInjury[../nem:eSituation/nem:eSituation.02 = '9922005']"
                    id="nemSch_consistency_eInjury_all"/>
   <svrl:active-pattern document="EMSDataSet-F70A.xml"
                        id="nemSch_consistency_eScene"
                        name="eScene.06 Number of Patients at Scene should be &#34;Multiple&#34; when eScene.07 Mass Casualty Incident is &#34;Yes&#34;."/>
   <svrl:fired-rule context="nem:eScene.07[. = '9923003']"
                    id="nemSch_consistency_eScene.07_mci"/>
   <svrl:active-pattern document="EMSDataSet-F70A.xml"
                        id="nemSch_consistency_eSituation"
                        name="When a Primary Symptom or Impression is empty, Other Symptoms or Impressions should be empty."/>
   <svrl:active-pattern document="EMSDataSet-F70A.xml"
                        id="nemSch_consistency_group"
                        name="Certain elements are recorded in each real medication administration, procedure, or set of vital signs."/>
   <svrl:fired-rule context="nem:eVitals.VitalGroup[some $element in .//* satisfies normalize-space($element) != '']"
                    id="nemSch_consistency_eVitals.VitalGroup"/>
   <svrl:fired-rule context="nem:eVitals.VitalGroup[some $element in .//* satisfies normalize-space($element) != '']"
                    id="nemSch_consistency_eVitals.VitalGroup"/>
   <svrl:fired-rule context="nem:eVitals.VitalGroup[some $element in .//* satisfies normalize-space($element) != '']"
                    id="nemSch_consistency_eVitals.VitalGroup"/>
   <svrl:fired-rule context="nem:eMedications.MedicationGroup[some $element in .//* satisfies normalize-space($element) != '']"
                    id="nemSch_consistency_eMedications.MedicationGroup"/>
   <svrl:fired-rule context="nem:eMedications.MedicationGroup[some $element in .//* satisfies normalize-space($element) != '']"
                    id="nemSch_consistency_eMedications.MedicationGroup"/>
   <svrl:fired-rule context="nem:eMedications.MedicationGroup[some $element in .//* satisfies normalize-space($element) != '']"
                    id="nemSch_consistency_eMedications.MedicationGroup"/>
   <svrl:fired-rule context="nem:eProcedures.ProcedureGroup[some $element in .//* satisfies normalize-space($element) != '']"
                    id="nemSch_consistency_eProcedures.ProcedureGroup"/>
   <svrl:fired-rule context="nem:eProcedures.ProcedureGroup[some $element in .//* satisfies normalize-space($element) != '']"
                    id="nemSch_consistency_eProcedures.ProcedureGroup"/>
   <svrl:fired-rule context="nem:eProcedures.ProcedureGroup[some $element in .//* satisfies normalize-space($element) != '']"
                    id="nemSch_consistency_eProcedures.ProcedureGroup"/>
   <svrl:active-pattern document="EMSDataSet-F70A.xml"
                        id="nemSch_consistency_nilNvPn"
                        name="The combination of nil, Not Value (NV), and Pertinent Negative (PN) attributes for an element is appropriate."/>
   <svrl:fired-rule context="*[@PN]" id="nemSch_nilNvPn_Pn"/>
   <svrl:fired-rule context="*[@xsi:nil = 'true']" id="nemSch_nilNvPn_nil"/>
   <svrl:fired-rule context="nem:dCustomResults.01 | nem:eCustomResults.01"
                    id="nemSch_nilNvPn_customResults"/>
   <svrl:active-pattern document="EMSDataSet-F70A.xml"
                        id="nemSch_format_ansi"
                        name="ANSI state and county codes are numeric."/>
   <svrl:fired-rule context="nem:dAgency.04 | nem:dAgency.05 | nem:dConfiguration.01 | nem:dContact.07 | nem:dFacility.09 | nem:dLocation.08 | nem:dPersonnel.06 | nem:dPersonnel.22 | nem:eDisposition.05 | nem:ePatient.08 | nem:ePatient.20 | nem:ePayment.14 | nem:ePayment.28 | nem:ePayment.36 | nem:eScene.18"
                    id="nemSch_format_ansi_state"/>
   <svrl:fired-rule context="nem:dAgency.06 | nem:dFacility.11 | nem:dLocation.10 | nem:eDisposition.06 | nem:ePatient.07 | nem:eScene.21"
                    id="nemSch_format_ansi_county"/>
   <svrl:fired-rule context="nem:dAgency.04 | nem:dAgency.05 | nem:dConfiguration.01 | nem:dContact.07 | nem:dFacility.09 | nem:dLocation.08 | nem:dPersonnel.06 | nem:dPersonnel.22 | nem:eDisposition.05 | nem:ePatient.08 | nem:ePatient.20 | nem:ePayment.14 | nem:ePayment.28 | nem:ePayment.36 | nem:eScene.18"
                    id="nemSch_format_ansi_state"/>
   <svrl:fired-rule context="nem:dAgency.04 | nem:dAgency.05 | nem:dConfiguration.01 | nem:dContact.07 | nem:dFacility.09 | nem:dLocation.08 | nem:dPersonnel.06 | nem:dPersonnel.22 | nem:eDisposition.05 | nem:ePatient.08 | nem:ePatient.20 | nem:ePayment.14 | nem:ePayment.28 | nem:ePayment.36 | nem:eScene.18"
                    id="nemSch_format_ansi_state"/>
   <svrl:fired-rule context="nem:dAgency.04 | nem:dAgency.05 | nem:dConfiguration.01 | nem:dContact.07 | nem:dFacility.09 | nem:dLocation.08 | nem:dPersonnel.06 | nem:dPersonnel.22 | nem:eDisposition.05 | nem:ePatient.08 | nem:ePatient.20 | nem:ePayment.14 | nem:ePayment.28 | nem:ePayment.36 | nem:eScene.18"
                    id="nemSch_format_ansi_state"/>
   <svrl:fired-rule context="nem:dAgency.04 | nem:dAgency.05 | nem:dConfiguration.01 | nem:dContact.07 | nem:dFacility.09 | nem:dLocation.08 | nem:dPersonnel.06 | nem:dPersonnel.22 | nem:eDisposition.05 | nem:ePatient.08 | nem:ePatient.20 | nem:ePayment.14 | nem:ePayment.28 | nem:ePayment.36 | nem:eScene.18"
                    id="nemSch_format_ansi_state"/>
   <svrl:fired-rule context="nem:dAgency.04 | nem:dAgency.05 | nem:dConfiguration.01 | nem:dContact.07 | nem:dFacility.09 | nem:dLocation.08 | nem:dPersonnel.06 | nem:dPersonnel.22 | nem:eDisposition.05 | nem:ePatient.08 | nem:ePatient.20 | nem:ePayment.14 | nem:ePayment.28 | nem:ePayment.36 | nem:eScene.18"
                    id="nemSch_format_ansi_state"/>
   <svrl:fired-rule context="nem:dAgency.04 | nem:dAgency.05 | nem:dConfiguration.01 | nem:dContact.07 | nem:dFacility.09 | nem:dLocation.08 | nem:dPersonnel.06 | nem:dPersonnel.22 | nem:eDisposition.05 | nem:ePatient.08 | nem:ePatient.20 | nem:ePayment.14 | nem:ePayment.28 | nem:ePayment.36 | nem:eScene.18"
                    id="nemSch_format_ansi_state"/>
   <svrl:fired-rule context="nem:dAgency.04 | nem:dAgency.05 | nem:dConfiguration.01 | nem:dContact.07 | nem:dFacility.09 | nem:dLocation.08 | nem:dPersonnel.06 | nem:dPersonnel.22 | nem:eDisposition.05 | nem:ePatient.08 | nem:ePatient.20 | nem:ePayment.14 | nem:ePayment.28 | nem:ePayment.36 | nem:eScene.18"
                    id="nemSch_format_ansi_state"/>
   <svrl:fired-rule context="nem:dAgency.06 | nem:dFacility.11 | nem:dLocation.10 | nem:eDisposition.06 | nem:ePatient.07 | nem:eScene.21"
                    id="nemSch_format_ansi_county"/>
   <svrl:fired-rule context="nem:dAgency.04 | nem:dAgency.05 | nem:dConfiguration.01 | nem:dContact.07 | nem:dFacility.09 | nem:dLocation.08 | nem:dPersonnel.06 | nem:dPersonnel.22 | nem:eDisposition.05 | nem:ePatient.08 | nem:ePatient.20 | nem:ePayment.14 | nem:ePayment.28 | nem:ePayment.36 | nem:eScene.18"
                    id="nemSch_format_ansi_state"/>
   <svrl:fired-rule context="nem:dAgency.06 | nem:dFacility.11 | nem:dLocation.10 | nem:eDisposition.06 | nem:ePatient.07 | nem:eScene.21"
                    id="nemSch_format_ansi_county"/>
   <svrl:active-pattern document="EMSDataSet-F70A.xml"
                        id="nemSch_sequence_time"
                        name="The sequence of date/time elements is appropriate."/>
   <svrl:fired-rule context="nem:eTimes" id="nemSch_sequence_time_eTimes"/>
   <svrl:fired-rule context="nem:eVitals.01[. != '']" id="nemSch_sequence_time_eVitals.01"/>
   <svrl:fired-rule context="nem:eVitals.01[. != '']" id="nemSch_sequence_time_eVitals.01"/>
   <svrl:fired-rule context="nem:eVitals.01[. != '']" id="nemSch_sequence_time_eVitals.01"/>
   <svrl:fired-rule context="nem:eLabs.01[. != '']" id="nemSch_sequence_time_eLabs.01"/>
   <svrl:fired-rule context="nem:eLabs.01[. != '']" id="nemSch_sequence_time_eLabs.01"/>
   <svrl:fired-rule context="nem:eExam.03[. != '']" id="nemSch_sequence_time_eExam.03"/>
   <svrl:fired-rule context="nem:eExam.03[. != '']" id="nemSch_sequence_time_eExam.03"/>
   <svrl:fired-rule context="nem:eExam.03[. != '']" id="nemSch_sequence_time_eExam.03"/>
   <svrl:fired-rule context="nem:eMedications.01[. != '']"
                    id="nemSch_sequence_time_eMedications.01"/>
   <svrl:fired-rule context="nem:eMedications.01[. != '']"
                    id="nemSch_sequence_time_eMedications.01"/>
   <svrl:fired-rule context="nem:eMedications.01[. != '']"
                    id="nemSch_sequence_time_eMedications.01"/>
   <svrl:fired-rule context="nem:eProcedures.01[. != '']"
                    id="nemSch_sequence_time_eProcedures.01"/>
   <svrl:fired-rule context="nem:eProcedures.01[. != '']"
                    id="nemSch_sequence_time_eProcedures.01"/>
   <svrl:fired-rule context="nem:eProcedures.01[. != '']"
                    id="nemSch_sequence_time_eProcedures.01"/>
   <svrl:fired-rule context="nem:eDevice.02[. != '']" id="nemSch_sequence_time_eDevice.02"/>
   <svrl:fired-rule context="nem:eDevice.02[. != '']" id="nemSch_sequence_time_eDevice.02"/>
   <svrl:fired-rule context="nem:eDisposition.25[. != '']"
                    id="nemSch_sequence_time_eDisposition.25"/>
   <svrl:fired-rule context="nem:eDisposition.25[. != '']"
                    id="nemSch_sequence_time_eDisposition.25"/>
   <svrl:fired-rule context="nem:eDisposition.25[. != '']"
                    id="nemSch_sequence_time_eDisposition.25"/>
</svrl:schematron-output>
