<?xml version="1.0" encoding="UTF-8"?>
<StateDataSet xmlns="http://www.nemsis.org"
 xmlns:xsi="http://www.w3.org/2001/XMLSchema-instance"
 xsi:schemaLocation="http://www.nemsis.org http://nemsis.org/media/nemsis_v3/release-3.5.0/XSDs/NEMSIS_XSDs/StateDataSet_v3.xsd" timestamp="2020-10-12T14:23:04+07:00">
    <sState>
        <sState.01>92</sState.01>
    </sState>
    <seCustomConfiguration>
        <seCustomConfiguration.CustomGroup CustomElementID="Esfrp_xMZTtbj2ok">
            <seCustomConfiguration.01 nemsisElement="klmzWWBD">yX8s0NVBCSP-c8MfDbDSa13f-IFZuhMiUewJzelnn7BrWFin-Mk.QikSzz2tJWnr2rBI0Zmow.87owhiT5neTgH</seCustomConfiguration.01>
            <seCustomConfiguration.02>XjBdIn40JFEwTVUTWeNshrAZI</seCustomConfiguration.02>
            <seCustomConfiguration.03>9902009</seCustomConfiguration.03>
            <seCustomConfiguration.04>9923001</seCustomConfiguration.04>
            <seCustomConfiguration.05>9903003</seCustomConfiguration.05>
            <seCustomConfiguration.06 nemsisCode="HPnk8UJqf" customValueDescription="UzmCC">qNSG.pL7N7abyOwRPTN8nO7yTFpoMGx.wPf7PJNyxS6na6fQ</seCustomConfiguration.06>
            <seCustomConfiguration.07>7701001</seCustomConfiguration.07>
            <seCustomConfiguration.08>8801027</seCustomConfiguration.08>
            <seCustomConfiguration.09>JAjVLoOuaEX8tKedGjYi</seCustomConfiguration.09>
        </seCustomConfiguration.CustomGroup>
    </seCustomConfiguration>
    <sdCustomConfiguration>
        <sdCustomConfiguration.CustomGroup CustomElementID="LoriKfPu6j9WWU0fAISxbQ38X-kO4fou2D5ClqyiTaI5D8uUrGmET.G6YCaRIP55T3CR_JRkatDF0NAi0-DtNQ">
            <sdCustomConfiguration.01 nemsisElement="mxcpqW.Xz">IiU5q</sdCustomConfiguration.01>
            <sdCustomConfiguration.02>enSvWx2et9C.B0n8.V9aU59Q-D8xWUL4Gx0Vs1JAiLDWLMwwfxA301XekIvawOMnw-3VZCZ_DEA6HiCXbdbDXABZCL00XDQyxICdc</sdCustomConfiguration.02>
            <sdCustomConfiguration.03>9902009</sdCustomConfiguration.03>
            <sdCustomConfiguration.04>9923003</sdCustomConfiguration.04>
            <sdCustomConfiguration.05>9903005</sdCustomConfiguration.05>
            <sdCustomConfiguration.06 nemsisCode="p7" customValueDescription="KblCSaD">EeTJuZi0vX-JNS8.MKMjafNbuYQeBOskArxae8aanRwG.5f</sdCustomConfiguration.06>
            <sdCustomConfiguration.07>7701005</sdCustomConfiguration.07>
            <sdCustomConfiguration.08>8801031</sdCustomConfiguration.08>
            <sdCustomConfiguration.09>jzKwy51G1eO3QJKSPqu2rPi2YN2bCYr_ZAkGPEnH5isiV9R7UtnYzQ4V4SFUSdE6fND74Ju7w83yLtMkVkOtsdHja8Q1qA6Tc1Ux8p1t.ndBKlee5LVQ2K</sdCustomConfiguration.09>
        </sdCustomConfiguration.CustomGroup>
    </sdCustomConfiguration>
    <sSoftware>
        <sSoftware.SoftwareGroup>
            <sSoftware.01 xsi:nil="true" NV="7701003"></sSoftware.01>
            <sSoftware.02 xsi:nil="true" NV="7701001"></sSoftware.02>
            <sSoftware.03 xsi:nil="true" NV="7701001"></sSoftware.03>
        </sSoftware.SoftwareGroup>
    </sSoftware>
    <sElement>
        <sElement.01 xsi:nil="true" NV="7701003"></sElement.01>
    </sElement>
    <sConfiguration>
        <sConfiguration.01 xsi:nil="true" NV="7701003"></sConfiguration.01>
        <sConfiguration.ProcedureGroup>
            <sConfiguration.02 xsi:nil="true" NV="7701003"></sConfiguration.02>
            <sConfiguration.03 xsi:nil="true" NV="7701003"></sConfiguration.03>
        </sConfiguration.ProcedureGroup>
        <sConfiguration.MedicationGroup>
            <sConfiguration.04 xsi:nil="true" NV="7701001"></sConfiguration.04>
            <sConfiguration.05 xsi:nil="true" NV="7701003"></sConfiguration.05>
        </sConfiguration.MedicationGroup>
        <sConfiguration.06 xsi:nil="true" NV="7701003"></sConfiguration.06>
    </sConfiguration>
    <sAgency>
        <sAgencyGroup>
            <sAgency.01 xsi:nil="true" NV="7701005"></sAgency.01>
            <sAgency.02 xsi:nil="true" NV="7701003"></sAgency.02>
            <sAgency.03 xsi:nil="true" NV="7701005"></sAgency.03>
        </sAgencyGroup>
    </sAgency>
    <sFacility>
        <sFacilityGroup>
            <sFacility.01 xsi:nil="true" NV="7701001"></sFacility.01>
            <sFacility.FacilityGroup>
                <sFacility.02 xsi:nil="true" NV="7701001"></sFacility.02>
                <sFacility.03 xsi:nil="true" NV="7701001"></sFacility.03>
                <sFacility.04 xsi:nil="true" NV="7701001"></sFacility.04>
                <sFacility.05>fquDdaNQwC</sFacility.05>
                <sFacility.06>wyaLEEGa.</sFacility.06>
                <sFacility.07 StreetAddress2="U5_oEJQc29vwbTs9T5jWXCf2jdix2YXK6LftacD-pgLqG.Paen.1p9MHbDtV1geV">zFLiMzAByHs_jGg_Gkck_6F5CzPcFkaoKEunrwuDk2Epa7cB9cHvLjhHzRn2glQQECTTSZ2Kk-9ga5vJ1aC3f701</sFacility.07>
                <sFacility.08>1533419268</sFacility.08>
                <sFacility.09 xsi:nil="true" NV="7701003"></sFacility.09>
                <sFacility.10 xsi:nil="true" NV="7701001"></sFacility.10>
                <sFacility.11 xsi:nil="true" NV="7701001"></sFacility.11>
                <sFacility.12>US</sFacility.12>
                <sFacility.13>90,49.849</sFacility.13>
                <sFacility.14>2LMP30838487</sFacility.14>
                <sFacility.15 PhoneNumberType="9913007">511-915-2008</sFacility.15>
            </sFacility.FacilityGroup>
        </sFacilityGroup>
    </sFacility>
</StateDataSet>
