<?xml version="1.0" encoding="UTF-8" standalone="yes"?>
<svrl:schematron-output xmlns:svrl="http://purl.oclc.org/dsdl/svrl"
                        xmlns:xs="http://www.w3.org/2001/XMLSchema"
                        xmlns:xsd="http://www.w3.org/2001/XMLSchema"
                        xmlns:saxon="http://saxon.sf.net/"
                        xmlns:schold="http://www.ascc.net/xml/schematron"
                        xmlns:iso="http://purl.oclc.org/dsdl/schematron"
                        xmlns:xhtml="http://www.w3.org/1999/xhtml"
                        xmlns:nem="http://www.nemsis.org"
                        xmlns:xsi="http://www.w3.org/2001/XMLSchema-instance"
                        title="NEMSIS National ISO Schematron file for EMSDataSet"
                        schemaVersion="3.4.0.170111"><!--   
		   
		   
		 -->
   <svrl:ns-prefix-in-attribute-values uri="http://www.nemsis.org" prefix="nem"/>
   <svrl:ns-prefix-in-attribute-values uri="http://www.w3.org/2001/XMLSchema-instance" prefix="xsi"/>
   <svrl:active-pattern document="EMSDataSet-8B13.xml"
                        id="nemSch_consistency_dAgency.02_eResponse.01"
                        name="eResponse.01 EMS Agency Number matches dAgency.02 EMS Agency Number."/>
   <svrl:fired-rule context="nem:eResponse.01"
                    id="nemSch_consistency_dAgency.02_eResponse.01_eResponse.01"/>
   <svrl:active-pattern document="EMSDataSet-8B13.xml"
                        id="nemSch_consistency_eArrest"
                        name="When eArrest.01 Cardiac Arrest is &#34;Yes...&#34;, other elements in the eArrest section are recorded, and when eArrest.01 Cardiac Arrest is not &#34;Yes...&#34;, other elements in the eArrest section are not recorded."/>
   <svrl:fired-rule context="nem:eArrest[nem:eArrest.01 = ('3001003', '3001005')]"
                    id="nemSch_consistency_eArrest_all"/>
   <svrl:active-pattern document="EMSDataSet-8B13.xml"
                        id="nemSch_consistency_eArrest.03"
                        name="eArrest.03 Resuscitation Attempted By EMS does not contain &#34;Attempted/Initiated...&#34; and &#34;Not Attempted...&#34; in the same record."/>
   <svrl:fired-rule context="nem:eArrest[nem:eArrest.03 != '']"
                    id="nemSch_consistency_eArrest.03_attempted"/>
   <svrl:active-pattern document="EMSDataSet-8B13.xml"
                        id="nemSch_consistency_eArrest.03_eArrest.09"
                        name="In eArrest.03 Resuscitation Attempted By EMS and eArrest.09 Type of CPR Provided, information is consistent regarding compressions and ventilation."/>
   <svrl:fired-rule context="nem:eArrest[nem:eArrest.03 !='' or nem:eArrest.09 != '']"
                    id="nemSch_consistency_eArrest.03_eArrest.09_match"/>
   <svrl:active-pattern document="EMSDataSet-8B13.xml"
                        id="nemSch_consistency_eDisposition"
                        name="Elements in the eDisposition section are consistent."/>
   <svrl:fired-rule context="nem:eDisposition.06[. != '']"
                    id="nemSch_consistency_eDisposition.06"/>
   <svrl:fired-rule context="nem:eDisposition.21[. = ('4221003', '4221005', '4221023')]"
                    id="nemSch_consistency_eDisposition.21_hospital"/>
   <svrl:active-pattern document="EMSDataSet-8B13.xml"
                        id="nemSch_consistency_eDisposition.12"
                        name="Certain elements are recorded, based on eDisposition.12 Incident/Patient Disposition."/>
   <svrl:fired-rule context="nem:PatientCareReport"
                    id="nemSch_consistency_eDisposition.12_all"/>
   <svrl:active-pattern document="EMSDataSet-8B13.xml"
                        id="nemSch_consistency_eDisposition.HospitalTeamActivationGroup"
                        name="eDisposition.24 Destination Team Pre-Arrival Alert or Activation and eDisposition.25 Date/Time of Destination Prearrival Alert or Activation are both recorded when either one is recorded."/>
   <svrl:active-pattern document="EMSDataSet-8B13.xml"
                        id="nemSch_consistency_eInjury"
                        name="When eSituation.02 Possible Injury is &#34;Yes&#34; (and eDisposition.12 Incident/Patient Disposition indicates patient contact), elements in the eInjury section are recorded, and when eSituation.02 Possible Injury is not &#34;Yes&#34;, elements in the eInjury section are not recorded."/>
   <svrl:fired-rule context="nem:eInjury[../nem:eSituation/nem:eSituation.02 = '9922005']"
                    id="nemSch_consistency_eInjury_all"/>
   <svrl:active-pattern document="EMSDataSet-8B13.xml"
                        id="nemSch_consistency_ePatient"
                        name="Elements in the ePatient section are consistent."/>
   <svrl:fired-rule context="nem:ePatient.07[. != '']" id="nemSch_consistency_ePatient.07"/>
   <svrl:fired-rule context="nem:ePatient.15[. != '']" id="nemSch_consistency_ePatient.15"/>
   <svrl:active-pattern document="EMSDataSet-8B13.xml"
                        id="nemSch_consistency_eScene"
                        name="Elements in the eScene section are consistent."/>
   <svrl:fired-rule context="nem:eScene.07[. = '9923003']"
                    id="nemSch_consistency_eScene.07_mci"/>
   <svrl:fired-rule context="nem:eScene.21[. != '']" id="nemSch_consistency_eScene.21"/>
   <svrl:active-pattern document="EMSDataSet-8B13.xml"
                        id="nemSch_consistency_eSituation"
                        name="Elements in the eSituation section are consistent."/>
   <svrl:active-pattern document="EMSDataSet-8B13.xml"
                        id="nemSch_consistency_group"
                        name="Certain elements are recorded in each real medication administration, procedure, or set of vital signs."/>
   <svrl:fired-rule context="nem:eMedications.MedicationGroup[some $element in .//* satisfies normalize-space($element) != '']"
                    id="nemSch_consistency_eMedications.MedicationGroup"/>
   <svrl:fired-rule context="nem:eProcedures.ProcedureGroup[some $element in .//* satisfies normalize-space($element) != '']"
                    id="nemSch_consistency_eProcedures.ProcedureGroup"/>
   <svrl:active-pattern document="EMSDataSet-8B13.xml"
                        id="nemSch_consistency_nilNvPn"
                        name="The combination of nil, Not Value (NV), and Pertinent Negative (PN) attributes for an element is appropriate."/>
   <svrl:fired-rule context="*[@xsi:nil = 'true']" id="nemSch_nilNvPn_nil"/>
   <svrl:fired-rule context="*[@xsi:nil = 'true']" id="nemSch_nilNvPn_nil"/>
   <svrl:fired-rule context="*[@xsi:nil = 'true']" id="nemSch_nilNvPn_nil"/>
   <svrl:fired-rule context="*[@xsi:nil = 'true']" id="nemSch_nilNvPn_nil"/>
   <svrl:fired-rule context="*[@xsi:nil = 'true']" id="nemSch_nilNvPn_nil"/>
   <svrl:fired-rule context="*[@xsi:nil = 'true']" id="nemSch_nilNvPn_nil"/>
   <svrl:fired-rule context="*[@xsi:nil = 'true']" id="nemSch_nilNvPn_nil"/>
   <svrl:fired-rule context="*[@xsi:nil = 'true']" id="nemSch_nilNvPn_nil"/>
   <svrl:fired-rule context="*[@xsi:nil = 'true']" id="nemSch_nilNvPn_nil"/>
   <svrl:fired-rule context="*[@xsi:nil = 'true']" id="nemSch_nilNvPn_nil"/>
   <svrl:fired-rule context="*[@xsi:nil = 'true']" id="nemSch_nilNvPn_nil"/>
   <svrl:fired-rule context="*[@xsi:nil = 'true']" id="nemSch_nilNvPn_nil"/>
   <svrl:fired-rule context="*[@xsi:nil = 'true']" id="nemSch_nilNvPn_nil"/>
   <svrl:fired-rule context="*[@xsi:nil = 'true']" id="nemSch_nilNvPn_nil"/>
   <svrl:fired-rule context="*[@xsi:nil = 'true']" id="nemSch_nilNvPn_nil"/>
   <svrl:fired-rule context="*[@xsi:nil = 'true']" id="nemSch_nilNvPn_nil"/>
   <svrl:fired-rule context="*[@xsi:nil = 'true']" id="nemSch_nilNvPn_nil"/>
   <svrl:fired-rule context="*[@xsi:nil = 'true']" id="nemSch_nilNvPn_nil"/>
   <svrl:fired-rule context="*[@xsi:nil = 'true']" id="nemSch_nilNvPn_nil"/>
   <svrl:fired-rule context="*[@xsi:nil = 'true']" id="nemSch_nilNvPn_nil"/>
   <svrl:fired-rule context="*[@PN]" id="nemSch_nilNvPn_Pn"/>
   <svrl:fired-rule context="*[@xsi:nil = 'true']" id="nemSch_nilNvPn_nil"/>
   <svrl:fired-rule context="*[@xsi:nil = 'true']" id="nemSch_nilNvPn_nil"/>
   <svrl:fired-rule context="*[@xsi:nil = 'true']" id="nemSch_nilNvPn_nil"/>
   <svrl:fired-rule context="*[@xsi:nil = 'true']" id="nemSch_nilNvPn_nil"/>
   <svrl:fired-rule context="*[@xsi:nil = 'true']" id="nemSch_nilNvPn_nil"/>
   <svrl:fired-rule context="*[@xsi:nil = 'true']" id="nemSch_nilNvPn_nil"/>
   <svrl:fired-rule context="*[@xsi:nil = 'true']" id="nemSch_nilNvPn_nil"/>
   <svrl:fired-rule context="*[@xsi:nil = 'true']" id="nemSch_nilNvPn_nil"/>
   <svrl:fired-rule context="*[@xsi:nil = 'true']" id="nemSch_nilNvPn_nil"/>
   <svrl:fired-rule context="*[@xsi:nil = 'true']" id="nemSch_nilNvPn_nil"/>
   <svrl:fired-rule context="nem:eMedications.03[@PN] | nem:eProcedures.03[@PN]"
                    id="nemSch_nilNvPn_Pn_medication_procedure"/>
   <svrl:fired-rule context="*[@xsi:nil = 'true']" id="nemSch_nilNvPn_nil"/>
   <svrl:fired-rule context="*[@xsi:nil = 'true']" id="nemSch_nilNvPn_nil"/>
   <svrl:fired-rule context="*[@xsi:nil = 'true']" id="nemSch_nilNvPn_nil"/>
   <svrl:fired-rule context="*[@xsi:nil = 'true']" id="nemSch_nilNvPn_nil"/>
   <svrl:fired-rule context="*[@xsi:nil = 'true']" id="nemSch_nilNvPn_nil"/>
   <svrl:fired-rule context="*[@xsi:nil = 'true']" id="nemSch_nilNvPn_nil"/>
   <svrl:fired-rule context="*[@xsi:nil = 'true']" id="nemSch_nilNvPn_nil"/>
   <svrl:fired-rule context="*[@xsi:nil = 'true']" id="nemSch_nilNvPn_nil"/>
   <svrl:fired-rule context="*[@xsi:nil = 'true']" id="nemSch_nilNvPn_nil"/>
   <svrl:fired-rule context="*[@xsi:nil = 'true']" id="nemSch_nilNvPn_nil"/>
   <svrl:fired-rule context="*[@xsi:nil = 'true']" id="nemSch_nilNvPn_nil"/>
   <svrl:fired-rule context="*[@xsi:nil = 'true']" id="nemSch_nilNvPn_nil"/>
   <svrl:fired-rule context="*[@xsi:nil = 'true']" id="nemSch_nilNvPn_nil"/>
   <svrl:fired-rule context="*[@xsi:nil = 'true']" id="nemSch_nilNvPn_nil"/>
   <svrl:fired-rule context="*[@xsi:nil = 'true']" id="nemSch_nilNvPn_nil"/>
   <svrl:fired-rule context="nem:eMedications.03[@PN] | nem:eProcedures.03[@PN]"
                    id="nemSch_nilNvPn_Pn_medication_procedure"/>
   <svrl:fired-rule context="*[@xsi:nil = 'true']" id="nemSch_nilNvPn_nil"/>
   <svrl:fired-rule context="*[@xsi:nil = 'true']" id="nemSch_nilNvPn_nil"/>
   <svrl:fired-rule context="*[@xsi:nil = 'true']" id="nemSch_nilNvPn_nil"/>
   <svrl:fired-rule context="*[@xsi:nil = 'true']" id="nemSch_nilNvPn_nil"/>
   <svrl:fired-rule context="*[@xsi:nil = 'true']" id="nemSch_nilNvPn_nil"/>
   <svrl:fired-rule context="*[@xsi:nil = 'true']" id="nemSch_nilNvPn_nil"/>
   <svrl:fired-rule context="nem:dCustomResults.01 | nem:eCustomResults.01"
                    id="nemSch_nilNvPn_customResults"/>
   <svrl:active-pattern document="EMSDataSet-8B13.xml"
                        id="nemSch_sequence_time"
                        name="The sequence of date/time elements is appropriate."/>
   <svrl:fired-rule context="nem:eTimes" id="nemSch_sequence_time_eTimes"/>
   <svrl:failed-assert test="not($eAirway.10 or $eAirway.11 or $eOutcome.11 or $eOutcome.16 or $eTimes.02 or $eTimes.03 or $eTimes.04 or $eTimes.05 or $eTimes.06 or $eTimes.07 or $eTimes.08 or $eTimes.09 or $eTimes.10 or $eTimes.11 or $eTimes.12 or $eTimes.13 or $eTimes.14 or $eTimes.15 or $eTimes.16)"
                       id="nemSch_sequence_time_eTimes_order"
                       role="[WARNING]"
                       location="/*:EMSDataSet[namespace-uri()='http://www.nemsis.org'][1]/*:Header[namespace-uri()='http://www.nemsis.org'][1]/*:PatientCareReport[namespace-uri()='http://www.nemsis.org'][1]/*:eTimes[namespace-uri()='http://www.nemsis.org'][1]">
      <svrl:text>
      Date/Times should be in order. The following times are too early:
      Date/Time Decision to Manage the Patient with an Invasive Airway, Date/Time Invasive Airway Placement Attempts Abandoned, Date/Time of Hospital Admission, Date/Time of Hospital Discharge, Dispatch Notified Date/Time, Unit Notified by Dispatch Date/Time, Dispatch Acknowledged Date/Time, Unit En Route Date/Time, Unit Arrived on Scene Date/Time, Arrived at Patient Date/Time, Transfer of EMS Patient Care Date/Time, Unit Left Scene Date/Time, Arrival at Destination Landing Area Date/Time, Patient Arrived at Destination Date/Time, Destination Patient Transfer of Care Date/Time, Unit Back in Service Date/Time, Unit Canceled Date/Time, Unit Back at Home Location Date/Time, EMS Call Completed Date/Time</svrl:text>
      <svrl:diagnostic-reference diagnostic="nemsisDiagnostic">
         <nemsisDiagnostic xmlns="http://www.nemsis.org" xmlns:sch="http://purl.oclc.org/dsdl/schematron">
            <record>
               <dAgency.01>0</dAgency.01>
               <dAgency.02>A</dAgency.02>
               <dAgency.04>49</dAgency.04>
               <eRecord.01>g59</eRecord.01>
            </record>
            <elements>
               <element location="/*:EMSDataSet[namespace-uri()='http://www.nemsis.org'][1]/*:Header[namespace-uri()='http://www.nemsis.org'][1]/*:PatientCareReport[namespace-uri()='http://www.nemsis.org'][1]/*:eAirway[namespace-uri()='http://www.nemsis.org'][1]/*:eAirway.AirwayGroup[namespace-uri()='http://www.nemsis.org'][1]/*:eAirway.10[namespace-uri()='http://www.nemsis.org'][1]">2015-02-12T12:36:22-00:00</element>
               <element location="/*:EMSDataSet[namespace-uri()='http://www.nemsis.org'][1]/*:Header[namespace-uri()='http://www.nemsis.org'][1]/*:PatientCareReport[namespace-uri()='http://www.nemsis.org'][1]/*:eAirway[namespace-uri()='http://www.nemsis.org'][1]/*:eAirway.AirwayGroup[namespace-uri()='http://www.nemsis.org'][1]/*:eAirway.11[namespace-uri()='http://www.nemsis.org'][1]">2015-02-12T12:36:22-00:00</element>
               <element location="/*:EMSDataSet[namespace-uri()='http://www.nemsis.org'][1]/*:Header[namespace-uri()='http://www.nemsis.org'][1]/*:PatientCareReport[namespace-uri()='http://www.nemsis.org'][1]/*:eArrest[namespace-uri()='http://www.nemsis.org'][1]/*:eArrest.14[namespace-uri()='http://www.nemsis.org'][1]">2015-02-12T11:01:21-00:00</element>
               <element location="/*:EMSDataSet[namespace-uri()='http://www.nemsis.org'][1]/*:Header[namespace-uri()='http://www.nemsis.org'][1]/*:PatientCareReport[namespace-uri()='http://www.nemsis.org'][1]/*:eArrest[namespace-uri()='http://www.nemsis.org'][1]/*:eArrest.15[namespace-uri()='http://www.nemsis.org'][1]">2015-02-12T12:36:21-00:00</element>
               <element location="/*:EMSDataSet[namespace-uri()='http://www.nemsis.org'][1]/*:Header[namespace-uri()='http://www.nemsis.org'][1]/*:PatientCareReport[namespace-uri()='http://www.nemsis.org'][1]/*:eArrest[namespace-uri()='http://www.nemsis.org'][1]/*:eArrest.19[namespace-uri()='http://www.nemsis.org'][1]">2015-02-12T12:36:22-00:00</element>
               <element location="/*:EMSDataSet[namespace-uri()='http://www.nemsis.org'][1]/*:Header[namespace-uri()='http://www.nemsis.org'][1]/*:PatientCareReport[namespace-uri()='http://www.nemsis.org'][1]/*:eHistory[namespace-uri()='http://www.nemsis.org'][1]/*:eHistory.19[namespace-uri()='http://www.nemsis.org'][1]">2015-02-12T10:00:22-00:00</element>
               <element location="/*:EMSDataSet[namespace-uri()='http://www.nemsis.org'][1]/*:Header[namespace-uri()='http://www.nemsis.org'][1]/*:PatientCareReport[namespace-uri()='http://www.nemsis.org'][1]/*:eInjury[namespace-uri()='http://www.nemsis.org'][1]/*:eInjury.CollisionGroup[namespace-uri()='http://www.nemsis.org'][1]/*:eInjury.14[namespace-uri()='http://www.nemsis.org'][1]">2015-02-12T11:01:21-00:00</element>
               <element location="/*:EMSDataSet[namespace-uri()='http://www.nemsis.org'][1]/*:Header[namespace-uri()='http://www.nemsis.org'][1]/*:PatientCareReport[namespace-uri()='http://www.nemsis.org'][1]/*:eOutcome[namespace-uri()='http://www.nemsis.org'][1]/*:eOutcome.11[namespace-uri()='http://www.nemsis.org'][1]">2015-02-12T13:36:22-00:00</element>
               <element location="/*:EMSDataSet[namespace-uri()='http://www.nemsis.org'][1]/*:Header[namespace-uri()='http://www.nemsis.org'][1]/*:PatientCareReport[namespace-uri()='http://www.nemsis.org'][1]/*:eOutcome[namespace-uri()='http://www.nemsis.org'][1]/*:eOutcome.16[namespace-uri()='http://www.nemsis.org'][1]">2015-02-12T15:00:00-00:00</element>
               <element location="/*:EMSDataSet[namespace-uri()='http://www.nemsis.org'][1]/*:Header[namespace-uri()='http://www.nemsis.org'][1]/*:PatientCareReport[namespace-uri()='http://www.nemsis.org'][1]/*:eScene[namespace-uri()='http://www.nemsis.org'][1]/*:eScene.05[namespace-uri()='http://www.nemsis.org'][1]">2015-02-12T12:01:21-00:00</element>
               <element location="/*:EMSDataSet[namespace-uri()='http://www.nemsis.org'][1]/*:Header[namespace-uri()='http://www.nemsis.org'][1]/*:PatientCareReport[namespace-uri()='http://www.nemsis.org'][1]/*:eSituation[namespace-uri()='http://www.nemsis.org'][1]/*:eSituation.01[namespace-uri()='http://www.nemsis.org'][1]">2015-02-12T11:01:21-00:00</element>
               <element location="/*:EMSDataSet[namespace-uri()='http://www.nemsis.org'][1]/*:Header[namespace-uri()='http://www.nemsis.org'][1]/*:PatientCareReport[namespace-uri()='http://www.nemsis.org'][1]/*:eSituation[namespace-uri()='http://www.nemsis.org'][1]/*:eSituation.18[namespace-uri()='http://www.nemsis.org'][1]">2015-02-12T11:01:21-00:00</element>
               <element location="/*:EMSDataSet[namespace-uri()='http://www.nemsis.org'][1]/*:Header[namespace-uri()='http://www.nemsis.org'][1]/*:PatientCareReport[namespace-uri()='http://www.nemsis.org'][1]/*:eTimes[namespace-uri()='http://www.nemsis.org'][1]/*:eTimes.01[namespace-uri()='http://www.nemsis.org'][1]">2015-02-12T15:03:21-00:00</element>
               <element location="/*:EMSDataSet[namespace-uri()='http://www.nemsis.org'][1]/*:Header[namespace-uri()='http://www.nemsis.org'][1]/*:PatientCareReport[namespace-uri()='http://www.nemsis.org'][1]/*:eTimes[namespace-uri()='http://www.nemsis.org'][1]/*:eTimes.02[namespace-uri()='http://www.nemsis.org'][1]">2015-02-12T15:02:21-00:00</element>
               <element location="/*:EMSDataSet[namespace-uri()='http://www.nemsis.org'][1]/*:Header[namespace-uri()='http://www.nemsis.org'][1]/*:PatientCareReport[namespace-uri()='http://www.nemsis.org'][1]/*:eTimes[namespace-uri()='http://www.nemsis.org'][1]/*:eTimes.03[namespace-uri()='http://www.nemsis.org'][1]">2015-02-12T15:01:21-00:00</element>
               <element location="/*:EMSDataSet[namespace-uri()='http://www.nemsis.org'][1]/*:Header[namespace-uri()='http://www.nemsis.org'][1]/*:PatientCareReport[namespace-uri()='http://www.nemsis.org'][1]/*:eTimes[namespace-uri()='http://www.nemsis.org'][1]/*:eTimes.04[namespace-uri()='http://www.nemsis.org'][1]">2015-02-12T12:04:21-00:00</element>
               <element location="/*:EMSDataSet[namespace-uri()='http://www.nemsis.org'][1]/*:Header[namespace-uri()='http://www.nemsis.org'][1]/*:PatientCareReport[namespace-uri()='http://www.nemsis.org'][1]/*:eTimes[namespace-uri()='http://www.nemsis.org'][1]/*:eTimes.05[namespace-uri()='http://www.nemsis.org'][1]">2015-02-12T12:05:21-00:00</element>
               <element location="/*:EMSDataSet[namespace-uri()='http://www.nemsis.org'][1]/*:Header[namespace-uri()='http://www.nemsis.org'][1]/*:PatientCareReport[namespace-uri()='http://www.nemsis.org'][1]/*:eTimes[namespace-uri()='http://www.nemsis.org'][1]/*:eTimes.06[namespace-uri()='http://www.nemsis.org'][1]">2015-02-12T12:06:21-00:00</element>
               <element location="/*:EMSDataSet[namespace-uri()='http://www.nemsis.org'][1]/*:Header[namespace-uri()='http://www.nemsis.org'][1]/*:PatientCareReport[namespace-uri()='http://www.nemsis.org'][1]/*:eTimes[namespace-uri()='http://www.nemsis.org'][1]/*:eTimes.07[namespace-uri()='http://www.nemsis.org'][1]">2015-02-12T12:07:21-00:00</element>
               <element location="/*:EMSDataSet[namespace-uri()='http://www.nemsis.org'][1]/*:Header[namespace-uri()='http://www.nemsis.org'][1]/*:PatientCareReport[namespace-uri()='http://www.nemsis.org'][1]/*:eTimes[namespace-uri()='http://www.nemsis.org'][1]/*:eTimes.08[namespace-uri()='http://www.nemsis.org'][1]">2015-02-12T13:08:21-00:00</element>
               <element location="/*:EMSDataSet[namespace-uri()='http://www.nemsis.org'][1]/*:Header[namespace-uri()='http://www.nemsis.org'][1]/*:PatientCareReport[namespace-uri()='http://www.nemsis.org'][1]/*:eTimes[namespace-uri()='http://www.nemsis.org'][1]/*:eTimes.09[namespace-uri()='http://www.nemsis.org'][1]">2015-02-12T13:09:21-00:00</element>
               <element location="/*:EMSDataSet[namespace-uri()='http://www.nemsis.org'][1]/*:Header[namespace-uri()='http://www.nemsis.org'][1]/*:PatientCareReport[namespace-uri()='http://www.nemsis.org'][1]/*:eTimes[namespace-uri()='http://www.nemsis.org'][1]/*:eTimes.10[namespace-uri()='http://www.nemsis.org'][1]">2015-02-12T13:10:21-00:00</element>
               <element location="/*:EMSDataSet[namespace-uri()='http://www.nemsis.org'][1]/*:Header[namespace-uri()='http://www.nemsis.org'][1]/*:PatientCareReport[namespace-uri()='http://www.nemsis.org'][1]/*:eTimes[namespace-uri()='http://www.nemsis.org'][1]/*:eTimes.11[namespace-uri()='http://www.nemsis.org'][1]">2015-02-12T13:11:21-00:00</element>
               <element location="/*:EMSDataSet[namespace-uri()='http://www.nemsis.org'][1]/*:Header[namespace-uri()='http://www.nemsis.org'][1]/*:PatientCareReport[namespace-uri()='http://www.nemsis.org'][1]/*:eTimes[namespace-uri()='http://www.nemsis.org'][1]/*:eTimes.12[namespace-uri()='http://www.nemsis.org'][1]">2015-02-12T13:12:21-00:00</element>
               <element location="/*:EMSDataSet[namespace-uri()='http://www.nemsis.org'][1]/*:Header[namespace-uri()='http://www.nemsis.org'][1]/*:PatientCareReport[namespace-uri()='http://www.nemsis.org'][1]/*:eTimes[namespace-uri()='http://www.nemsis.org'][1]/*:eTimes.13[namespace-uri()='http://www.nemsis.org'][1]">2015-02-12T13:13:21-00:00</element>
               <element location="/*:EMSDataSet[namespace-uri()='http://www.nemsis.org'][1]/*:Header[namespace-uri()='http://www.nemsis.org'][1]/*:PatientCareReport[namespace-uri()='http://www.nemsis.org'][1]/*:eTimes[namespace-uri()='http://www.nemsis.org'][1]/*:eTimes.14[namespace-uri()='http://www.nemsis.org'][1]">2015-02-12T12:14:21-00:00</element>
               <element location="/*:EMSDataSet[namespace-uri()='http://www.nemsis.org'][1]/*:Header[namespace-uri()='http://www.nemsis.org'][1]/*:PatientCareReport[namespace-uri()='http://www.nemsis.org'][1]/*:eTimes[namespace-uri()='http://www.nemsis.org'][1]/*:eTimes.15[namespace-uri()='http://www.nemsis.org'][1]">2015-02-12T13:15:21-00:00</element>
               <element location="/*:EMSDataSet[namespace-uri()='http://www.nemsis.org'][1]/*:Header[namespace-uri()='http://www.nemsis.org'][1]/*:PatientCareReport[namespace-uri()='http://www.nemsis.org'][1]/*:eTimes[namespace-uri()='http://www.nemsis.org'][1]/*:eTimes.16[namespace-uri()='http://www.nemsis.org'][1]">2015-02-12T13:13:20-00:00</element>
            </elements>
            <elementsMissing/>
         </nemsisDiagnostic>
      </svrl:diagnostic-reference>
   </svrl:failed-assert>
   <svrl:active-pattern document="EMSDataSet-8B13.xml"
                        id="nemSch_uniqueness_EMSDataSet"
                        name="Certain recurring patient care report data elements are unique within a list."/>
   <svrl:active-pattern document="EMSDataSet-8B13.xml"
                        id="nemSch_uniqueness_NvPn"
                        name="When a Not Value or Pertinent Negative is recorded for a recurring element, it is the only value recorded."/>
   <svrl:fired-rule context="nem:dCustomResults.01 | nem:eCustomResults.01"
                    id="nemSch_uniqueness_NvPn_customResults"/>
</svrl:schematron-output>
