
<CADDataSet xmlns:xsi="http://www.w3.org/2001/XMLSchema-instance" xsi:schemaLocation="http://www.nemsis.org http://nemsis.org/media/nemsis_v3/release-3.4.0/XSDs/NEMSIS_XSDs/CADDataSet_v3.xsd" xmlns="http://www.nemsis.org">
    <eCAD>
        <eCad.06>PVm</eCad.06>
        <eCad.AgencyGroup>
            <eCad.07>8</eCad.07>
            <eCad.08>ad</eCad.08></eCad.AgencyGroup>
        <eCad.09>q7u</eCad.09>
        <eCad.10>jzQ</eCad.10>
        <eCad.ServiceGroup>
            <eCad.11>2205013</eCad.11>
            <eCad.12>2206021</eCad.12></eCad.ServiceGroup>
        <eCad.13>2207013</eCad.13>
        <eCad.14>2208017</eCad.14>
        <eCad.14>2208015</eCad.14>
        <eCad.15>2209033</eCad.15>
        <eCad.15>2209031</eCad.15>
        <eCad.15>2209029</eCad.15>
        <eCad.19>T</eCad.19>
        <eCad.20>O</eCad.20>
        <eCad.21>2215023</eCad.21>
        <eCad.22>lf</eCad.22>
        <eCad.23>0.0161,-0.7</eCad.23>
        <eCad.24>13SMH76384240</eCad.24>
        <eCad.25>893.0</eCad.25>
        <eCad.26>323.0</eCad.26>
        <eCad.27>812.0</eCad.27>
        <eCad.28>821.0</eCad.28>
        <eCad.29>2223007</eCad.29>
        <eCad.30>2224023</eCad.30>
        <eCad.30>2224021</eCad.30>
        <eCad.30>2224019</eCad.30>
        <eCad.31>2301083</eCad.31>
        <eCad.32>2302007</eCad.32>
        <eCad.33>U</eCad.33>
        <eCad.34>rZ</eCad.34>
        <eCad.35>2305007</eCad.35>
        <eCad.114>yzd</eCad.114>
        <eCad.36>2015-03-03T13:30:11+07:00</eCad.36>
        <eCad.37>2015-03-03T13:30:11+07:00</eCad.37>
        <eCad.38>2015-03-03T13:30:11+07:00</eCad.38>
        <eCad.39>2015-03-03T13:30:11+07:00</eCad.39>
        <eCad.40>2015-03-03T13:30:11+07:00</eCad.40>
        <eCad.41>2015-03-03T13:30:11+07:00</eCad.41>
        <eCad.42>2015-03-03T13:30:11+07:00</eCad.42>
        <eCad.43>2015-03-03T13:30:11+07:00</eCad.43>
        <eCad.44>2015-03-03T13:30:11+07:00</eCad.44>
        <eCad.45>2015-03-03T13:30:11+07:00</eCad.45>
        <eCad.46>2015-03-03T13:30:11+07:00</eCad.46>
        <eCad.47>2015-03-03T13:30:11+07:00</eCad.47>
        <eCad.48>2015-03-03T13:30:11+07:00</eCad.48>
        <eCad.49>2015-03-03T13:30:11+07:00</eCad.49>
        <eCad.50>2015-03-03T13:30:11+07:00</eCad.50>
        <eCad.51>2015-03-03T13:30:11+07:00</eCad.51>
        <eCad.52>5B</eCad.52>
        <eCad.PatientNameGroup>
            <eCad.53>Y</eCad.53>
            <eCad.54>V</eCad.54>
            <eCad.55>p</eCad.55></eCad.PatientNameGroup>
        <eCad.56 StreetAddress2="k">b</eCad.56>
        <eCad.57>1437709</eCad.57>
        <eCad.58>49043</eCad.58>
        <eCad.59>49</eCad.59>
        <eCad.60>84017</eCad.60>
        <eCad.61>US</eCad.61>
        <eCad.62>25122891437</eCad.62>
        <eCad.63>654335546</eCad.63>
        <eCad.64>9906005</eCad.64>
        <eCad.65>2514011</eCad.65>
        <eCad.65>2514009</eCad.65>
        <eCad.AgeGroup>
            <eCad.66>4</eCad.66>
            <eCad.67>2516009</eCad.67></eCad.AgeGroup>
        <eCad.68>1976-11-06</eCad.68>
        <eCad.69 PhoneNumberType="9913009">572-726-8273</eCad.69>
        <eCad.69 PhoneNumberType="9913009">460-435-9518</eCad.69>
        <eCad.69 PhoneNumberType="9913009">835-711-4394</eCad.69>
        <eCad.70>9923003</eCad.70>
        <eCad.ResponderGroup>
            <eCad.71>PE</eCad.71>
            <eCad.72>e</eCad.72>
            <eCad.73>2704019</eCad.73></eCad.ResponderGroup>
        <eCad.ResponderGroup>
            <eCad.71>RO</eCad.71>
            <eCad.72>y</eCad.72>
            <eCad.73>2704019</eCad.73></eCad.ResponderGroup>
        <eCad.74>2015-03-03T13:30:11+07:00</eCad.74>
        <eCad.75>2707005</eCad.75>
        <eCad.76>9923003</eCad.76>
        <eCad.78>Y92.98</eCad.78>
        <eCad.79>f5</eCad.79>
        <eCad.80>40.294221,-109.839602</eCad.80>
        <eCad.81>17TNJ12510685</eCad.81>
        <eCad.82>4b</eCad.82>
        <eCad.83>E</eCad.83>
        <eCad.84 StreetAddress2="f">F</eCad.84>
        <eCad.85>u</eCad.85>
        <eCad.86>1428449</eCad.86>
        <eCad.87>49</eCad.87>
        <eCad.88>84026</eCad.88>
        <eCad.89>lP</eCad.89>
        <eCad.90>49047</eCad.90>
        <eCad.91>US</eCad.91>
        <eCad.92>06023066326</eCad.92>
        <eCad.DestinationGroup>
            <eCad.93>HA</eCad.93>
            <eCad.94>xZ</eCad.94>
            <eCad.95 StreetAddress2="t">x</eCad.95>
            <eCad.96>1429276</eCad.96>
            <eCad.97>49</eCad.97>
            <eCad.98>49025</eCad.98>
            <eCad.99>84741</eCad.99>
            <eCad.100>US</eCad.100>
            <eCad.101>37.051804,-112.533746</eCad.101>
            <eCad.102>12SKM13191645</eCad.102></eCad.DestinationGroup>
        <eCad.103>81</eCad.103>
        <eCad.104>4216017</eCad.104>
        <eCad.105>4217007</eCad.105>
        <eCad.106>4218019</eCad.106>
        <eCad.106>4218017</eCad.106>
        <eCad.106>4218015</eCad.106>
        <eCad.107>4221023</eCad.107>
        <eCad.HospitalTeamActivationGroup>
            <eCad.108>4224017</eCad.108>
            <eCad.109>2015-03-03T13:30:11+07:00</eCad.109></eCad.HospitalTeamActivationGroup>
        <eCad.HospitalTeamActivationGroup>
            <eCad.108>4224017</eCad.108>
            <eCad.109>2015-03-03T13:30:11+07:00</eCad.109></eCad.HospitalTeamActivationGroup>
        <eCad.HospitalTeamActivationGroup>
            <eCad.108>4224017</eCad.108>
            <eCad.109>2015-03-03T13:30:11+07:00</eCad.109></eCad.HospitalTeamActivationGroup>
        <eCad.CrewGroup>
            <eCad.110>Js</eCad.110>
            <eCad.111>9925043</eCad.111>
            <eCad.112>2403013</eCad.112>
            <eCad.112>2403011</eCad.112>
            <eCad.112>2403009</eCad.112></eCad.CrewGroup>
        <eCad.CrewGroup>
            <eCad.110>ug</eCad.110>
            <eCad.111>9925043</eCad.111>
            <eCad.112>2403013</eCad.112>
            <eCad.112>2403011</eCad.112>
            <eCad.112>2403009</eCad.112></eCad.CrewGroup>
        <eCad.CrewGroup>
            <eCad.110>PV</eCad.110>
            <eCad.111>9925043</eCad.111>
            <eCad.112>2403013</eCad.112>
            <eCad.112>2403011</eCad.112></eCad.CrewGroup>
        <eCad.113>4212043</eCad.113></eCAD>
    <eCAD>
        <eCad.06>3pn</eCad.06>
        <eCad.AgencyGroup>
            <eCad.07>U</eCad.07>
            <eCad.08>V8</eCad.08></eCad.AgencyGroup>
        <eCad.09>lXK</eCad.09>
        <eCad.10>45C</eCad.10>
        <eCad.ServiceGroup>
            <eCad.11>2205013</eCad.11>
            <eCad.12>2206021</eCad.12></eCad.ServiceGroup>
        <eCad.13>2207013</eCad.13>
        <eCad.14>2208017</eCad.14>
        <eCad.14>2208015</eCad.14>
        <eCad.14>2208013</eCad.14>
        <eCad.15>2209033</eCad.15>
        <eCad.15>2209031</eCad.15>
        <eCad.15>2209029</eCad.15>
        <eCad.19>w</eCad.19>
        <eCad.20>B</eCad.20>
        <eCad.21>2215023</eCad.21>
        <eCad.22>Fj</eCad.22>
        <eCad.23>0,64</eCad.23>
        <eCad.24>14SMU66377320</eCad.24>
        <eCad.25>838.0</eCad.25>
        <eCad.26>735.0</eCad.26>
        <eCad.27>634.0</eCad.27>
        <eCad.28>906.0</eCad.28>
        <eCad.29>2223007</eCad.29>
        <eCad.30>2224023</eCad.30>
        <eCad.30>2224021</eCad.30>
        <eCad.30>2224019</eCad.30>
        <eCad.31>2301083</eCad.31>
        <eCad.32>2302007</eCad.32>
        <eCad.33>Y</eCad.33>
        <eCad.34>RA</eCad.34>
        <eCad.35>2305007</eCad.35>
        <eCad.114>Zdp</eCad.114>
        <eCad.36>2015-03-03T13:30:11+07:00</eCad.36>
        <eCad.37>2015-03-03T13:30:11+07:00</eCad.37>
        <eCad.38>2015-03-03T13:30:11+07:00</eCad.38>
        <eCad.39>2015-03-03T13:30:11+07:00</eCad.39>
        <eCad.40>2015-03-03T13:30:11+07:00</eCad.40>
        <eCad.41>2015-03-03T13:30:11+07:00</eCad.41>
        <eCad.42>2015-03-03T13:30:11+07:00</eCad.42>
        <eCad.43>2015-03-03T13:30:11+07:00</eCad.43>
        <eCad.44>2015-03-03T13:30:11+07:00</eCad.44>
        <eCad.45>2015-03-03T13:30:11+07:00</eCad.45>
        <eCad.46>2015-03-03T13:30:11+07:00</eCad.46>
        <eCad.47>2015-03-03T13:30:11+07:00</eCad.47>
        <eCad.48>2015-03-03T13:30:11+07:00</eCad.48>
        <eCad.49>2015-03-03T13:30:11+07:00</eCad.49>
        <eCad.50>2015-03-03T13:30:11+07:00</eCad.50>
        <eCad.51>2015-03-03T13:30:11+07:00</eCad.51>
        <eCad.52>f4</eCad.52>
        <eCad.PatientNameGroup>
            <eCad.53>z</eCad.53>
            <eCad.54>i</eCad.54>
            <eCad.55>t</eCad.55></eCad.PatientNameGroup>
        <eCad.56 StreetAddress2="J">J</eCad.56>
        <eCad.57>1437843</eCad.57>
        <eCad.58>49035</eCad.58>
        <eCad.59>49</eCad.59>
        <eCad.60>84081</eCad.60>
        <eCad.61>US</eCad.61>
        <eCad.62>51623202284</eCad.62>
        <eCad.63>324846156</eCad.63>
        <eCad.64>9906005</eCad.64>
        <eCad.65>2514011</eCad.65>
        <eCad.65>2514009</eCad.65>
        <eCad.65>2514007</eCad.65>
        <eCad.AgeGroup>
            <eCad.66>11</eCad.66>
            <eCad.67>2516009</eCad.67></eCad.AgeGroup>
        <eCad.68>1964-11-10</eCad.68>
        <eCad.69 PhoneNumberType="9913009">443-784-6958</eCad.69>
        <eCad.69 PhoneNumberType="9913009">827-604-1255</eCad.69>
        <eCad.70>9923003</eCad.70>
        <eCad.ResponderGroup>
            <eCad.71>1H</eCad.71>
            <eCad.72>A</eCad.72>
            <eCad.73>2704019</eCad.73></eCad.ResponderGroup>
        <eCad.ResponderGroup>
            <eCad.71>6M</eCad.71>
            <eCad.72>u</eCad.72>
            <eCad.73>2704019</eCad.73></eCad.ResponderGroup>
        <eCad.74>2015-03-03T13:30:11+07:00</eCad.74>
        <eCad.75>2707005</eCad.75>
        <eCad.76>9923003</eCad.76>
        <eCad.78>Y92.0</eCad.78>
        <eCad.79>nW</eCad.79>
        <eCad.80>40.713441,-111.889049</eCad.80>
        <eCad.81>10SKK66648990</eCad.81>
        <eCad.82>XL</eCad.82>
        <eCad.83>s</eCad.83>
        <eCad.84 StreetAddress2="9">e</eCad.84>
        <eCad.85>N</eCad.85>
        <eCad.86>1454997</eCad.86>
        <eCad.87>49</eCad.87>
        <eCad.88>84115</eCad.88>
        <eCad.89>PI</eCad.89>
        <eCad.90>49035</eCad.90>
        <eCad.91>US</eCad.91>
        <eCad.92>26435484818</eCad.92>
        <eCad.DestinationGroup>
            <eCad.93>hP</eCad.93>
            <eCad.94>po</eCad.94>
            <eCad.95 StreetAddress2="l">m</eCad.95>
            <eCad.96>1450429</eCad.96>
            <eCad.97>49</eCad.97>
            <eCad.98>49005</eCad.98>
            <eCad.99>84325</eCad.99>
            <eCad.100>US</eCad.100>
            <eCad.101>41.749980,-111.981060</eCad.101>
            <eCad.102>17SSJ73629873</eCad.102></eCad.DestinationGroup>
        <eCad.103>60</eCad.103>
        <eCad.104>4216017</eCad.104>
        <eCad.105>4217007</eCad.105>
        <eCad.106>4218019</eCad.106>
        <eCad.106>4218017</eCad.106>
        <eCad.106>4218015</eCad.106>
        <eCad.107>4221023</eCad.107>
        <eCad.HospitalTeamActivationGroup>
            <eCad.108>4224017</eCad.108>
            <eCad.109>2015-03-03T13:30:11+07:00</eCad.109></eCad.HospitalTeamActivationGroup>
        <eCad.HospitalTeamActivationGroup>
            <eCad.108>4224017</eCad.108>
            <eCad.109>2015-03-03T13:30:11+07:00</eCad.109></eCad.HospitalTeamActivationGroup>
        <eCad.HospitalTeamActivationGroup>
            <eCad.108>4224017</eCad.108>
            <eCad.109>2015-03-03T13:30:11+07:00</eCad.109></eCad.HospitalTeamActivationGroup>
        <eCad.CrewGroup>
            <eCad.110>4m</eCad.110>
            <eCad.111>9925043</eCad.111>
            <eCad.112>2403013</eCad.112>
            <eCad.112>2403011</eCad.112></eCad.CrewGroup>
        <eCad.CrewGroup>
            <eCad.110>mX</eCad.110>
            <eCad.111>9925043</eCad.111>
            <eCad.112>2403013</eCad.112>
            <eCad.112>2403011</eCad.112></eCad.CrewGroup>
        <eCad.CrewGroup>
            <eCad.110>Pc</eCad.110>
            <eCad.111>9925043</eCad.111>
            <eCad.112>2403013</eCad.112>
            <eCad.112>2403011</eCad.112></eCad.CrewGroup>
        <eCad.113>4212043</eCad.113></eCAD>
    <eCAD>
        <eCad.06>ljV</eCad.06>
        <eCad.AgencyGroup>
            <eCad.07>0</eCad.07>
            <eCad.08>tB</eCad.08></eCad.AgencyGroup>
        <eCad.09>isU</eCad.09>
        <eCad.10>vZ7</eCad.10>
        <eCad.ServiceGroup>
            <eCad.11>2205013</eCad.11>
            <eCad.12>2206021</eCad.12></eCad.ServiceGroup>
        <eCad.13>2207013</eCad.13>
        <eCad.14>2208017</eCad.14>
        <eCad.14>2208015</eCad.14>
        <eCad.15>2209033</eCad.15>
        <eCad.15>2209031</eCad.15>
        <eCad.19>p</eCad.19>
        <eCad.20>s</eCad.20>
        <eCad.21>2215023</eCad.21>
        <eCad.22>xi</eCad.22>
        <eCad.23>9.5,0.25</eCad.23>
        <eCad.24>12RZD79217432</eCad.24>
        <eCad.25>979.0</eCad.25>
        <eCad.26>30.0</eCad.26>
        <eCad.27>295.0</eCad.27>
        <eCad.28>210.0</eCad.28>
        <eCad.29>2223007</eCad.29>
        <eCad.30>2224023</eCad.30>
        <eCad.30>2224021</eCad.30>
        <eCad.31>2301083</eCad.31>
        <eCad.32>2302007</eCad.32>
        <eCad.33>l</eCad.33>
        <eCad.34>Lm</eCad.34>
        <eCad.35>2305007</eCad.35>
        <eCad.114>s58</eCad.114>
        <eCad.36>2015-03-03T13:30:11+07:00</eCad.36>
        <eCad.37>2015-03-03T13:30:11+07:00</eCad.37>
        <eCad.38>2015-03-03T13:30:11+07:00</eCad.38>
        <eCad.39>2015-03-03T13:30:11+07:00</eCad.39>
        <eCad.40>2015-03-03T13:30:11+07:00</eCad.40>
        <eCad.41>2015-03-03T13:30:11+07:00</eCad.41>
        <eCad.42>2015-03-03T13:30:11+07:00</eCad.42>
        <eCad.43>2015-03-03T13:30:11+07:00</eCad.43>
        <eCad.44>2015-03-03T13:30:11+07:00</eCad.44>
        <eCad.45>2015-03-03T13:30:11+07:00</eCad.45>
        <eCad.46>2015-03-03T13:30:11+07:00</eCad.46>
        <eCad.47>2015-03-03T13:30:11+07:00</eCad.47>
        <eCad.48>2015-03-03T13:30:11+07:00</eCad.48>
        <eCad.49>2015-03-03T13:30:11+07:00</eCad.49>
        <eCad.50>2015-03-03T13:30:11+07:00</eCad.50>
        <eCad.51>2015-03-03T13:30:11+07:00</eCad.51>
        <eCad.52>Zj</eCad.52>
        <eCad.PatientNameGroup>
            <eCad.53>y</eCad.53>
            <eCad.54>4</eCad.54>
            <eCad.55>x</eCad.55></eCad.PatientNameGroup>
        <eCad.56 StreetAddress2="E">2</eCad.56>
        <eCad.57>1426539</eCad.57>
        <eCad.58>49051</eCad.58>
        <eCad.59>49</eCad.59>
        <eCad.60>84032</eCad.60>
        <eCad.61>US</eCad.61>
        <eCad.62>25452885585</eCad.62>
        <eCad.63>273122016</eCad.63>
        <eCad.64>9906005</eCad.64>
        <eCad.65>2514011</eCad.65>
        <eCad.65>2514009</eCad.65>
        <eCad.65>2514007</eCad.65>
        <eCad.AgeGroup>
            <eCad.66>9</eCad.66>
            <eCad.67>2516009</eCad.67></eCad.AgeGroup>
        <eCad.68>1994-12-14</eCad.68>
        <eCad.69 PhoneNumberType="9913009">547-538-6987</eCad.69>
        <eCad.69 PhoneNumberType="9913009">342-814-4733</eCad.69>
        <eCad.69 PhoneNumberType="9913009">756-387-6075</eCad.69>
        <eCad.70>9923003</eCad.70>
        <eCad.ResponderGroup>
            <eCad.71>Fo</eCad.71>
            <eCad.72>l</eCad.72>
            <eCad.73>2704019</eCad.73></eCad.ResponderGroup>
        <eCad.ResponderGroup>
            <eCad.71>id</eCad.71>
            <eCad.72>S</eCad.72>
            <eCad.73>2704019</eCad.73></eCad.ResponderGroup>
        <eCad.74>2015-03-03T13:30:11+07:00</eCad.74>
        <eCad.75>2707005</eCad.75>
        <eCad.76>9923003</eCad.76>
        <eCad.78>Y92.6</eCad.78>
        <eCad.79>Pp</eCad.79>
        <eCad.80>41.029860,-111.731880</eCad.80>
        <eCad.81>11SBN96861867</eCad.81>
        <eCad.82>C7</eCad.82>
        <eCad.83>6</eCad.83>
        <eCad.84 StreetAddress2="5">I</eCad.84>
        <eCad.85>8</eCad.85>
        <eCad.86>1443637</eCad.86>
        <eCad.87>49</eCad.87>
        <eCad.88>84050</eCad.88>
        <eCad.89>DN</eCad.89>
        <eCad.90>49029</eCad.90>
        <eCad.91>US</eCad.91>
        <eCad.92>89114687773</eCad.92>
        <eCad.DestinationGroup>
            <eCad.93>6p</eCad.93>
            <eCad.94>zj</eCad.94>
            <eCad.95 StreetAddress2="y">S</eCad.95>
            <eCad.96>1444661</eCad.96>
            <eCad.97>49</eCad.97>
            <eCad.98>49049</eCad.98>
            <eCad.99>84604</eCad.99>
            <eCad.100>US</eCad.100>
            <eCad.101>40.264063,-111.623041</eCad.101>
            <eCad.102>15TYK81620133</eCad.102></eCad.DestinationGroup>
        <eCad.103>61</eCad.103>
        <eCad.104>4216017</eCad.104>
        <eCad.105>4217007</eCad.105>
        <eCad.106>4218019</eCad.106>
        <eCad.106>4218017</eCad.106>
        <eCad.107>4221023</eCad.107>
        <eCad.HospitalTeamActivationGroup>
            <eCad.108>4224017</eCad.108>
            <eCad.109>2015-03-03T13:30:11+07:00</eCad.109></eCad.HospitalTeamActivationGroup>
        <eCad.HospitalTeamActivationGroup>
            <eCad.108>4224017</eCad.108>
            <eCad.109>2015-03-03T13:30:11+07:00</eCad.109></eCad.HospitalTeamActivationGroup>
        <eCad.CrewGroup>
            <eCad.110>qA</eCad.110>
            <eCad.111>9925043</eCad.111>
            <eCad.112>2403013</eCad.112>
            <eCad.112>2403011</eCad.112></eCad.CrewGroup>
        <eCad.CrewGroup>
            <eCad.110>Js</eCad.110>
            <eCad.111>9925043</eCad.111>
            <eCad.112>2403013</eCad.112>
            <eCad.112>2403011</eCad.112>
            <eCad.112>2403009</eCad.112></eCad.CrewGroup>
        <eCad.CrewGroup>
            <eCad.110>Jj</eCad.110>
            <eCad.111>9925043</eCad.111>
            <eCad.112>2403013</eCad.112>
            <eCad.112>2403011</eCad.112>
            <eCad.112>2403009</eCad.112></eCad.CrewGroup>
        <eCad.113>4212043</eCad.113></eCAD></CADDataSet>