
<CADDataSet xmlns:xsi="http://www.w3.org/2001/XMLSchema-instance" xsi:schemaLocation="http://www.nemsis.org http://nemsis.org/media/nemsis_v3/release-3.3.4/XSDs/NEMSIS_XSDs/CADDataSet_v3.xsd" xmlns="http://www.nemsis.org">
    <eCAD>
        <eCad.01>t</eCad.01>
        <eCad.02>V</eCad.02>
        <eCad.03>MN</eCad.03>
        <eCad.04>49</eCad.04>
        <eCad.05>a6</eCad.05>
        <eCad.06>kdv</eCad.06>
        <eCad.AgencyGroup>
            <eCad.07>E</eCad.07>
            <eCad.08>7V</eCad.08></eCad.AgencyGroup>
        <eCad.09 xsi:nil="true" NV="7701003"></eCad.09>
        <eCad.10>myz</eCad.10>
        <eCad.ServiceGroup>
            <eCad.11>2205011</eCad.11>
            <eCad.12>2206003</eCad.12></eCad.ServiceGroup>
        <eCad.13>2207003</eCad.13>
        <eCad.14>2208017</eCad.14>
        <eCad.15>2209013</eCad.15>
        <eCad.16>2210033</eCad.16>
        <eCad.17>2211005</eCad.17>
        <eCad.18>2212005</eCad.18>
        <eCad.19>e</eCad.19>
        <eCad.20>a</eCad.20>
        <eCad.21>2215011</eCad.21>
        <eCad.22>RM</eCad.22>
        <eCad.23>+90.000,19.0</eCad.23>
        <eCad.24>11SVJ18369626</eCad.24>
        <eCad.25>802.0</eCad.25>
        <eCad.26>82.0</eCad.26>
        <eCad.27>821.0</eCad.27>
        <eCad.28>439.0</eCad.28>
        <eCad.29>2223005</eCad.29>
        <eCad.30>2224001</eCad.30>
        <eCad.31>2301057</eCad.31>
        <eCad.32>2302001</eCad.32>
        <eCad.33>A</eCad.33>
        <eCad.34>K3</eCad.34>
        <eCad.35>2305005</eCad.35>
        <eCad.36>2014-04-01T12:28:15+07:00</eCad.36>
        <eCad.37>2014-04-01T12:28:15+07:00</eCad.37>
        <eCad.38>2014-04-01T12:28:15+07:00</eCad.38>
        <eCad.39>2014-04-01T12:28:15+07:00</eCad.39>
        <eCad.40>2014-04-01T12:28:15+07:00</eCad.40>
        <eCad.41>2014-04-01T12:28:15+07:00</eCad.41>
        <eCad.42>2014-04-01T12:28:15+07:00</eCad.42>
        <eCad.43>2014-04-01T12:28:15+07:00</eCad.43>
        <eCad.44>2014-04-01T12:28:15+07:00</eCad.44>
        <eCad.45>2014-04-01T12:28:15+07:00</eCad.45>
        <eCad.46>2014-04-01T12:28:15+07:00</eCad.46>
        <eCad.47>2014-04-01T12:28:15+07:00</eCad.47>
        <eCad.48>2014-04-01T12:28:15+07:00</eCad.48>
        <eCad.49>2014-04-01T12:28:15+07:00</eCad.49>
        <eCad.50>2014-04-01T12:28:15+07:00</eCad.50>
        <eCad.51>2014-04-01T12:28:15+07:00</eCad.51>
        <eCad.52>8A</eCad.52>
        <eCad.PatientNameGroup>
            <eCad.53>C</eCad.53>
            <eCad.54>4</eCad.54>
            <eCad.55>l</eCad.55></eCad.PatientNameGroup>
        <eCad.56 StreetAddress2="b">f</eCad.56>
        <eCad.57>1426675</eCad.57>
        <eCad.58>49015</eCad.58>
        <eCad.59>49</eCad.59>
        <eCad.60>84516</eCad.60>
        <eCad.61>US</eCad.61>
        <eCad.62>04994646724</eCad.62>
        <eCad.63>546848323</eCad.63>
        <eCad.64>9906003</eCad.64>
        <eCad.65>2514007</eCad.65>
        <eCad.AgeGroup>
            <eCad.66>29</eCad.66>
            <eCad.67>2516009</eCad.67></eCad.AgeGroup>
        <eCad.68>1956-02-25</eCad.68>
        <eCad.69 PhoneNumberType="9913003">547-592-1478</eCad.69>
        <eCad.70>9923003</eCad.70>
        <eCad.ResponderGroup>
            <eCad.71>wx</eCad.71>
            <eCad.72>q</eCad.72>
            <eCad.73>2704015</eCad.73></eCad.ResponderGroup>
        <eCad.74>2014-04-01T12:28:15+07:00</eCad.74>
        <eCad.75>2707003</eCad.75>
        <eCad.76>9923003</eCad.76>
        <eCad.77>2708005</eCad.77>
        <eCad.78>Y92.1</eCad.78>
        <eCad.79>Wa</eCad.79>
        <eCad.80>39.118389,-111.773799</eCad.80>
        <eCad.81>14,UU13432572</eCad.81>
        <eCad.82>1Q</eCad.82>
        <eCad.83>2z</eCad.83>
        <eCad.84 StreetAddress2="e">I</eCad.84>
        <eCad.85>2</eCad.85>
        <eCad.86>1437493</eCad.86>
        <eCad.87>49</eCad.87>
        <eCad.88>84621</eCad.88>
        <eCad.89>ai</eCad.89>
        <eCad.90>49039</eCad.90>
        <eCad.91>US</eCad.91>
        <eCad.92>28452002778</eCad.92>
        <eCad.DestinationGroup>
            <eCad.93>SY</eCad.93>
            <eCad.94>oM</eCad.94>
            <eCad.95 StreetAddress2="i">K</eCad.95>
            <eCad.96>1867579</eCad.96>
            <eCad.97>49</eCad.97>
            <eCad.98>49035</eCad.98>
            <eCad.99>84117</eCad.99>
            <eCad.100>US</eCad.100>
            <eCad.101>40.665128,-111.835513</eCad.101>
            <eCad.102>16SBL16015727</eCad.102></eCad.DestinationGroup>
        <eCad.103>40</eCad.103>
        <eCad.104>4216011</eCad.104>
        <eCad.105>4217007</eCad.105>
        <eCad.106>4218007</eCad.106>
        <eCad.107>4221019</eCad.107>
        <eCad.HospitalTeamActivationGroup>
            <eCad.108>4224015</eCad.108>
            <eCad.109>2014-04-01T12:28:15+07:00</eCad.109></eCad.HospitalTeamActivationGroup></eCAD></CADDataSet>