
<CADDataSet xmlns:xsi="http://www.w3.org/2001/XMLSchema-instance" xsi:schemaLocation="http://www.nemsis.org http://nemsis.org/media/nemsis_v3/release-3.3.4/XSDs/NEMSIS_XSDs/CADDataSet_v3.xsd" xmlns="http://www.nemsis.org">
    <eCAD>
        <eCad.01>S</eCad.01>
        <eCad.02>e</eCad.02>
        <eCad.03>dE</eCad.03>
        <eCad.04>49</eCad.04>
        <eCad.05>cm</eCad.05>
        <eCad.05>Ay</eCad.05>
        <eCad.06>hkH</eCad.06>
        <eCad.AgencyGroup>
            <eCad.07>7</eCad.07>
            <eCad.08>9X</eCad.08></eCad.AgencyGroup>
        <eCad.09>IfU</eCad.09>
        <eCad.10>Q0k</eCad.10>
        <eCad.ServiceGroup>
            <eCad.11>2205005</eCad.11>
            <eCad.12>2206005</eCad.12></eCad.ServiceGroup>
        <eCad.13>2207007</eCad.13>
        <eCad.14>2208017</eCad.14>
        <eCad.14>2208003</eCad.14>
        <eCad.14>2208007</eCad.14>
        <eCad.15>2209019</eCad.15>
        <eCad.15>2209021</eCad.15>
        <eCad.16>2210029</eCad.16>
        <eCad.16>2210007</eCad.16>
        <eCad.16>2210011</eCad.16>
        <eCad.17>2211009</eCad.17>
        <eCad.17>2211021</eCad.17>
        <eCad.18>2212017</eCad.18>
        <eCad.18>2212027</eCad.18>
        <eCad.19>z</eCad.19>
        <eCad.20>r</eCad.20>
        <eCad.21>2215013</eCad.21>
        <eCad.22>Sr</eCad.22>
        <eCad.23>+9,3.2</eCad.23>
        <eCad.24>10,PR17703572</eCad.24>
        <eCad.25>478.0</eCad.25>
        <eCad.26>459.0</eCad.26>
        <eCad.27>533.0</eCad.27>
        <eCad.28>255.0</eCad.28>
        <eCad.29>2223007</eCad.29>
        <eCad.30>2224001</eCad.30>
        <eCad.30>2224021</eCad.30>
        <eCad.31>2301043</eCad.31>
        <eCad.32>2302003</eCad.32>
        <eCad.33>G</eCad.33>
        <eCad.34>Sc</eCad.34>
        <eCad.35>2305007</eCad.35>
        <eCad.36>2014-04-01T12:28:16+07:00</eCad.36>
        <eCad.37>2014-04-01T12:28:16+07:00</eCad.37>
        <eCad.38>2014-04-01T12:28:16+07:00</eCad.38>
        <eCad.39>2014-04-01T12:28:16+07:00</eCad.39>
        <eCad.40>2014-04-01T12:28:16+07:00</eCad.40>
        <eCad.41>2014-04-01T12:28:16+07:00</eCad.41>
        <eCad.42>2014-04-01T12:28:16+07:00</eCad.42>
        <eCad.43>2014-04-01T12:28:16+07:00</eCad.43>
        <eCad.44>2014-04-01T12:28:16+07:00</eCad.44>
        <eCad.45>2014-04-01T12:28:16+07:00</eCad.45>
        <eCad.46>2014-04-01T12:28:16+07:00</eCad.46>
        <eCad.47>2014-04-01T12:28:16+07:00</eCad.47>
        <eCad.48>2014-04-01T12:28:16+07:00</eCad.48>
        <eCad.49>2014-04-01T12:28:16+07:00</eCad.49>
        <eCad.50>2014-04-01T12:28:16+07:00</eCad.50>
        <eCad.51>2014-04-01T12:28:16+07:00</eCad.51>
        <eCad.52>JA</eCad.52>
        <eCad.PatientNameGroup>
            <eCad.53>T</eCad.53>
            <eCad.54>m</eCad.54>
            <eCad.55>h</eCad.55></eCad.PatientNameGroup>
        <eCad.56 StreetAddress2="A">W</eCad.56>
        <eCad.57>1444206</eCad.57>
        <eCad.58>49043</eCad.58>
        <eCad.59>49</eCad.59>
        <eCad.60>84068</eCad.60>
        <eCad.61>US</eCad.61>
        <eCad.62>56546071894</eCad.62>
        <eCad.63>578200817</eCad.63>
        <eCad.64>9906003</eCad.64>
        <eCad.65>2514007</eCad.65>
        <eCad.65>2514009</eCad.65>
        <eCad.AgeGroup>
            <eCad.66>87</eCad.66>
            <eCad.67>2516001</eCad.67></eCad.AgeGroup>
        <eCad.68>1969-03-26</eCad.68>
        <eCad.69 PhoneNumberType="9913005">887-255-7046</eCad.69>
        <eCad.69 PhoneNumberType="9913003">614-211-6813</eCad.69>
        <eCad.70>9923001</eCad.70>
        <eCad.ResponderGroup>
            <eCad.71>GX</eCad.71>
            <eCad.72>h</eCad.72>
            <eCad.73>2704013</eCad.73></eCad.ResponderGroup>
        <eCad.ResponderGroup>
            <eCad.71>kB</eCad.71>
            <eCad.72>b</eCad.72>
            <eCad.73>2704011</eCad.73></eCad.ResponderGroup>
        <eCad.74>2014-04-01T12:28:16+07:00</eCad.74>
        <eCad.75>2707003</eCad.75>
        <eCad.76>9923001</eCad.76>
        <eCad.77>2708009</eCad.77>
        <eCad.78>Y92.65</eCad.78>
        <eCad.79>lv</eCad.79>
        <eCad.80>38.927880,-111.919505</eCad.80>
        <eCad.81>11,LN57536656</eCad.81>
        <eCad.82>yO</eCad.82>
        <eCad.83>zu</eCad.83>
        <eCad.84 StreetAddress2="n">6</eCad.84>
        <eCad.85>7</eCad.85>
        <eCad.86>1438307</eCad.86>
        <eCad.87>49</eCad.87>
        <eCad.88>84620</eCad.88>
        <eCad.89>0w</eCad.89>
        <eCad.90>49041</eCad.90>
        <eCad.91>US</eCad.91>
        <eCad.92>88365224061</eCad.92>
        <eCad.DestinationGroup>
            <eCad.93>6u</eCad.93>
            <eCad.94>uo</eCad.94>
            <eCad.95 StreetAddress2="3">3</eCad.95>
            <eCad.96>1452676</eCad.96>
            <eCad.97>49</eCad.97>
            <eCad.98>49057</eCad.98>
            <eCad.99>84401</eCad.99>
            <eCad.100>US</eCad.100>
            <eCad.101>41.219800,-112.016418</eCad.101>
            <eCad.102>14,JC60417458</eCad.102></eCad.DestinationGroup>
        <eCad.103>77</eCad.103>
        <eCad.104>4216009</eCad.104>
        <eCad.105>4217005</eCad.105>
        <eCad.106>4218009</eCad.106>
        <eCad.106>4218003</eCad.106>
        <eCad.106>4218017</eCad.106>
        <eCad.107>4221021</eCad.107>
        <eCad.HospitalTeamActivationGroup>
            <eCad.108>4224003</eCad.108>
            <eCad.109>2014-04-01T12:28:16+07:00</eCad.109></eCad.HospitalTeamActivationGroup>
        <eCad.HospitalTeamActivationGroup>
            <eCad.108>4224013</eCad.108>
            <eCad.109>2014-04-01T12:28:16+07:00</eCad.109></eCad.HospitalTeamActivationGroup>
        <eCad.HospitalTeamActivationGroup>
            <eCad.108>4224007</eCad.108>
            <eCad.109>2014-04-01T12:28:16+07:00</eCad.109></eCad.HospitalTeamActivationGroup></eCAD></CADDataSet>