
<CADDataSet xmlns:xsi="http://www.w3.org/2001/XMLSchema-instance" xsi:schemaLocation="http://www.nemsis.org http://nemsis.org/media/nemsis_v3/release-3.3.4/XSDs/NEMSIS_XSDs/CADDataSet_v3.xsd" xmlns="http://www.nemsis.org">
    <eCAD>
        <eCad.01>b</eCad.01>
        <eCad.02>n</eCad.02>
        <eCad.03>sX</eCad.03>
        <eCad.04>49</eCad.04>
        <eCad.05>3f</eCad.05>
        <eCad.05>BR</eCad.05>
        <eCad.06>BpK</eCad.06>
        <eCad.AgencyGroup>
            <eCad.07>U</eCad.07>
            <eCad.08>dj</eCad.08></eCad.AgencyGroup>
        <eCad.09>dX2</eCad.09>
        <eCad.10>OsQ</eCad.10>
        <eCad.ServiceGroup>
            <eCad.11>2205003</eCad.11>
            <eCad.12>2206007</eCad.12></eCad.ServiceGroup>
        <eCad.13>2207003</eCad.13>
        <eCad.14>2208001</eCad.14>
        <eCad.14>2208015</eCad.14>
        <eCad.15>2209001</eCad.15>
        <eCad.15>2209009</eCad.15>
        <eCad.16>2210015</eCad.16>
        <eCad.16>2210009</eCad.16>
        <eCad.17>2211013</eCad.17>
        <eCad.17>2211023</eCad.17>
        <eCad.17>2211017</eCad.17>
        <eCad.18>2212005</eCad.18>
        <eCad.18>2212013</eCad.18>
        <eCad.19>4</eCad.19>
        <eCad.20>3</eCad.20>
        <eCad.21>2215013</eCad.21>
        <eCad.22>qr</eCad.22>
        <eCad.23>0.437,-5.9</eCad.23>
        <eCad.24>18STN29683113</eCad.24>
        <eCad.25>706.0</eCad.25>
        <eCad.26>576.0</eCad.26>
        <eCad.27>201.0</eCad.27>
        <eCad.28>355.0</eCad.28>
        <eCad.29>2223001</eCad.29>
        <eCad.30>2224017</eCad.30>
        <eCad.30>2224021</eCad.30>
        <eCad.31>2301061</eCad.31>
        <eCad.32>2302005</eCad.32>
        <eCad.33>u</eCad.33>
        <eCad.34>6f</eCad.34>
        <eCad.35>2305001</eCad.35>
        <eCad.36>2014-04-01T12:28:18+07:00</eCad.36>
        <eCad.37>2014-04-01T12:28:18+07:00</eCad.37>
        <eCad.38>2014-04-01T12:28:18+07:00</eCad.38>
        <eCad.39>2014-04-01T12:28:18+07:00</eCad.39>
        <eCad.40>2014-04-01T12:28:18+07:00</eCad.40>
        <eCad.41>2014-04-01T12:28:18+07:00</eCad.41>
        <eCad.42>2014-04-01T12:28:18+07:00</eCad.42>
        <eCad.43>2014-04-01T12:28:18+07:00</eCad.43>
        <eCad.44>2014-04-01T12:28:18+07:00</eCad.44>
        <eCad.45>2014-04-01T12:28:18+07:00</eCad.45>
        <eCad.46>2014-04-01T12:28:18+07:00</eCad.46>
        <eCad.47>2014-04-01T12:28:18+07:00</eCad.47>
        <eCad.48>2014-04-01T12:28:18+07:00</eCad.48>
        <eCad.49>2014-04-01T12:28:18+07:00</eCad.49>
        <eCad.50>2014-04-01T12:28:18+07:00</eCad.50>
        <eCad.51>2014-04-01T12:28:18+07:00</eCad.51>
        <eCad.52>gP</eCad.52>
        <eCad.PatientNameGroup>
            <eCad.53>D</eCad.53>
            <eCad.54>D</eCad.54>
            <eCad.55>G</eCad.55></eCad.PatientNameGroup>
        <eCad.56 StreetAddress2="I">O</eCad.56>
        <eCad.57>1437657</eCad.57>
        <eCad.58>49005</eCad.58>
        <eCad.59>49</eCad.59>
        <eCad.60>84325</eCad.60>
        <eCad.61>US</eCad.61>
        <eCad.62>48632311684</eCad.62>
        <eCad.63>739023287</eCad.63>
        <eCad.64>9906003</eCad.64>
        <eCad.65>2514011</eCad.65>
        <eCad.65>2514007</eCad.65>
        <eCad.65>2514003</eCad.65>
        <eCad.AgeGroup>
            <eCad.66>100</eCad.66>
            <eCad.67>2516009</eCad.67></eCad.AgeGroup>
        <eCad.68>1996-04-20</eCad.68>
        <eCad.69 PhoneNumberType="9913009">870-437-4140</eCad.69>
        <eCad.69 PhoneNumberType="9913007">664-472-6262</eCad.69>
        <eCad.70>9923003</eCad.70>
        <eCad.ResponderGroup>
            <eCad.71>Bc</eCad.71>
            <eCad.72>i</eCad.72>
            <eCad.73>2704011</eCad.73></eCad.ResponderGroup>
        <eCad.ResponderGroup>
            <eCad.71>e0</eCad.71>
            <eCad.72>U</eCad.72>
            <eCad.73>2704001</eCad.73></eCad.ResponderGroup>
        <eCad.74>2014-04-01T12:28:18+07:00</eCad.74>
        <eCad.75>2707001</eCad.75>
        <eCad.76>9923001</eCad.76>
        <eCad.77>2708009</eCad.77>
        <eCad.78>Y92.824</eCad.78>
        <eCad.79>eP</eCad.79>
        <eCad.80>37.080345,-113.575391</eCad.80>
        <eCad.81>15TDL89658598</eCad.81>
        <eCad.82>zy</eCad.82>
        <eCad.83>xZ</eCad.83>
        <eCad.84 StreetAddress2="U">r</eCad.84>
        <eCad.85>O</eCad.85>
        <eCad.86>1437504</eCad.86>
        <eCad.87>49</eCad.87>
        <eCad.88>84790</eCad.88>
        <eCad.89>Q7</eCad.89>
        <eCad.90>49053</eCad.90>
        <eCad.91>US</eCad.91>
        <eCad.92>71774719714</eCad.92>
        <eCad.DestinationGroup>
            <eCad.93>CI</eCad.93>
            <eCad.94>3b</eCad.94>
            <eCad.95 StreetAddress2="Q">q</eCad.95>
            <eCad.96>1451795</eCad.96>
            <eCad.97>49</eCad.97>
            <eCad.98>49003</eCad.98>
            <eCad.99>84334</eCad.99>
            <eCad.100>US</eCad.100>
            <eCad.101>41.785486,-112.132417</eCad.101>
            <eCad.102>12,LQ33151225</eCad.102></eCad.DestinationGroup>
        <eCad.103>65</eCad.103>
        <eCad.104>4216001</eCad.104>
        <eCad.105>4217005</eCad.105>
        <eCad.106>4218005</eCad.106>
        <eCad.106>4218013</eCad.106>
        <eCad.106>4218003</eCad.106>
        <eCad.107>4221005</eCad.107>
        <eCad.HospitalTeamActivationGroup>
            <eCad.108>4224001</eCad.108>
            <eCad.109>2014-04-01T12:28:18+07:00</eCad.109></eCad.HospitalTeamActivationGroup>
        <eCad.HospitalTeamActivationGroup>
            <eCad.108>4224017</eCad.108>
            <eCad.109>2014-04-01T12:28:18+07:00</eCad.109></eCad.HospitalTeamActivationGroup>
        <eCad.HospitalTeamActivationGroup>
            <eCad.108>4224017</eCad.108>
            <eCad.109>2014-04-01T12:28:18+07:00</eCad.109></eCad.HospitalTeamActivationGroup></eCAD></CADDataSet>