
<CADDataSet xmlns:xsi="http://www.w3.org/2001/XMLSchema-instance" xsi:schemaLocation="http://www.nemsis.org http://nemsis.org/media/nemsis_v3/release-3.3.4/XSDs/NEMSIS_XSDs/CADDataSet_v3.xsd" xmlns="http://www.nemsis.org">
    <eCAD>
        <eCad.01>9</eCad.01>
        <eCad.02>T</eCad.02>
        <eCad.03>Ku</eCad.03>
        <eCad.04>49</eCad.04>
        <eCad.05>Cq</eCad.05>
        <eCad.06>cvj</eCad.06>
        <eCad.AgencyGroup>
            <eCad.07>o</eCad.07>
            <eCad.08>03</eCad.08></eCad.AgencyGroup>
        <eCad.09 xsi:nil="true" NV="7701003"></eCad.09>
        <eCad.10>gKO</eCad.10>
        <eCad.ServiceGroup>
            <eCad.11>2205005</eCad.11>
            <eCad.12>2206021</eCad.12></eCad.ServiceGroup>
        <eCad.13>2207001</eCad.13>
        <eCad.14>2208015</eCad.14>
        <eCad.15>2209033</eCad.15>
        <eCad.16>2210009</eCad.16>
        <eCad.17>2211023</eCad.17>
        <eCad.18>2212013</eCad.18>
        <eCad.19>A</eCad.19>
        <eCad.20>V</eCad.20>
        <eCad.21>2215021</eCad.21>
        <eCad.22>lO</eCad.22>
        <eCad.23>9.477,1</eCad.23>
        <eCad.24>11,MD31205240</eCad.24>
        <eCad.25>190.0</eCad.25>
        <eCad.26>377.0</eCad.26>
        <eCad.27>501.0</eCad.27>
        <eCad.28>274.0</eCad.28>
        <eCad.29>2223007</eCad.29>
        <eCad.30>2224003</eCad.30>
        <eCad.31>2301039</eCad.31>
        <eCad.32>2302001</eCad.32>
        <eCad.33>Q</eCad.33>
        <eCad.34>5W</eCad.34>
        <eCad.35>2305003</eCad.35>
        <eCad.36>2014-04-01T12:28:16+07:00</eCad.36>
        <eCad.37>2014-04-01T12:28:16+07:00</eCad.37>
        <eCad.38>2014-04-01T12:28:16+07:00</eCad.38>
        <eCad.39>2014-04-01T12:28:16+07:00</eCad.39>
        <eCad.40>2014-04-01T12:28:16+07:00</eCad.40>
        <eCad.41>2014-04-01T12:28:16+07:00</eCad.41>
        <eCad.42>2014-04-01T12:28:16+07:00</eCad.42>
        <eCad.43>2014-04-01T12:28:16+07:00</eCad.43>
        <eCad.44>2014-04-01T12:28:16+07:00</eCad.44>
        <eCad.45>2014-04-01T12:28:16+07:00</eCad.45>
        <eCad.46>2014-04-01T12:28:16+07:00</eCad.46>
        <eCad.47>2014-04-01T12:28:16+07:00</eCad.47>
        <eCad.48>2014-04-01T12:28:16+07:00</eCad.48>
        <eCad.49>2014-04-01T12:28:16+07:00</eCad.49>
        <eCad.50>2014-04-01T12:28:16+07:00</eCad.50>
        <eCad.51>2014-04-01T12:28:16+07:00</eCad.51>
        <eCad.52>cv</eCad.52>
        <eCad.PatientNameGroup>
            <eCad.53>Y</eCad.53>
            <eCad.54>K</eCad.54>
            <eCad.55>Q</eCad.55></eCad.PatientNameGroup>
        <eCad.56 StreetAddress2="A">d</eCad.56>
        <eCad.57>1439895</eCad.57>
        <eCad.58>49003</eCad.58>
        <eCad.59>49</eCad.59>
        <eCad.60>84306</eCad.60>
        <eCad.61>US</eCad.61>
        <eCad.62>52440757193</eCad.62>
        <eCad.63>797189773</eCad.63>
        <eCad.64>9906005</eCad.64>
        <eCad.65>2514007</eCad.65>
        <eCad.AgeGroup>
            <eCad.66>106</eCad.66>
            <eCad.67>2516001</eCad.67></eCad.AgeGroup>
        <eCad.68>2000-07-16</eCad.68>
        <eCad.69 PhoneNumberType="9913009">788-406-2137</eCad.69>
        <eCad.70>9923003</eCad.70>
        <eCad.ResponderGroup>
            <eCad.71>Ny</eCad.71>
            <eCad.72>m</eCad.72>
            <eCad.73>2704011</eCad.73></eCad.ResponderGroup>
        <eCad.74>2014-04-01T12:28:16+07:00</eCad.74>
        <eCad.75>2707001</eCad.75>
        <eCad.76>9923003</eCad.76>
        <eCad.77>2708001</eCad.77>
        <eCad.78>Y92.03</eCad.78>
        <eCad.79>jL</eCad.79>
        <eCad.80>41.180942,-111.970409</eCad.80>
        <eCad.81>17,EH21789712</eCad.81>
        <eCad.82>lO</eCad.82>
        <eCad.83>dy</eCad.83>
        <eCad.84 StreetAddress2="h">w</eCad.84>
        <eCad.85>c</eCad.85>
        <eCad.86>1445910</eCad.86>
        <eCad.87>49</eCad.87>
        <eCad.88>84405</eCad.88>
        <eCad.89>OE</eCad.89>
        <eCad.90>49057</eCad.90>
        <eCad.91>US</eCad.91>
        <eCad.92>49620562704</eCad.92>
        <eCad.DestinationGroup>
            <eCad.93>3W</eCad.93>
            <eCad.94>zm</eCad.94>
            <eCad.95 StreetAddress2="S">t</eCad.95>
            <eCad.96>1443220</eCad.96>
            <eCad.97>49</eCad.97>
            <eCad.98>49031</eCad.98>
            <eCad.99>84750</eCad.99>
            <eCad.100>US</eCad.100>
            <eCad.101>38.431118,-112.218185</eCad.101>
            <eCad.102>15,JT38477327</eCad.102></eCad.DestinationGroup>
        <eCad.103>23</eCad.103>
        <eCad.104>4216003</eCad.104>
        <eCad.105>4217001</eCad.105>
        <eCad.106>4218003</eCad.106>
        <eCad.107>4221013</eCad.107>
        <eCad.HospitalTeamActivationGroup>
            <eCad.108>4224005</eCad.108>
            <eCad.109>2014-04-01T12:28:16+07:00</eCad.109></eCad.HospitalTeamActivationGroup></eCAD></CADDataSet>