
<CADDataSet xmlns:xsi="http://www.w3.org/2001/XMLSchema-instance" xsi:schemaLocation="http://www.nemsis.org http://nemsis.org/media/nemsis_v3/release-3.4.0/XSDs/NEMSIS_XSDs/CADDataSet_v3.xsd" xmlns="http://www.nemsis.org">
    <eCAD>
        <eCad.06>wLx</eCad.06>
        <eCad.AgencyGroup>
            <eCad.07>D</eCad.07>
            <eCad.08>gZ</eCad.08></eCad.AgencyGroup>
        <eCad.09>3la</eCad.09>
        <eCad.10>TCD</eCad.10>
        <eCad.ServiceGroup>
            <eCad.11>2205013</eCad.11>
            <eCad.12>2206021</eCad.12></eCad.ServiceGroup>
        <eCad.13>2207013</eCad.13>
        <eCad.14>2208017</eCad.14>
        <eCad.15>2209033</eCad.15>
        <eCad.19>x</eCad.19>
        <eCad.20>M</eCad.20>
        <eCad.21>2215023</eCad.21>
        <eCad.22>yH</eCad.22>
        <eCad.23>+0,2.4</eCad.23>
        <eCad.24>16TSM84706578</eCad.24>
        <eCad.25>982.0</eCad.25>
        <eCad.26>910.0</eCad.26>
        <eCad.27>687.0</eCad.27>
        <eCad.28>910.0</eCad.28>
        <eCad.29>2223007</eCad.29>
        <eCad.30>2224023</eCad.30>
        <eCad.31>2301083</eCad.31>
        <eCad.32>2302007</eCad.32>
        <eCad.33>T</eCad.33>
        <eCad.34>5e</eCad.34>
        <eCad.35>2305007</eCad.35>
        <eCad.114>JAh</eCad.114>
        <eCad.36>2015-03-03T13:30:11+07:00</eCad.36>
        <eCad.37>2015-03-03T13:30:11+07:00</eCad.37>
        <eCad.38>2015-03-03T13:30:11+07:00</eCad.38>
        <eCad.39>2015-03-03T13:30:11+07:00</eCad.39>
        <eCad.40>2015-03-03T13:30:11+07:00</eCad.40>
        <eCad.41>2015-03-03T13:30:11+07:00</eCad.41>
        <eCad.42>2015-03-03T13:30:11+07:00</eCad.42>
        <eCad.43>2015-03-03T13:30:11+07:00</eCad.43>
        <eCad.44>2015-03-03T13:30:11+07:00</eCad.44>
        <eCad.45>2015-03-03T13:30:11+07:00</eCad.45>
        <eCad.46>2015-03-03T13:30:11+07:00</eCad.46>
        <eCad.47>2015-03-03T13:30:11+07:00</eCad.47>
        <eCad.48>2015-03-03T13:30:11+07:00</eCad.48>
        <eCad.49>2015-03-03T13:30:11+07:00</eCad.49>
        <eCad.50>2015-03-03T13:30:11+07:00</eCad.50>
        <eCad.51>2015-03-03T13:30:11+07:00</eCad.51>
        <eCad.52>u7</eCad.52>
        <eCad.PatientNameGroup>
            <eCad.53>f</eCad.53>
            <eCad.54>S</eCad.54>
            <eCad.55>o</eCad.55></eCad.PatientNameGroup>
        <eCad.56 StreetAddress2="N">a</eCad.56>
        <eCad.57>1437515</eCad.57>
        <eCad.58>49045</eCad.58>
        <eCad.59>49</eCad.59>
        <eCad.60>84029</eCad.60>
        <eCad.61>US</eCad.61>
        <eCad.62>49347968229</eCad.62>
        <eCad.63>487212350</eCad.63>
        <eCad.64>9906005</eCad.64>
        <eCad.65>2514011</eCad.65>
        <eCad.AgeGroup>
            <eCad.66>65</eCad.66>
            <eCad.67>2516009</eCad.67></eCad.AgeGroup>
        <eCad.68>1953-04-26</eCad.68>
        <eCad.69 PhoneNumberType="9913009">696-412-1501</eCad.69>
        <eCad.70>9923003</eCad.70>
        <eCad.ResponderGroup>
            <eCad.71>Cf</eCad.71>
            <eCad.72>b</eCad.72>
            <eCad.73>2704019</eCad.73></eCad.ResponderGroup>
        <eCad.74>2015-03-03T13:30:11+07:00</eCad.74>
        <eCad.75>2707005</eCad.75>
        <eCad.76>9923003</eCad.76>
        <eCad.78>Y92.37</eCad.78>
        <eCad.79>6b</eCad.79>
        <eCad.80>39.551983,-110.731494</eCad.80>
        <eCad.81>19UCK85395144</eCad.81>
        <eCad.82>k3</eCad.82>
        <eCad.83>a</eCad.83>
        <eCad.84 StreetAddress2="J">c</eCad.84>
        <eCad.85>e</eCad.85>
        <eCad.86>1434038</eCad.86>
        <eCad.87>49</eCad.87>
        <eCad.88>84542</eCad.88>
        <eCad.89>CR</eCad.89>
        <eCad.90>49007</eCad.90>
        <eCad.91>US</eCad.91>
        <eCad.92>57854843671</eCad.92>
        <eCad.DestinationGroup>
            <eCad.93>M7</eCad.93>
            <eCad.94>7q</eCad.94>
            <eCad.95 StreetAddress2="U">0</eCad.95>
            <eCad.96>1444170</eCad.96>
            <eCad.97>49</eCad.97>
            <eCad.98>49017</eCad.98>
            <eCad.99>84759</eCad.99>
            <eCad.100>US</eCad.100>
            <eCad.101>37.774394,-112.590019</eCad.101>
            <eCad.102>11RRN04606588</eCad.102></eCad.DestinationGroup>
        <eCad.103>65</eCad.103>
        <eCad.104>4216017</eCad.104>
        <eCad.105>4217007</eCad.105>
        <eCad.106>4218019</eCad.106>
        <eCad.107>4221023</eCad.107>
        <eCad.HospitalTeamActivationGroup>
            <eCad.108>4224017</eCad.108>
            <eCad.109>2015-03-03T13:30:11+07:00</eCad.109></eCad.HospitalTeamActivationGroup>
        <eCad.CrewGroup>
            <eCad.110>pd</eCad.110>
            <eCad.111>9925043</eCad.111>
            <eCad.112>2403013</eCad.112></eCad.CrewGroup>
        <eCad.113>4212043</eCad.113></eCAD></CADDataSet>