
<CADDataSet xmlns:xsi="http://www.w3.org/2001/XMLSchema-instance" xsi:schemaLocation="http://www.nemsis.org http://nemsis.org/media/XSD_v3/_nemsis_v3.4.0/3.4.0.150302/XSDs/NEMSIS_XSDs_v3.4.0.150302/CADDataSet_v3.xsd" xmlns="http://www.nemsis.org">
    <eCAD>
        <eCad.06>COs</eCad.06>
        <eCad.AgencyGroup>
            <eCad.07>k</eCad.07>
            <eCad.08>Pw</eCad.08></eCad.AgencyGroup>
        <eCad.09>qCR</eCad.09>
        <eCad.10>1E1</eCad.10>
        <eCad.ServiceGroup>
            <eCad.11>2205013</eCad.11>
            <eCad.12>2206021</eCad.12></eCad.ServiceGroup>
        <eCad.13>2207013</eCad.13>
        <eCad.14>2208017</eCad.14>
        <eCad.15>2209033</eCad.15>
        <eCad.19>4</eCad.19>
        <eCad.20>l</eCad.20>
        <eCad.21>2215023</eCad.21>
        <eCad.22>5e</eCad.22>
        <eCad.23>+9.42,1.176</eCad.23>
        <eCad.24>12RKM21411467</eCad.24>
        <eCad.25>721.0</eCad.25>
        <eCad.26>160.0</eCad.26>
        <eCad.27>462.0</eCad.27>
        <eCad.28>565.0</eCad.28>
        <eCad.29>2223007</eCad.29>
        <eCad.30>2224023</eCad.30>
        <eCad.31>2301083</eCad.31>
        <eCad.32>2302007</eCad.32>
        <eCad.33>7</eCad.33>
        <eCad.34>Ud</eCad.34>
        <eCad.35>2305007</eCad.35>
        <eCad.114>Rvj</eCad.114>
        <eCad.36>2015-03-03T13:30:09+07:00</eCad.36>
        <eCad.37>2015-03-03T13:30:09+07:00</eCad.37>
        <eCad.38>2015-03-03T13:30:09+07:00</eCad.38>
        <eCad.39>2015-03-03T13:30:09+07:00</eCad.39>
        <eCad.40>2015-03-03T13:30:09+07:00</eCad.40>
        <eCad.41>2015-03-03T13:30:09+07:00</eCad.41>
        <eCad.42>2015-03-03T13:30:09+07:00</eCad.42>
        <eCad.43>2015-03-03T13:30:09+07:00</eCad.43>
        <eCad.44>2015-03-03T13:30:09+07:00</eCad.44>
        <eCad.45>2015-03-03T13:30:09+07:00</eCad.45>
        <eCad.46>2015-03-03T13:30:09+07:00</eCad.46>
        <eCad.47>2015-03-03T13:30:09+07:00</eCad.47>
        <eCad.48>2015-03-03T13:30:09+07:00</eCad.48>
        <eCad.49>2015-03-03T13:30:09+07:00</eCad.49>
        <eCad.50>2015-03-03T13:30:09+07:00</eCad.50>
        <eCad.51>2015-03-03T13:30:09+07:00</eCad.51>
        <eCad.52>GV</eCad.52>
        <eCad.PatientNameGroup>
            <eCad.53>Q</eCad.53>
            <eCad.54>V</eCad.54>
            <eCad.55>i</eCad.55></eCad.PatientNameGroup>
        <eCad.56 StreetAddress2="p">R</eCad.56>
        <eCad.57>1453786</eCad.57>
        <eCad.58>49035</eCad.58>
        <eCad.59>49</eCad.59>
        <eCad.60>84121</eCad.60>
        <eCad.61>US</eCad.61>
        <eCad.62>48723267871</eCad.62>
        <eCad.63>228455562</eCad.63>
        <eCad.64>9906005</eCad.64>
        <eCad.65>2514011</eCad.65>
        <eCad.AgeGroup>
            <eCad.66>97</eCad.66>
            <eCad.67>2516009</eCad.67></eCad.AgeGroup>
        <eCad.68>1985-04-15</eCad.68>
        <eCad.69 PhoneNumberType="9913009">693-332-1276</eCad.69>
        <eCad.70>9923003</eCad.70>
        <eCad.ResponderGroup>
            <eCad.71>Qx</eCad.71>
            <eCad.72>A</eCad.72>
            <eCad.73>2704019</eCad.73></eCad.ResponderGroup>
        <eCad.74>2015-03-03T13:30:09+07:00</eCad.74>
        <eCad.75>2707005</eCad.75>
        <eCad.76>9923003</eCad.76>
        <eCad.78>Y92.2</eCad.78>
        <eCad.79>S8</eCad.79>
        <eCad.80>40.398937,-110.465521</eCad.80>
        <eCad.81>18RGS99130631</eCad.81>
        <eCad.82>Dx</eCad.82>
        <eCad.83>N</eCad.83>
        <eCad.84 StreetAddress2="A">a</eCad.84>
        <eCad.85>M</eCad.85>
        <eCad.86>1437508</eCad.86>
        <eCad.87>49</eCad.87>
        <eCad.88>84001</eCad.88>
        <eCad.89>jo</eCad.89>
        <eCad.90>49013</eCad.90>
        <eCad.91>US</eCad.91>
        <eCad.92>86332368824</eCad.92>
        <eCad.DestinationGroup>
            <eCad.93>Gy</eCad.93>
            <eCad.94>0v</eCad.94>
            <eCad.95 StreetAddress2="m">H</eCad.95>
            <eCad.96>1442334</eCad.96>
            <eCad.97>49</eCad.97>
            <eCad.98>49031</eCad.98>
            <eCad.99>84743</eCad.99>
            <eCad.100>US</eCad.100>
            <eCad.101>38.208632,-112.187039</eCad.101>
            <eCad.102>15SMQ57964867</eCad.102></eCad.DestinationGroup>
        <eCad.103>55</eCad.103>
        <eCad.104>4216017</eCad.104>
        <eCad.105>4217007</eCad.105>
        <eCad.106>4218019</eCad.106>
        <eCad.107>4221023</eCad.107>
        <eCad.HospitalTeamActivationGroup>
            <eCad.108>4224017</eCad.108>
            <eCad.109>2015-03-03T13:30:09+07:00</eCad.109></eCad.HospitalTeamActivationGroup>
        <eCad.CrewGroup>
            <eCad.110 xsi:nil="true" NV="7701001"></eCad.110>
            <eCad.111 xsi:nil="true" NV="7701005"></eCad.111>
            <eCad.112 xsi:nil="true" NV="7701003"></eCad.112></eCad.CrewGroup>
        <eCad.113>4212043</eCad.113></eCAD></CADDataSet>