
<DEMDataSet xmlns:xsi="http://www.w3.org/2001/XMLSchema-instance" xsi:schemaLocation="http://www.nemsis.org http://nemsis.org/media/nemsis_v3/release-3.4.0/XSDs/NEMSIS_XSDs/DEMDataSet_v3.xsd" xmlns="http://www.nemsis.org">
    <DemographicReport timeStamp="2015-03-03T13:29:40+07:00">
        <dAgency>
            <dAgency.01>3</dAgency.01>
            <dAgency.02>33</dAgency.02>
            <dAgency.03>sr</dAgency.03>
            <dAgency.04>49</dAgency.04>
            <dAgency.AgencyServiceGroup>
                <dAgency.05>49</dAgency.05>
                <dAgency.06>49039</dAgency.06>
                <dAgency.06>49039</dAgency.06>
                <dAgency.06>49039</dAgency.06>
                <dAgency.07>89373464695</dAgency.07>
                <dAgency.07>56278198270</dAgency.07>
                <dAgency.07>87073546182</dAgency.07>
                <dAgency.08>84623</dAgency.08>
                <dAgency.08>84623</dAgency.08>
                <dAgency.08>84623</dAgency.08></dAgency.AgencyServiceGroup>
            <dAgency.AgencyServiceGroup>
                <dAgency.05>49</dAgency.05>
                <dAgency.06>49039</dAgency.06>
                <dAgency.06>49039</dAgency.06>
                <dAgency.07>01980283857</dAgency.07>
                <dAgency.07>97457231936</dAgency.07>
                <dAgency.08>84623</dAgency.08>
                <dAgency.08>84623</dAgency.08></dAgency.AgencyServiceGroup>
            <dAgency.09>9920019</dAgency.09>
            <dAgency.10>9920019</dAgency.10>
            <dAgency.10>9920017</dAgency.10>
            <dAgency.10>9920015</dAgency.10>
            <dAgency.11>9917031</dAgency.11>
            <dAgency.12>1016005</dAgency.12>
            <dAgency.13>9912009</dAgency.13>
            <dAgency.14>1018005</dAgency.14>
            <dAgency.AgencyYearGroup>
                <dAgency.15>1937</dAgency.15>
                <dAgency.16>1519936</dAgency.16>
                <dAgency.17>2457028</dAgency.17>
                <dAgency.18>728447</dAgency.18>
                <dAgency.19>935987</dAgency.19>
                <dAgency.20>917587</dAgency.20>
                <dAgency.21>286571</dAgency.21>
                <dAgency.22>1576128</dAgency.22></dAgency.AgencyYearGroup>
            <dAgency.AgencyYearGroup>
                <dAgency.15>1957</dAgency.15>
                <dAgency.16>1289621</dAgency.16>
                <dAgency.17>455820</dAgency.17>
                <dAgency.18>1498748</dAgency.18>
                <dAgency.19>2503918</dAgency.19>
                <dAgency.20>566541</dAgency.20>
                <dAgency.21>881713</dAgency.21>
                <dAgency.22>3817730</dAgency.22></dAgency.AgencyYearGroup>
            <dAgency.AgencyYearGroup>
                <dAgency.15>1904</dAgency.15>
                <dAgency.16>2766351</dAgency.16>
                <dAgency.17>287134</dAgency.17>
                <dAgency.18>1500935</dAgency.18>
                <dAgency.19>3967165</dAgency.19>
                <dAgency.20>44871</dAgency.20>
                <dAgency.21>41716</dAgency.21>
                <dAgency.22>2659719</dAgency.22></dAgency.AgencyYearGroup>
            <dAgency.23>1027017</dAgency.23>
            <dAgency.24>9923003</dAgency.24>
            <dAgency.25>5SZ11nxwto</dAgency.25>
            <dAgency.25>aOdayUPGud</dAgency.25>
            <dAgency.26>E</dAgency.26>
            <dAgency.26>g</dAgency.26></dAgency>
        <dContact>
            <dContact.ContactInfoGroup>
                <dContact.01>1101017</dContact.01>
                <dContact.02>Armstrong</dContact.02>
                <dContact.03>Wilfred</dContact.03>
                <dContact.04>Andersen</dContact.04>
                <dContact.05 StreetAddress2="6">726-5374 Curabitur Street</dContact.05>
                <dContact.06>1446835</dContact.06>
                <dContact.07>49</dContact.07>
                <dContact.08>84405</dContact.08>
                <dContact.09>US</dContact.09>
                <dContact.10 PhoneNumberType="9913009">997-631-4254</dContact.10>
                <dContact.10 PhoneNumberType="9913009">876-429-8376</dContact.10>
                <dContact.11 EmailAddressType="9904003">0GWsWh5k@kpqA.com</dContact.11>
                <dContact.11 EmailAddressType="9904003">QoWzGlHe@fUbI.com</dContact.11>
                <dContact.12>vsP</dContact.12>
                <dContact.EMSMedicalDirectorGroup>
                    <dContact.13>1113003</dContact.13>
                    <dContact.14>1114043</dContact.14>
                    <dContact.14>1114041</dContact.14>
                    <dContact.14>1114039</dContact.14>
                    <dContact.15>1115003</dContact.15>
                    <dContact.16>9923003</dContact.16></dContact.EMSMedicalDirectorGroup></dContact.ContactInfoGroup>
            <dContact.ContactInfoGroup>
                <dContact.01>1101017</dContact.01>
                <dContact.02>Mcgee</dContact.02>
                <dContact.03>Danny</dContact.03>
                <dContact.04>Alcala</dContact.04>
                <dContact.05 StreetAddress2="E">4369 Faucibus St.</dContact.05>
                <dContact.06>2561242</dContact.06>
                <dContact.07>49</dContact.07>
                <dContact.08>84604</dContact.08>
                <dContact.09>US</dContact.09>
                <dContact.10 PhoneNumberType="9913009">626-642-5974</dContact.10>
                <dContact.10 PhoneNumberType="9913009">715-663-7762</dContact.10>
                <dContact.10 PhoneNumberType="9913009">849-215-2041</dContact.10>
                <dContact.11 EmailAddressType="9904003">fgbuM3xq@hDnB.com</dContact.11>
                <dContact.11 EmailAddressType="9904003">6uj5pdzg@mLVq.com</dContact.11>
                <dContact.11 EmailAddressType="9904003">f4GYOSXE@cV8a.com</dContact.11>
                <dContact.12>PGO</dContact.12>
                <dContact.EMSMedicalDirectorGroup>
                    <dContact.13>1113003</dContact.13>
                    <dContact.14>1114043</dContact.14>
                    <dContact.14>1114041</dContact.14>
                    <dContact.14>1114039</dContact.14>
                    <dContact.15>1115003</dContact.15>
                    <dContact.16>9923003</dContact.16></dContact.EMSMedicalDirectorGroup></dContact.ContactInfoGroup></dContact>
        <dConfiguration>
            <dConfiguration.ConfigurationGroup>
                <dConfiguration.01>49</dConfiguration.01>
                <dConfiguration.02>9911033</dConfiguration.02>
                <dConfiguration.02>9911031</dConfiguration.02>
                <dConfiguration.03>398024006</dConfiguration.03>
                <dConfiguration.03>398279005</dConfiguration.03>
                <dConfiguration.04>26225</dConfiguration.04>
                <dConfiguration.04>272</dConfiguration.04>
                <dConfiguration.04>296</dConfiguration.04>
                <dConfiguration.05>9914225</dConfiguration.05>
                <dConfiguration.05>9914223</dConfiguration.05>
                <dConfiguration.ProcedureGroup>
                    <dConfiguration.06>9917031</dConfiguration.06>
                    <dConfiguration.07>232682004</dConfiguration.07>
                    <dConfiguration.07>49077009</dConfiguration.07>
                    <dConfiguration.07>398292008</dConfiguration.07></dConfiguration.ProcedureGroup>
                <dConfiguration.ProcedureGroup>
                    <dConfiguration.06>9917031</dConfiguration.06>
                    <dConfiguration.07>410208007</dConfiguration.07>
                    <dConfiguration.07>448907002</dConfiguration.07></dConfiguration.ProcedureGroup>
                <dConfiguration.MedicationGroup>
                    <dConfiguration.08>9917031</dConfiguration.08>
                    <dConfiguration.09>4337</dConfiguration.09>
                    <dConfiguration.09>435</dConfiguration.09></dConfiguration.MedicationGroup>
                <dConfiguration.MedicationGroup>
                    <dConfiguration.08>9917031</dConfiguration.08>
                    <dConfiguration.09>4457</dConfiguration.09>
                    <dConfiguration.09>4603</dConfiguration.09>
                    <dConfiguration.09>4832</dConfiguration.09></dConfiguration.MedicationGroup>
                <dConfiguration.MedicationGroup>
                    <dConfiguration.08>9917031</dConfiguration.08>
                    <dConfiguration.09>4850</dConfiguration.09>
                    <dConfiguration.09>4917</dConfiguration.09></dConfiguration.MedicationGroup>
                <dConfiguration.10>9914225</dConfiguration.10>
                <dConfiguration.10>9914223</dConfiguration.10>
                <dConfiguration.11>1211035</dConfiguration.11>
                <dConfiguration.11>1211033</dConfiguration.11>
                <dConfiguration.12>9923003</dConfiguration.12>
                <dConfiguration.13>1213005</dConfiguration.13>
                <dConfiguration.14>OU</dConfiguration.14>
                <dConfiguration.14>u3</dConfiguration.14>
                <dConfiguration.14>md</dConfiguration.14>
                <dConfiguration.15>1215019</dConfiguration.15>
                <dConfiguration.15>1215017</dConfiguration.15>
                <dConfiguration.15>1215015</dConfiguration.15>
                <dConfiguration.16>x</dConfiguration.16>
                <dConfiguration.16>R</dConfiguration.16>
                <dConfiguration.16>i</dConfiguration.16>
                <dConfiguration.17>to</dConfiguration.17>
                <dConfiguration.17>UP</dConfiguration.17>
                <dConfiguration.17>bP</dConfiguration.17></dConfiguration.ConfigurationGroup>
            <dConfiguration.ConfigurationGroup>
                <dConfiguration.01>49</dConfiguration.01>
                <dConfiguration.02>9911033</dConfiguration.02>
                <dConfiguration.02>9911031</dConfiguration.02>
                <dConfiguration.03>405639008</dConfiguration.03>
                <dConfiguration.03>56251003</dConfiguration.03>
                <dConfiguration.03>232664002</dConfiguration.03>
                <dConfiguration.04>309778</dConfiguration.04>
                <dConfiguration.04>313002</dConfiguration.04>
                <dConfiguration.05>9914225</dConfiguration.05>
                <dConfiguration.05>9914223</dConfiguration.05>
                <dConfiguration.ProcedureGroup>
                    <dConfiguration.06>9917031</dConfiguration.06>
                    <dConfiguration.07>199746004</dConfiguration.07>
                    <dConfiguration.07>70177008</dConfiguration.07></dConfiguration.ProcedureGroup>
                <dConfiguration.ProcedureGroup>
                    <dConfiguration.06>9917031</dConfiguration.06>
                    <dConfiguration.07>58825001</dConfiguration.07>
                    <dConfiguration.07>56620000</dConfiguration.07>
                    <dConfiguration.07>264957007</dConfiguration.07></dConfiguration.ProcedureGroup>
                <dConfiguration.ProcedureGroup>
                    <dConfiguration.06>9917031</dConfiguration.06>
                    <dConfiguration.07>55841001</dConfiguration.07>
                    <dConfiguration.07>34955007</dConfiguration.07></dConfiguration.ProcedureGroup>
                <dConfiguration.MedicationGroup>
                    <dConfiguration.08>9917031</dConfiguration.08>
                    <dConfiguration.09>49737</dConfiguration.09>
                    <dConfiguration.09>5093</dConfiguration.09></dConfiguration.MedicationGroup>
                <dConfiguration.MedicationGroup>
                    <dConfiguration.08>9917031</dConfiguration.08>
                    <dConfiguration.09>5224</dConfiguration.09>
                    <dConfiguration.09>5492</dConfiguration.09>
                    <dConfiguration.09>5514</dConfiguration.09></dConfiguration.MedicationGroup>
                <dConfiguration.10>9914225</dConfiguration.10>
                <dConfiguration.10>9914223</dConfiguration.10>
                <dConfiguration.10>9914221</dConfiguration.10>
                <dConfiguration.11>1211035</dConfiguration.11>
                <dConfiguration.11>1211033</dConfiguration.11>
                <dConfiguration.11>1211031</dConfiguration.11>
                <dConfiguration.12>9923003</dConfiguration.12>
                <dConfiguration.13>1213005</dConfiguration.13>
                <dConfiguration.14>JS</dConfiguration.14>
                <dConfiguration.14>cJ</dConfiguration.14>
                <dConfiguration.15>1215019</dConfiguration.15>
                <dConfiguration.15>1215017</dConfiguration.15>
                <dConfiguration.16>B</dConfiguration.16>
                <dConfiguration.16>j</dConfiguration.16>
                <dConfiguration.16>g</dConfiguration.16>
                <dConfiguration.17>Z9</dConfiguration.17>
                <dConfiguration.17>k3</dConfiguration.17></dConfiguration.ConfigurationGroup>
            <dConfiguration.ConfigurationGroup>
                <dConfiguration.01>49</dConfiguration.01>
                <dConfiguration.02>9911033</dConfiguration.02>
                <dConfiguration.02>9911031</dConfiguration.02>
                <dConfiguration.03>232665001</dConfiguration.03>
                <dConfiguration.03>232666000</dConfiguration.03>
                <dConfiguration.04>314610</dConfiguration.04>
                <dConfiguration.04>317361</dConfiguration.04>
                <dConfiguration.04>3264</dConfiguration.04>
                <dConfiguration.05>9914225</dConfiguration.05>
                <dConfiguration.05>9914223</dConfiguration.05>
                <dConfiguration.ProcedureGroup>
                    <dConfiguration.06>9917031</dConfiguration.06>
                    <dConfiguration.07>18723003</dConfiguration.07>
                    <dConfiguration.07>59218006</dConfiguration.07></dConfiguration.ProcedureGroup>
                <dConfiguration.ProcedureGroup>
                    <dConfiguration.06>9917031</dConfiguration.06>
                    <dConfiguration.07>40174006</dConfiguration.07>
                    <dConfiguration.07>87750000</dConfiguration.07></dConfiguration.ProcedureGroup>
                <dConfiguration.ProcedureGroup>
                    <dConfiguration.06>9917031</dConfiguration.06>
                    <dConfiguration.07>49689007</dConfiguration.07>
                    <dConfiguration.07>79821001</dConfiguration.07>
                    <dConfiguration.07>88140007</dConfiguration.07></dConfiguration.ProcedureGroup>
                <dConfiguration.MedicationGroup>
                    <dConfiguration.08>9917031</dConfiguration.08>
                    <dConfiguration.09>5531</dConfiguration.09>
                    <dConfiguration.09>5553</dConfiguration.09></dConfiguration.MedicationGroup>
                <dConfiguration.MedicationGroup>
                    <dConfiguration.08>9917031</dConfiguration.08>
                    <dConfiguration.09>5640</dConfiguration.09>
                    <dConfiguration.09>5856</dConfiguration.09>
                    <dConfiguration.09>59038</dConfiguration.09></dConfiguration.MedicationGroup>
                <dConfiguration.MedicationGroup>
                    <dConfiguration.08>9917031</dConfiguration.08>
                    <dConfiguration.09>5975</dConfiguration.09>
                    <dConfiguration.09>6054</dConfiguration.09>
                    <dConfiguration.09>6130</dConfiguration.09></dConfiguration.MedicationGroup>
                <dConfiguration.10>9914225</dConfiguration.10>
                <dConfiguration.10>9914223</dConfiguration.10>
                <dConfiguration.11>1211035</dConfiguration.11>
                <dConfiguration.11>1211033</dConfiguration.11>
                <dConfiguration.12>9923003</dConfiguration.12>
                <dConfiguration.13>1213005</dConfiguration.13>
                <dConfiguration.14>s8</dConfiguration.14>
                <dConfiguration.14>9m</dConfiguration.14>
                <dConfiguration.14>Ew</dConfiguration.14>
                <dConfiguration.15>1215019</dConfiguration.15>
                <dConfiguration.15>1215017</dConfiguration.15>
                <dConfiguration.16>4</dConfiguration.16>
                <dConfiguration.16>G</dConfiguration.16>
                <dConfiguration.16>6</dConfiguration.16>
                <dConfiguration.17>gz</dConfiguration.17>
                <dConfiguration.17>7Z</dConfiguration.17></dConfiguration.ConfigurationGroup></dConfiguration>
        <dLocation>
            <dLocation.LocationGroup>
                <dLocation.01>1301007</dLocation.01>
                <dLocation.02>q3</dLocation.02>
                <dLocation.03>7</dLocation.03>
                <dLocation.04>40.696560,-112.017480</dLocation.04>
                <dLocation.05>13RNQ18670148</dLocation.05>
                <dLocation.06 StreetAddress2="E">P.O. Box 253, 1212 Eros. Av.</dLocation.06>
                <dLocation.07>1437843</dLocation.07>
                <dLocation.08>49</dLocation.08>
                <dLocation.09>84120</dLocation.09>
                <dLocation.10>49035</dLocation.10>
                <dLocation.11>US</dLocation.11>
                <dLocation.12 PhoneNumberType="9913009">764-313-4218</dLocation.12>
                <dLocation.12 PhoneNumberType="9913009">261-767-1311</dLocation.12>
                <dLocation.12 PhoneNumberType="9913009">385-325-5838</dLocation.12></dLocation.LocationGroup>
            <dLocation.LocationGroup>
                <dLocation.01>1301007</dLocation.01>
                <dLocation.02>dZ</dLocation.02>
                <dLocation.03>9</dLocation.03>
                <dLocation.04>40.711397,-111.292326</dLocation.04>
                <dLocation.05>18TJP30332266</dLocation.05>
                <dLocation.06 StreetAddress2="1">Ap #677-1505 Lectus Rd.</dLocation.06>
                <dLocation.07>1454224</dLocation.07>
                <dLocation.08>49</dLocation.08>
                <dLocation.09>84055</dLocation.09>
                <dLocation.10>49043</dLocation.10>
                <dLocation.11>US</dLocation.11>
                <dLocation.12 PhoneNumberType="9913009">474-525-0216</dLocation.12>
                <dLocation.12 PhoneNumberType="9913009">682-565-3423</dLocation.12></dLocation.LocationGroup>
            <dLocation.LocationGroup>
                <dLocation.01>1301007</dLocation.01>
                <dLocation.02>zW</dLocation.02>
                <dLocation.03>d</dLocation.03>
                <dLocation.04>40.436388,-110.826187</dLocation.04>
                <dLocation.05>13SLU98175771</dLocation.05>
                <dLocation.06 StreetAddress2="Q">Ap #269-2629 Enim. Avenue</dLocation.06>
                <dLocation.07>1428509</dLocation.07>
                <dLocation.08>49</dLocation.08>
                <dLocation.09>84031</dLocation.09>
                <dLocation.10>49013</dLocation.10>
                <dLocation.11>US</dLocation.11>
                <dLocation.12 PhoneNumberType="9913009">373-641-9939</dLocation.12>
                <dLocation.12 PhoneNumberType="9913009">645-846-7123</dLocation.12>
                <dLocation.12 PhoneNumberType="9913009">376-628-5739</dLocation.12></dLocation.LocationGroup></dLocation>
        <dVehicle>
            <dVehicle.VehicleGroup>
                <dVehicle.01>a</dVehicle.01>
                <dVehicle.02>AYbmZmGLZ8iqkwycQ</dVehicle.02>
                <dVehicle.03>j</dVehicle.03>
                <dVehicle.04>1404025</dVehicle.04>
                <dVehicle.VehicleCertificationLevelsGroup>
                    <dVehicle.05>9917031</dVehicle.05>
                    <dVehicle.06>9</dVehicle.06>
                    <dVehicle.07>7</dVehicle.07>
                    <dVehicle.08>6</dVehicle.08></dVehicle.VehicleCertificationLevelsGroup>
                <dVehicle.VehicleCertificationLevelsGroup>
                    <dVehicle.05>9917031</dVehicle.05>
                    <dVehicle.06>8</dVehicle.06>
                    <dVehicle.07>1</dVehicle.07>
                    <dVehicle.08>6</dVehicle.08></dVehicle.VehicleCertificationLevelsGroup>
                <dVehicle.VehicleCertificationLevelsGroup>
                    <dVehicle.05>9917031</dVehicle.05>
                    <dVehicle.06>8</dVehicle.06>
                    <dVehicle.07>6</dVehicle.07>
                    <dVehicle.08>11</dVehicle.08></dVehicle.VehicleCertificationLevelsGroup>
                <dVehicle.09>3473585</dVehicle.09>
                <dVehicle.10>2006</dVehicle.10>
                <dVehicle.YearGroup>
                    <dVehicle.11>1900</dVehicle.11>
                    <dVehicle.12>548</dVehicle.12>
                    <dVehicle.13 DistanceUnit="9929003">569.0</dVehicle.13></dVehicle.YearGroup>
                <dVehicle.YearGroup>
                    <dVehicle.11>1959</dVehicle.11>
                    <dVehicle.12>7669</dVehicle.12>
                    <dVehicle.13 DistanceUnit="9929003">261.0</dVehicle.13></dVehicle.YearGroup>
                <dVehicle.YearGroup>
                    <dVehicle.11>2027</dVehicle.11>
                    <dVehicle.12>2405</dVehicle.12>
                    <dVehicle.13 DistanceUnit="9929003">626.0</dVehicle.13></dVehicle.YearGroup></dVehicle.VehicleGroup>
            <dVehicle.VehicleGroup>
                <dVehicle.01>m</dVehicle.01>
                <dVehicle.02>YMmGlb06DgPgEL1jQ</dVehicle.02>
                <dVehicle.03>x</dVehicle.03>
                <dVehicle.04>1404025</dVehicle.04>
                <dVehicle.VehicleCertificationLevelsGroup>
                    <dVehicle.05>9917031</dVehicle.05>
                    <dVehicle.06>7</dVehicle.06>
                    <dVehicle.07>1</dVehicle.07>
                    <dVehicle.08>5</dVehicle.08></dVehicle.VehicleCertificationLevelsGroup>
                <dVehicle.VehicleCertificationLevelsGroup>
                    <dVehicle.05>9917031</dVehicle.05>
                    <dVehicle.06>11</dVehicle.06>
                    <dVehicle.07>7</dVehicle.07>
                    <dVehicle.08>11</dVehicle.08></dVehicle.VehicleCertificationLevelsGroup>
                <dVehicle.VehicleCertificationLevelsGroup>
                    <dVehicle.05>9917031</dVehicle.05>
                    <dVehicle.06>10</dVehicle.06>
                    <dVehicle.07>7</dVehicle.07>
                    <dVehicle.08>9</dVehicle.08></dVehicle.VehicleCertificationLevelsGroup>
                <dVehicle.09>7540030</dVehicle.09>
                <dVehicle.10>1931</dVehicle.10>
                <dVehicle.YearGroup>
                    <dVehicle.11>1920</dVehicle.11>
                    <dVehicle.12>3303</dVehicle.12>
                    <dVehicle.13 DistanceUnit="9929003">894.0</dVehicle.13></dVehicle.YearGroup>
                <dVehicle.YearGroup>
                    <dVehicle.11>2044</dVehicle.11>
                    <dVehicle.12>5049</dVehicle.12>
                    <dVehicle.13 DistanceUnit="9929003">916.0</dVehicle.13></dVehicle.YearGroup>
                <dVehicle.YearGroup>
                    <dVehicle.11>1956</dVehicle.11>
                    <dVehicle.12>7296</dVehicle.12>
                    <dVehicle.13 DistanceUnit="9929003">96.0</dVehicle.13></dVehicle.YearGroup></dVehicle.VehicleGroup></dVehicle>
        <dPersonnel>
            <dPersonnel.PersonnelGroup>
                <dPersonnel.NameGroup>
                    <dPersonnel.01>Steele</dPersonnel.01>
                    <dPersonnel.02>Sophia</dPersonnel.02>
                    <dPersonnel.03>Amador</dPersonnel.03></dPersonnel.NameGroup>
                <dPersonnel.AddressGroup>
                    <dPersonnel.04 StreetAddress2="6">6925 Conubia Rd.</dPersonnel.04>
                    <dPersonnel.05>1433782</dPersonnel.05>
                    <dPersonnel.06>49</dPersonnel.06>
                    <dPersonnel.07>84047</dPersonnel.07>
                    <dPersonnel.08>US</dPersonnel.08></dPersonnel.AddressGroup>
                <dPersonnel.09 PhoneNumberType="9913009">732-364-4725</dPersonnel.09>
                <dPersonnel.09 PhoneNumberType="9913009">460-385-9830</dPersonnel.09>
                <dPersonnel.09 PhoneNumberType="9913009">805-963-0622</dPersonnel.09>
                <dPersonnel.10 EmailAddressType="9904003">rAnDafR1@dLKY.com</dPersonnel.10>
                <dPersonnel.10 EmailAddressType="9904003">nlx8aTLw@52ke.com</dPersonnel.10>
                <dPersonnel.10 EmailAddressType="9904003">9pnhVjZm@Ml62.com</dPersonnel.10>
                <dPersonnel.11>1986-10-02</dPersonnel.11>
                <dPersonnel.12>9906005</dPersonnel.12>
                <dPersonnel.13>1513011</dPersonnel.13>
                <dPersonnel.13>1513009</dPersonnel.13>
                <dPersonnel.14>E6</dPersonnel.14>
                <dPersonnel.15>1515031</dPersonnel.15>
                <dPersonnel.16>1516071</dPersonnel.16>
                <dPersonnel.16>1516069</dPersonnel.16>
                <dPersonnel.16>1516067</dPersonnel.16>
                <dPersonnel.17>1517023</dPersonnel.17>
                <dPersonnel.17>1517021</dPersonnel.17>
                <dPersonnel.17>1517019</dPersonnel.17>
                <dPersonnel.ImmunizationsGroup>
                    <dPersonnel.18>9910051</dPersonnel.18>
                    <dPersonnel.19>2004</dPersonnel.19></dPersonnel.ImmunizationsGroup>
                <dPersonnel.ImmunizationsGroup>
                    <dPersonnel.18>9910051</dPersonnel.18>
                    <dPersonnel.19>1989</dPersonnel.19></dPersonnel.ImmunizationsGroup>
                <dPersonnel.ImmunizationsGroup>
                    <dPersonnel.18>9910051</dPersonnel.18>
                    <dPersonnel.19>1980</dPersonnel.19></dPersonnel.ImmunizationsGroup>
                <dPersonnel.20>yid</dPersonnel.20>
                <dPersonnel.20>vie</dPersonnel.20>
                <dPersonnel.21>3X</dPersonnel.21>
                <dPersonnel.LicensureGroup>
                    <dPersonnel.22>49</dPersonnel.22>
                    <dPersonnel.23>yu</dPersonnel.23>
                    <dPersonnel.24>9925043</dPersonnel.24>
                    <dPersonnel.25>1957-04-09</dPersonnel.25>
                    <dPersonnel.26>1959-01-14</dPersonnel.26>
                    <dPersonnel.27>1963-05-27</dPersonnel.27></dPersonnel.LicensureGroup>
                <dPersonnel.LicensureGroup>
                    <dPersonnel.22>49</dPersonnel.22>
                    <dPersonnel.23>8P</dPersonnel.23>
                    <dPersonnel.24>9925043</dPersonnel.24>
                    <dPersonnel.25>1992-10-08</dPersonnel.25>
                    <dPersonnel.26>1955-02-24</dPersonnel.26>
                    <dPersonnel.27>2010-08-06</dPersonnel.27></dPersonnel.LicensureGroup>
                <dPersonnel.28>Y3023751</dPersonnel.28>
                <dPersonnel.29>1529015</dPersonnel.29>
                <dPersonnel.30>2004-08-22</dPersonnel.30>
                <dPersonnel.31>1531007</dPersonnel.31>
                <dPersonnel.32>1991-03-01</dPersonnel.32>
                <dPersonnel.33>1959-01-18</dPersonnel.33>
                <dPersonnel.34>1534017</dPersonnel.34>
                <dPersonnel.35>1534017</dPersonnel.35>
                <dPersonnel.35>1534015</dPersonnel.35>
                <dPersonnel.36>21</dPersonnel.36>
                <dPersonnel.37>1981-01-21</dPersonnel.37>
                <dPersonnel.CertificationLevelGroup>
                    <dPersonnel.38>9925043</dPersonnel.38>
                    <dPersonnel.39>1964-11-26</dPersonnel.39></dPersonnel.CertificationLevelGroup>
                <dPersonnel.CertificationLevelGroup>
                    <dPersonnel.38>9925043</dPersonnel.38>
                    <dPersonnel.39>1980-12-02</dPersonnel.39></dPersonnel.CertificationLevelGroup>
                <dPersonnel.CertificationLevelGroup>
                    <dPersonnel.38>9925043</dPersonnel.38>
                    <dPersonnel.39>1956-11-06</dPersonnel.39></dPersonnel.CertificationLevelGroup></dPersonnel.PersonnelGroup>
            <dPersonnel.PersonnelGroup>
                <dPersonnel.NameGroup>
                    <dPersonnel.01>Hansen</dPersonnel.01>
                    <dPersonnel.02>Wm</dPersonnel.02>
                    <dPersonnel.03>Abreu</dPersonnel.03></dPersonnel.NameGroup>
                <dPersonnel.AddressGroup>
                    <dPersonnel.04 StreetAddress2="Y">1222 Quam. Av.</dPersonnel.04>
                    <dPersonnel.05>1444486</dPersonnel.05>
                    <dPersonnel.06>49</dPersonnel.06>
                    <dPersonnel.07>84414</dPersonnel.07>
                    <dPersonnel.08>US</dPersonnel.08></dPersonnel.AddressGroup>
                <dPersonnel.09 PhoneNumberType="9913009">712-868-4687</dPersonnel.09>
                <dPersonnel.09 PhoneNumberType="9913009">779-971-3238</dPersonnel.09>
                <dPersonnel.09 PhoneNumberType="9913009">667-822-5348</dPersonnel.09>
                <dPersonnel.10 EmailAddressType="9904003">ubuax9xX@fERr.com</dPersonnel.10>
                <dPersonnel.10 EmailAddressType="9904003">jJCRir75@nc2Y.com</dPersonnel.10>
                <dPersonnel.11>1983-10-03</dPersonnel.11>
                <dPersonnel.12>9906005</dPersonnel.12>
                <dPersonnel.13>1513011</dPersonnel.13>
                <dPersonnel.13>1513009</dPersonnel.13>
                <dPersonnel.14>i3</dPersonnel.14>
                <dPersonnel.15>1515031</dPersonnel.15>
                <dPersonnel.16>1516071</dPersonnel.16>
                <dPersonnel.16>1516069</dPersonnel.16>
                <dPersonnel.16>1516067</dPersonnel.16>
                <dPersonnel.17>1517023</dPersonnel.17>
                <dPersonnel.17>1517021</dPersonnel.17>
                <dPersonnel.17>1517019</dPersonnel.17>
                <dPersonnel.ImmunizationsGroup>
                    <dPersonnel.18>9910051</dPersonnel.18>
                    <dPersonnel.19>1913</dPersonnel.19></dPersonnel.ImmunizationsGroup>
                <dPersonnel.ImmunizationsGroup>
                    <dPersonnel.18>9910051</dPersonnel.18>
                    <dPersonnel.19>1969</dPersonnel.19></dPersonnel.ImmunizationsGroup>
                <dPersonnel.20>yid</dPersonnel.20>
                <dPersonnel.20>vie</dPersonnel.20>
                <dPersonnel.21>Z1</dPersonnel.21>
                <dPersonnel.LicensureGroup>
                    <dPersonnel.22>49</dPersonnel.22>
                    <dPersonnel.23>eR</dPersonnel.23>
                    <dPersonnel.24>9925043</dPersonnel.24>
                    <dPersonnel.25>1984-04-12</dPersonnel.25>
                    <dPersonnel.26>2004-06-28</dPersonnel.26>
                    <dPersonnel.27>1999-11-30</dPersonnel.27></dPersonnel.LicensureGroup>
                <dPersonnel.LicensureGroup>
                    <dPersonnel.22>49</dPersonnel.22>
                    <dPersonnel.23>38</dPersonnel.23>
                    <dPersonnel.24>9925043</dPersonnel.24>
                    <dPersonnel.25>1965-04-27</dPersonnel.25>
                    <dPersonnel.26>1984-09-18</dPersonnel.26>
                    <dPersonnel.27>2010-06-11</dPersonnel.27></dPersonnel.LicensureGroup>
                <dPersonnel.LicensureGroup>
                    <dPersonnel.22>49</dPersonnel.22>
                    <dPersonnel.23>uB</dPersonnel.23>
                    <dPersonnel.24>9925043</dPersonnel.24>
                    <dPersonnel.25>1957-06-20</dPersonnel.25>
                    <dPersonnel.26>1984-03-11</dPersonnel.26>
                    <dPersonnel.27>1974-06-10</dPersonnel.27></dPersonnel.LicensureGroup>
                <dPersonnel.28>DA746365</dPersonnel.28>
                <dPersonnel.29>1529015</dPersonnel.29>
                <dPersonnel.30>1996-06-14</dPersonnel.30>
                <dPersonnel.31>1531007</dPersonnel.31>
                <dPersonnel.32>1951-11-28</dPersonnel.32>
                <dPersonnel.33>2005-06-29</dPersonnel.33>
                <dPersonnel.34>1534017</dPersonnel.34>
                <dPersonnel.35>1534017</dPersonnel.35>
                <dPersonnel.35>1534015</dPersonnel.35>
                <dPersonnel.36>19</dPersonnel.36>
                <dPersonnel.37>1992-03-07</dPersonnel.37>
                <dPersonnel.CertificationLevelGroup>
                    <dPersonnel.38>9925043</dPersonnel.38>
                    <dPersonnel.39>2006-09-03</dPersonnel.39></dPersonnel.CertificationLevelGroup>
                <dPersonnel.CertificationLevelGroup>
                    <dPersonnel.38>9925043</dPersonnel.38>
                    <dPersonnel.39>1970-11-23</dPersonnel.39></dPersonnel.CertificationLevelGroup>
                <dPersonnel.CertificationLevelGroup>
                    <dPersonnel.38>9925043</dPersonnel.38>
                    <dPersonnel.39>1961-02-27</dPersonnel.39></dPersonnel.CertificationLevelGroup></dPersonnel.PersonnelGroup>
            <dPersonnel.PersonnelGroup>
                <dPersonnel.NameGroup>
                    <dPersonnel.01>Sherman</dPersonnel.01>
                    <dPersonnel.02>Alma</dPersonnel.02>
                    <dPersonnel.03>Abraham</dPersonnel.03></dPersonnel.NameGroup>
                <dPersonnel.AddressGroup>
                    <dPersonnel.04 StreetAddress2="U">Ap #110-3625 Et, Ave</dPersonnel.04>
                    <dPersonnel.05>1444479</dPersonnel.05>
                    <dPersonnel.06>49</dPersonnel.06>
                    <dPersonnel.07>84062</dPersonnel.07>
                    <dPersonnel.08>US</dPersonnel.08></dPersonnel.AddressGroup>
                <dPersonnel.09 PhoneNumberType="9913009">612-378-3124</dPersonnel.09>
                <dPersonnel.09 PhoneNumberType="9913009">742-522-5682</dPersonnel.09>
                <dPersonnel.10 EmailAddressType="9904003">IeddKOVp@LzNY.com</dPersonnel.10>
                <dPersonnel.10 EmailAddressType="9904003">VGt3SNOU@Rre5.com</dPersonnel.10>
                <dPersonnel.10 EmailAddressType="9904003">dplbMooe@GADf.com</dPersonnel.10>
                <dPersonnel.11>1988-03-10</dPersonnel.11>
                <dPersonnel.12>9906005</dPersonnel.12>
                <dPersonnel.13>1513011</dPersonnel.13>
                <dPersonnel.13>1513009</dPersonnel.13>
                <dPersonnel.13>1513007</dPersonnel.13>
                <dPersonnel.14>J9</dPersonnel.14>
                <dPersonnel.15>1515031</dPersonnel.15>
                <dPersonnel.16>1516071</dPersonnel.16>
                <dPersonnel.16>1516069</dPersonnel.16>
                <dPersonnel.16>1516067</dPersonnel.16>
                <dPersonnel.17>1517023</dPersonnel.17>
                <dPersonnel.17>1517021</dPersonnel.17>
                <dPersonnel.17>1517019</dPersonnel.17>
                <dPersonnel.ImmunizationsGroup>
                    <dPersonnel.18>9910051</dPersonnel.18>
                    <dPersonnel.19>1902</dPersonnel.19></dPersonnel.ImmunizationsGroup>
                <dPersonnel.ImmunizationsGroup>
                    <dPersonnel.18>9910051</dPersonnel.18>
                    <dPersonnel.19>1995</dPersonnel.19></dPersonnel.ImmunizationsGroup>
                <dPersonnel.ImmunizationsGroup>
                    <dPersonnel.18>9910051</dPersonnel.18>
                    <dPersonnel.19>2009</dPersonnel.19></dPersonnel.ImmunizationsGroup>
                <dPersonnel.20>yid</dPersonnel.20>
                <dPersonnel.20>vie</dPersonnel.20>
                <dPersonnel.20>ukr</dPersonnel.20>
                <dPersonnel.21>Ov</dPersonnel.21>
                <dPersonnel.LicensureGroup>
                    <dPersonnel.22>49</dPersonnel.22>
                    <dPersonnel.23>48</dPersonnel.23>
                    <dPersonnel.24>9925043</dPersonnel.24>
                    <dPersonnel.25>1981-06-23</dPersonnel.25>
                    <dPersonnel.26>1984-10-04</dPersonnel.26>
                    <dPersonnel.27>1977-12-15</dPersonnel.27></dPersonnel.LicensureGroup>
                <dPersonnel.LicensureGroup>
                    <dPersonnel.22>49</dPersonnel.22>
                    <dPersonnel.23>F2</dPersonnel.23>
                    <dPersonnel.24>9925043</dPersonnel.24>
                    <dPersonnel.25>2008-07-28</dPersonnel.25>
                    <dPersonnel.26>2006-06-11</dPersonnel.26>
                    <dPersonnel.27>1970-03-29</dPersonnel.27></dPersonnel.LicensureGroup>
                <dPersonnel.LicensureGroup>
                    <dPersonnel.22>49</dPersonnel.22>
                    <dPersonnel.23>78</dPersonnel.23>
                    <dPersonnel.24>9925043</dPersonnel.24>
                    <dPersonnel.25>1965-05-15</dPersonnel.25>
                    <dPersonnel.26>1988-08-14</dPersonnel.26>
                    <dPersonnel.27>1975-06-18</dPersonnel.27></dPersonnel.LicensureGroup>
                <dPersonnel.28>I5614605</dPersonnel.28>
                <dPersonnel.29>1529015</dPersonnel.29>
                <dPersonnel.30>1990-10-03</dPersonnel.30>
                <dPersonnel.31>1531007</dPersonnel.31>
                <dPersonnel.32>1978-04-29</dPersonnel.32>
                <dPersonnel.33>1973-05-26</dPersonnel.33>
                <dPersonnel.34>1534017</dPersonnel.34>
                <dPersonnel.35>1534017</dPersonnel.35>
                <dPersonnel.35>1534015</dPersonnel.35>
                <dPersonnel.36>37</dPersonnel.36>
                <dPersonnel.37>2003-07-05</dPersonnel.37>
                <dPersonnel.CertificationLevelGroup>
                    <dPersonnel.38>9925043</dPersonnel.38>
                    <dPersonnel.39>1951-02-25</dPersonnel.39></dPersonnel.CertificationLevelGroup>
                <dPersonnel.CertificationLevelGroup>
                    <dPersonnel.38>9925043</dPersonnel.38>
                    <dPersonnel.39>1980-02-09</dPersonnel.39></dPersonnel.CertificationLevelGroup></dPersonnel.PersonnelGroup></dPersonnel>
        <dDevice>
            <dDevice.DeviceGroup>
                <dDevice.01>ps</dDevice.01>
                <dDevice.02>Ru</dDevice.02>
                <dDevice.03>1603039</dDevice.03>
                <dDevice.03>1603037</dDevice.03>
                <dDevice.03>1603035</dDevice.03>
                <dDevice.04>jv</dDevice.04>
                <dDevice.05>nE</dDevice.05>
                <dDevice.06>1981-10-10</dDevice.06></dDevice.DeviceGroup>
            <dDevice.DeviceGroup>
                <dDevice.01>JS</dDevice.01>
                <dDevice.02>tx</dDevice.02>
                <dDevice.03>1603039</dDevice.03>
                <dDevice.03>1603037</dDevice.03>
                <dDevice.03>1603035</dDevice.03>
                <dDevice.04>ZP</dDevice.04>
                <dDevice.05>Dw</dDevice.05>
                <dDevice.06>2011-05-28</dDevice.06></dDevice.DeviceGroup></dDevice>
        <dFacility>
            <dFacilityGroup>
                <dFacility.01>1701017</dFacility.01>
                <dFacility.FacilityGroup>
                    <dFacility.02>4L</dFacility.02>
                    <dFacility.03>xI</dFacility.03>
                    <dFacility.04>9908035</dFacility.04>
                    <dFacility.04>9908033</dFacility.04>
                    <dFacility.04>9908031</dFacility.04>
                    <dFacility.05>zw8uGhgITX</dFacility.05>
                    <dFacility.05>hR3UPdyJ6I</dFacility.05>
                    <dFacility.05>N8KPBTKiHL</dFacility.05>
                    <dFacility.06>L</dFacility.06>
                    <dFacility.07 StreetAddress2="P">4135 Integer St.</dFacility.07>
                    <dFacility.08>1445910</dFacility.08>
                    <dFacility.09>49</dFacility.09>
                    <dFacility.10>84403</dFacility.10>
                    <dFacility.11>49057</dFacility.11>
                    <dFacility.12>US</dFacility.12>
                    <dFacility.13>41.178180,-111.963540</dFacility.13>
                    <dFacility.14>12TFQ76476672</dFacility.14>
                    <dFacility.15 PhoneNumberType="9913009">811-266-2727</dFacility.15>
                    <dFacility.15 PhoneNumberType="9913009">723-677-4407</dFacility.15></dFacility.FacilityGroup>
                <dFacility.FacilityGroup>
                    <dFacility.02>2l</dFacility.02>
                    <dFacility.03>mH</dFacility.03>
                    <dFacility.04>9908035</dFacility.04>
                    <dFacility.04>9908033</dFacility.04>
                    <dFacility.04>9908031</dFacility.04>
                    <dFacility.05>0J2q6HGh8l</dFacility.05>
                    <dFacility.05>tKW39SymAR</dFacility.05>
                    <dFacility.06>s</dFacility.06>
                    <dFacility.07 StreetAddress2="h">P.O. Box 265, 4699 Eu Street</dFacility.07>
                    <dFacility.08>1444282</dFacility.08>
                    <dFacility.09>49</dFacility.09>
                    <dFacility.10>84061</dFacility.10>
                    <dFacility.11>49043</dFacility.11>
                    <dFacility.12>US</dFacility.12>
                    <dFacility.13>40.714412,-111.334069</dFacility.13>
                    <dFacility.14>14TLQ32446811</dFacility.14>
                    <dFacility.15 PhoneNumberType="9913009">732-634-5647</dFacility.15>
                    <dFacility.15 PhoneNumberType="9913009">932-253-8292</dFacility.15></dFacility.FacilityGroup></dFacilityGroup>
            <dFacilityGroup>
                <dFacility.01>1701017</dFacility.01>
                <dFacility.FacilityGroup>
                    <dFacility.02>rt</dFacility.02>
                    <dFacility.03>yv</dFacility.03>
                    <dFacility.04>9908035</dFacility.04>
                    <dFacility.04>9908033</dFacility.04>
                    <dFacility.05>mWzVChfU0o</dFacility.05>
                    <dFacility.05>ZwpYzbQUH6</dFacility.05>
                    <dFacility.06>W</dFacility.06>
                    <dFacility.07 StreetAddress2="y">P.O. Box 688, 6137 Eget Av.</dFacility.07>
                    <dFacility.08>1454997</dFacility.08>
                    <dFacility.09>49</dFacility.09>
                    <dFacility.10>84132</dFacility.10>
                    <dFacility.11>49035</dFacility.11>
                    <dFacility.12>US</dFacility.12>
                    <dFacility.13>40.765465,-111.840905</dFacility.13>
                    <dFacility.14>12UEJ46858013</dFacility.14>
                    <dFacility.15 PhoneNumberType="9913009">593-836-5583</dFacility.15>
                    <dFacility.15 PhoneNumberType="9913009">562-442-6629</dFacility.15></dFacility.FacilityGroup>
                <dFacility.FacilityGroup>
                    <dFacility.02>u3</dFacility.02>
                    <dFacility.03>3K</dFacility.03>
                    <dFacility.04>9908035</dFacility.04>
                    <dFacility.04>9908033</dFacility.04>
                    <dFacility.05>YNAuZTFmRj</dFacility.05>
                    <dFacility.05>CixhpdiQ5P</dFacility.05>
                    <dFacility.05>O4XRwB2Iwz</dFacility.05>
                    <dFacility.06>4</dFacility.06>
                    <dFacility.07 StreetAddress2="m">P.O. Box 100, 4600 Cum Rd.</dFacility.07>
                    <dFacility.08>1425865</dFacility.08>
                    <dFacility.09>49</dFacility.09>
                    <dFacility.10>84008</dFacility.10>
                    <dFacility.11>49047</dFacility.11>
                    <dFacility.12>US</dFacility.12>
                    <dFacility.13>40.019053,-109.175359</dFacility.13>
                    <dFacility.14>17UGG64031342</dFacility.14>
                    <dFacility.15 PhoneNumberType="9913009">542-509-4528</dFacility.15>
                    <dFacility.15 PhoneNumberType="9913009">712-683-0572</dFacility.15>
                    <dFacility.15 PhoneNumberType="9913009">870-777-1214</dFacility.15></dFacility.FacilityGroup>
                <dFacility.FacilityGroup>
                    <dFacility.02>Mi</dFacility.02>
                    <dFacility.03>RW</dFacility.03>
                    <dFacility.04>9908035</dFacility.04>
                    <dFacility.04>9908033</dFacility.04>
                    <dFacility.05>bNontEY7RB</dFacility.05>
                    <dFacility.05>DPCBFQMu62</dFacility.05>
                    <dFacility.05>xnveV5BmfR</dFacility.05>
                    <dFacility.06>1</dFacility.06>
                    <dFacility.07 StreetAddress2="5">5630 Est, Road</dFacility.07>
                    <dFacility.08>1441295</dFacility.08>
                    <dFacility.09>49</dFacility.09>
                    <dFacility.10>84655</dFacility.10>
                    <dFacility.11>49049</dFacility.11>
                    <dFacility.12>US</dFacility.12>
                    <dFacility.13>40.056240,-111.754620</dFacility.13>
                    <dFacility.14>15RLL87695756</dFacility.14>
                    <dFacility.15 PhoneNumberType="9913009">864-920-8770</dFacility.15>
                    <dFacility.15 PhoneNumberType="9913009">554-850-2044</dFacility.15></dFacility.FacilityGroup></dFacilityGroup>
            <dFacilityGroup>
                <dFacility.01>1701017</dFacility.01>
                <dFacility.FacilityGroup>
                    <dFacility.02>qU</dFacility.02>
                    <dFacility.03>9f</dFacility.03>
                    <dFacility.04>9908035</dFacility.04>
                    <dFacility.04>9908033</dFacility.04>
                    <dFacility.05>LoSWN6BImG</dFacility.05>
                    <dFacility.05>8FBTJoVa8O</dFacility.05>
                    <dFacility.06>h</dFacility.06>
                    <dFacility.07 StreetAddress2="B">P.O. Box 952, 2367 Semper. Ave</dFacility.07>
                    <dFacility.08>1430626</dFacility.08>
                    <dFacility.09>49</dFacility.09>
                    <dFacility.10>84052</dFacility.10>
                    <dFacility.11>49013</dFacility.11>
                    <dFacility.12>US</dFacility.12>
                    <dFacility.13>40.197437,-110.058695</dFacility.13>
                    <dFacility.14>15UJK22158165</dFacility.14>
                    <dFacility.15 PhoneNumberType="9913009">472-953-3936</dFacility.15>
                    <dFacility.15 PhoneNumberType="9913009">675-318-9523</dFacility.15></dFacility.FacilityGroup>
                <dFacility.FacilityGroup>
                    <dFacility.02>hS</dFacility.02>
                    <dFacility.03>or</dFacility.03>
                    <dFacility.04>9908035</dFacility.04>
                    <dFacility.04>9908033</dFacility.04>
                    <dFacility.04>9908031</dFacility.04>
                    <dFacility.05>5QbWqPzKhI</dFacility.05>
                    <dFacility.05>eVXbUglQKE</dFacility.05>
                    <dFacility.06>E</dFacility.06>
                    <dFacility.07 StreetAddress2="1">932-2686 Magnis Street</dFacility.07>
                    <dFacility.08>1442849</dFacility.08>
                    <dFacility.09>49</dFacility.09>
                    <dFacility.10>84341</dFacility.10>
                    <dFacility.11>49005</dFacility.11>
                    <dFacility.12>US</dFacility.12>
                    <dFacility.13>41.781188,-111.822443</dFacility.13>
                    <dFacility.14>11RZM93122758</dFacility.14>
                    <dFacility.15 PhoneNumberType="9913009">592-673-3706</dFacility.15>
                    <dFacility.15 PhoneNumberType="9913009">834-754-5664</dFacility.15>
                    <dFacility.15 PhoneNumberType="9913009">251-322-5182</dFacility.15></dFacility.FacilityGroup></dFacilityGroup></dFacility></DemographicReport></DEMDataSet>