
<DEMDataSet xmlns:xsi="http://www.w3.org/2001/XMLSchema-instance" xsi:schemaLocation="http://www.nemsis.org http://nemsis.org/media/nemsis_v3/release-3.3.4/XSDs/NEMSIS_XSDs/DEMDataSet_v3.xsd" xmlns="http://www.nemsis.org">
    <DemographicReport timeStamp="2014-04-01T12:27:01+07:00">
        <dAgency>
            <dAgency.01>6</dAgency.01>
            <dAgency.02>66</dAgency.02>
            <dAgency.03>3z</dAgency.03>
            <dAgency.04>49</dAgency.04>
            <dAgency.AgencyServiceGroup>
                <dAgency.05>49</dAgency.05>
                <dAgency.06>49045</dAgency.06>
                <dAgency.07>44418404020</dAgency.07>
                <dAgency.08>84069</dAgency.08></dAgency.AgencyServiceGroup>
            <dAgency.09>9920013</dAgency.09>
            <dAgency.10>9920013</dAgency.10>
            <dAgency.11>9917023</dAgency.11>
            <dAgency.12>1016005</dAgency.12>
            <dAgency.13>9912003</dAgency.13>
            <dAgency.14>1018003</dAgency.14>
            <dAgency.AgencyYearGroup>
                <dAgency.15>1904</dAgency.15>
                <dAgency.16>427783</dAgency.16>
                <dAgency.17>623007</dAgency.17>
                <dAgency.18>2015193</dAgency.18>
                <dAgency.19>1202669</dAgency.19>
                <dAgency.20>3452424</dAgency.20>
                <dAgency.21>939157</dAgency.21>
                <dAgency.22>1511275</dAgency.22></dAgency.AgencyYearGroup>
            <dAgency.23>1027001</dAgency.23>
            <dAgency.24>9923001</dAgency.24>
            <dAgency.25>QJSrpV43uM</dAgency.25>
            <dAgency.26>R</dAgency.26></dAgency>
        <dContact>
            <dContact.ContactInfoGroup>
                <dContact.01>1101011</dContact.01>
                <dContact.02>Ball</dContact.02>
                <dContact.03>Betsy</dContact.03>
                <dContact.04>Alicea</dContact.04>
                <dContact.05 StreetAddress2="u">707-4484 Mi Avenue</dContact.05>
                <dContact.06>1428231</dContact.06>
                <dContact.07>49</dContact.07>
                <dContact.08>84083</dContact.08>
                <dContact.09>US</dContact.09>
                <dContact.10 PhoneNumberType="9913007">767-406-3837</dContact.10>
                <dContact.11 EmailAddressType="9904003">nDRGxMvA@vhPK.com</dContact.11>
                <dContact.12>68w</dContact.12>
                <dContact.EMSMedicalDirectorGroup>
                    <dContact.13>1113003</dContact.13>
                    <dContact.14>1114025</dContact.14>
                    <dContact.15>1115003</dContact.15>
                    <dContact.16>9923003</dContact.16></dContact.EMSMedicalDirectorGroup></dContact.ContactInfoGroup></dContact>
        <dConfiguration>
            <dConfiguration.ConfigurationGroup>
                <dConfiguration.01>49</dConfiguration.01>
                <dConfiguration.02>9911007</dConfiguration.02>
                <dConfiguration.03>410208007</dConfiguration.03>
                <dConfiguration.04>4917</dConfiguration.04>
                <dConfiguration.05>9914157</dConfiguration.05>
                <dConfiguration.ProcedureGroup>
                    <dConfiguration.06>9917019</dConfiguration.06>
                    <dConfiguration.07>232707004</dConfiguration.07></dConfiguration.ProcedureGroup>
                <dConfiguration.MedicationGroup>
                    <dConfiguration.08>9917005</dConfiguration.08>
                    <dConfiguration.09>11170</dConfiguration.09></dConfiguration.MedicationGroup>
                <dConfiguration.10>9914185</dConfiguration.10>
                <dConfiguration.11>1211023</dConfiguration.11>
                <dConfiguration.12>9923001</dConfiguration.12>
                <dConfiguration.13>1213001</dConfiguration.13>
                <dConfiguration.14>wb</dConfiguration.14>
                <dConfiguration.15>1215013</dConfiguration.15>
                <dConfiguration.16>D</dConfiguration.16>
                <dConfiguration.17>cH</dConfiguration.17></dConfiguration.ConfigurationGroup></dConfiguration>
        <dLocation>
            <dLocation.LocationGroup>
                <dLocation.01>1301005</dLocation.01>
                <dLocation.02>t1</dLocation.02>
                <dLocation.03>i</dLocation.03>
                <dLocation.04>40.345179,-111.911529</dLocation.04>
                <dLocation.05>15SSD44111948</dLocation.05>
                <dLocation.06 StreetAddress2="d">884-7714 Ante Av.</dLocation.06>
                <dLocation.07>1437677</dLocation.07>
                <dLocation.08>49</dLocation.08>
                <dLocation.09>84045</dLocation.09>
                <dLocation.10>49049</dLocation.10>
                <dLocation.11>US</dLocation.11>
                <dLocation.12 PhoneNumberType="9913003">666-962-1105</dLocation.12></dLocation.LocationGroup></dLocation>
        <dVehicle>
            <dVehicle.VehicleGroup>
                <dVehicle.01>l</dVehicle.01>
                <dVehicle.02>bsYR5rFU9T1hxxco8</dVehicle.02>
                <dVehicle.03>E</dVehicle.03>
                <dVehicle.04>1404015</dVehicle.04>
                <dVehicle.VehicleCertificationLevelsGroup>
                    <dVehicle.05>9917011</dVehicle.05>
                    <dVehicle.06>9</dVehicle.06>
                    <dVehicle.07>7</dVehicle.07>
                    <dVehicle.08>3</dVehicle.08></dVehicle.VehicleCertificationLevelsGroup>
                <dVehicle.09>6533971</dVehicle.09>
                <dVehicle.10>2007</dVehicle.10>
                <dVehicle.YearGroup>
                    <dVehicle.11>1956</dVehicle.11>
                    <dVehicle.12>7701</dVehicle.12>
                    <dVehicle.13 DistanceUnit="9929001">503.0</dVehicle.13></dVehicle.YearGroup></dVehicle.VehicleGroup></dVehicle>
        <dPersonnel>
            <dPersonnel.PersonnelGroup>
                <dPersonnel.NameGroup>
                    <dPersonnel.01>Armstrong</dPersonnel.01>
                    <dPersonnel.02>Wilfred</dPersonnel.02>
                    <dPersonnel.03>Andersen</dPersonnel.03></dPersonnel.NameGroup>
                <dPersonnel.AddressGroup>
                    <dPersonnel.04 StreetAddress2="i">P.O. Box 512, 635 Consequat Street</dPersonnel.04>
                    <dPersonnel.05>1447372</dPersonnel.05>
                    <dPersonnel.06>49</dPersonnel.06>
                    <dPersonnel.07>84340</dPersonnel.07>
                    <dPersonnel.08>US</dPersonnel.08></dPersonnel.AddressGroup>
                <dPersonnel.09 PhoneNumberType="9913009">711-667-9346</dPersonnel.09>
                <dPersonnel.10 EmailAddressType="9904001">IOCCCg0S@tvDu.com</dPersonnel.10>
                <dPersonnel.11>1989-11-25</dPersonnel.11>
                <dPersonnel.12>9906001</dPersonnel.12>
                <dPersonnel.13>1513009</dPersonnel.13>
                <dPersonnel.14>ji</dPersonnel.14>
                <dPersonnel.15>1515007</dPersonnel.15>
                <dPersonnel.16>1516037</dPersonnel.16>
                <dPersonnel.17>1517009</dPersonnel.17>
                <dPersonnel.ImmunizationsGroup>
                    <dPersonnel.18>9910019</dPersonnel.18>
                    <dPersonnel.19>1999</dPersonnel.19></dPersonnel.ImmunizationsGroup>
                <dPersonnel.20>slo</dPersonnel.20>
                <dPersonnel.21>as</dPersonnel.21>
                <dPersonnel.LicensureGroup>
                    <dPersonnel.22>6W</dPersonnel.22>
                    <dPersonnel.23>5a</dPersonnel.23>
                    <dPersonnel.24>9925039</dPersonnel.24>
                    <dPersonnel.25>1982-12-19</dPersonnel.25>
                    <dPersonnel.26>1953-09-25</dPersonnel.26>
                    <dPersonnel.27>2004-06-03</dPersonnel.27></dPersonnel.LicensureGroup>
                <dPersonnel.28>PD870288</dPersonnel.28>
                <dPersonnel.29>1529009</dPersonnel.29>
                <dPersonnel.30>2003-10-16</dPersonnel.30>
                <dPersonnel.31>1531007</dPersonnel.31>
                <dPersonnel.32>1959-11-17</dPersonnel.32>
                <dPersonnel.33>1952-06-29</dPersonnel.33>
                <dPersonnel.34>1534005</dPersonnel.34>
                <dPersonnel.35>1534009</dPersonnel.35>
                <dPersonnel.36>2</dPersonnel.36>
                <dPersonnel.37>1953-04-25</dPersonnel.37>
                <dPersonnel.CertificationLevelGroup>
                    <dPersonnel.38>9925017</dPersonnel.38>
                    <dPersonnel.39>1962-11-12</dPersonnel.39></dPersonnel.CertificationLevelGroup></dPersonnel.PersonnelGroup></dPersonnel>
        <dDevice>
            <dDevice.DeviceGroup>
                <dDevice.01>Ii</dDevice.01>
                <dDevice.02>EA</dDevice.02>
                <dDevice.03>1603013</dDevice.03>
                <dDevice.04>e9</dDevice.04>
                <dDevice.05>6M</dDevice.05>
                <dDevice.06>1953-09-21</dDevice.06></dDevice.DeviceGroup></dDevice>
        <dFacility>
            <dFacilityGroup>
                <dFacility.01>1701003</dFacility.01>
                <dFacility.FacilityGroup>
                    <dFacility.02>B5</dFacility.02>
                    <dFacility.03>27</dFacility.03>
                    <dFacility.04>9908013</dFacility.04>
                    <dFacility.05>dbBjeyBJvV</dFacility.05>
                    <dFacility.06>J</dFacility.06>
                    <dFacility.07 StreetAddress2="J">Ap #645-2075 Venenatis Road</dFacility.07>
                    <dFacility.08>1438817</dFacility.08>
                    <dFacility.09>49</dFacility.09>
                    <dFacility.10>84629</dFacility.10>
                    <dFacility.11>49039</dFacility.11>
                    <dFacility.12>US</dFacility.12>
                    <dFacility.13>39.854820,-111.445320</dFacility.13>
                    <dFacility.14>14SRK21427145</dFacility.14></dFacility.FacilityGroup></dFacilityGroup></dFacility></DemographicReport></DEMDataSet>