
<DEMDataSet xmlns:xsi="http://www.w3.org/2001/XMLSchema-instance" xsi:schemaLocation="http://www.nemsis.org http://nemsis.org/media/XSD_v3/_nemsis_v3.4.0/3.4.0.150302/XSDs/NEMSIS_XSDs_v3.4.0.150302/DEMDataSet_v3.xsd" xmlns="http://www.nemsis.org">
    <DemographicReport timeStamp="2015-03-03T13:29:40+07:00">
        <dAgency>
            <dAgency.01>3</dAgency.01>
            <dAgency.02>33</dAgency.02>
            <dAgency.03>9P</dAgency.03>
            <dAgency.04>49</dAgency.04>
            <dAgency.AgencyServiceGroup>
                <dAgency.05>49</dAgency.05>
                <dAgency.06>49043</dAgency.06>
                <dAgency.07>93254771549</dAgency.07>
                <dAgency.08>84068</dAgency.08></dAgency.AgencyServiceGroup>
            <dAgency.09>9920019</dAgency.09>
            <dAgency.10>9920019</dAgency.10>
            <dAgency.11>9917031</dAgency.11>
            <dAgency.12>1016005</dAgency.12>
            <dAgency.13>9912009</dAgency.13>
            <dAgency.14>1018005</dAgency.14>
            <dAgency.AgencyYearGroup>
                <dAgency.15>1922</dAgency.15>
                <dAgency.16>2303259</dAgency.16>
                <dAgency.17>3926777</dAgency.17>
                <dAgency.18>882512</dAgency.18>
                <dAgency.19>992939</dAgency.19>
                <dAgency.20>2903256</dAgency.20>
                <dAgency.21>2053557</dAgency.21>
                <dAgency.22>3625745</dAgency.22></dAgency.AgencyYearGroup>
            <dAgency.23>1027017</dAgency.23>
            <dAgency.24>9923003</dAgency.24>
            <dAgency.25>DgGchwjBNW</dAgency.25>
            <dAgency.26>h</dAgency.26></dAgency>
        <dContact>
            <dContact.ContactInfoGroup>
                <dContact.01>1101017</dContact.01>
                <dContact.02>Mcdonald</dContact.02>
                <dContact.03>Stanley</dContact.03>
                <dContact.04>Albright</dContact.04>
                <dContact.05 StreetAddress2="3">233-1778 Consectetuer Street</dContact.05>
                <dContact.06>1437836</dContact.06>
                <dContact.07>49</dContact.07>
                <dContact.08>84121</dContact.08>
                <dContact.09>US</dContact.09>
                <dContact.10 PhoneNumberType="9913009">466-776-8487</dContact.10>
                <dContact.11 EmailAddressType="9904003">ONlVJTL4@6ou9.com</dContact.11>
                <dContact.12>xg8</dContact.12>
                <dContact.EMSMedicalDirectorGroup>
                    <dContact.13>1113003</dContact.13>
                    <dContact.14>1114043</dContact.14>
                    <dContact.15>1115003</dContact.15>
                    <dContact.16>9923003</dContact.16></dContact.EMSMedicalDirectorGroup></dContact.ContactInfoGroup></dContact>
        <dConfiguration>
            <dConfiguration.ConfigurationGroup>
                <dConfiguration.01>49</dConfiguration.01>
                <dConfiguration.02>9911033</dConfiguration.02>
                <dConfiguration.03>284029005</dConfiguration.03>
                <dConfiguration.04>2599</dConfiguration.04>
                <dConfiguration.05>9914225</dConfiguration.05>
                <dConfiguration.ProcedureGroup>
                    <dConfiguration.06>9917031</dConfiguration.06>
                    <dConfiguration.07>241726007</dConfiguration.07></dConfiguration.ProcedureGroup>
                <dConfiguration.MedicationGroup>
                    <dConfiguration.08>9917031</dConfiguration.08>
                    <dConfiguration.09>4256</dConfiguration.09></dConfiguration.MedicationGroup>
                <dConfiguration.10>9914225</dConfiguration.10>
                <dConfiguration.11>1211035</dConfiguration.11>
                <dConfiguration.12>9923003</dConfiguration.12>
                <dConfiguration.13>1213005</dConfiguration.13>
                <dConfiguration.14>HL</dConfiguration.14>
                <dConfiguration.15>1215019</dConfiguration.15>
                <dConfiguration.16>9</dConfiguration.16>
                <dConfiguration.17>N2</dConfiguration.17></dConfiguration.ConfigurationGroup></dConfiguration>
        <dLocation>
            <dLocation.LocationGroup>
                <dLocation.01>1301007</dLocation.01>
                <dLocation.02>ow</dLocation.02>
                <dLocation.03>D</dLocation.03>
                <dLocation.04>37.561268,-111.995387</dLocation.04>
                <dLocation.05>19RJN07721391</dLocation.05>
                <dLocation.06 StreetAddress2="m">Ap #361-7034 Velit. Street</dLocation.06>
                <dLocation.07>1428663</dLocation.07>
                <dLocation.08>49</dLocation.08>
                <dLocation.09>84736</dLocation.09>
                <dLocation.10>49017</dLocation.10>
                <dLocation.11>US</dLocation.11>
                <dLocation.12 PhoneNumberType="9913009">451-528-1683</dLocation.12></dLocation.LocationGroup></dLocation>
        <dVehicle>
            <dVehicle.VehicleGroup>
                <dVehicle.01>T</dVehicle.01>
                <dVehicle.02>g270HT1goLDFJv1nT</dVehicle.02>
                <dVehicle.03>P</dVehicle.03>
                <dVehicle.04>1404025</dVehicle.04>
                <dVehicle.VehicleCertificationLevelsGroup>
                    <dVehicle.05>9917031</dVehicle.05>
                    <dVehicle.06>7</dVehicle.06>
                    <dVehicle.07>7</dVehicle.07>
                    <dVehicle.08>9</dVehicle.08></dVehicle.VehicleCertificationLevelsGroup>
                <dVehicle.09>6905839</dVehicle.09>
                <dVehicle.10>2026</dVehicle.10>
                <dVehicle.YearGroup>
                    <dVehicle.11>1983</dVehicle.11>
                    <dVehicle.12>1650</dVehicle.12>
                    <dVehicle.13 DistanceUnit="9929003">737.0</dVehicle.13></dVehicle.YearGroup></dVehicle.VehicleGroup></dVehicle>
        <dPersonnel>
            <dPersonnel.PersonnelGroup>
                <dPersonnel.NameGroup>
                    <dPersonnel.01>Palmer</dPersonnel.01>
                    <dPersonnel.02>Kelly</dPersonnel.02>
                    <dPersonnel.03>Aguirre</dPersonnel.03></dPersonnel.NameGroup>
                <dPersonnel.AddressGroup>
                    <dPersonnel.04 StreetAddress2="v">Ap #208-1171 Velit. Ave</dPersonnel.04>
                    <dPersonnel.05>1445380</dPersonnel.05>
                    <dPersonnel.06>49</dPersonnel.06>
                    <dPersonnel.07>84526</dPersonnel.07>
                    <dPersonnel.08>US</dPersonnel.08></dPersonnel.AddressGroup>
                <dPersonnel.09 PhoneNumberType="9913009">231-724-2429</dPersonnel.09>
                <dPersonnel.10 EmailAddressType="9904003">4wMZJqUp@WdxC.com</dPersonnel.10>
                <dPersonnel.11>1980-06-05</dPersonnel.11>
                <dPersonnel.12>9906005</dPersonnel.12>
                <dPersonnel.13>1513011</dPersonnel.13>
                <dPersonnel.14>eK</dPersonnel.14>
                <dPersonnel.15>1515031</dPersonnel.15>
                <dPersonnel.16>1516071</dPersonnel.16>
                <dPersonnel.17>1517023</dPersonnel.17>
                <dPersonnel.ImmunizationsGroup>
                    <dPersonnel.18>9910051</dPersonnel.18>
                    <dPersonnel.19>2036</dPersonnel.19></dPersonnel.ImmunizationsGroup>
                <dPersonnel.20>yid</dPersonnel.20>
                <dPersonnel.21>Ad</dPersonnel.21>
                <dPersonnel.LicensureGroup>
                    <dPersonnel.22>49</dPersonnel.22>
                    <dPersonnel.23>t4</dPersonnel.23>
                    <dPersonnel.24>9925043</dPersonnel.24>
                    <dPersonnel.25>1976-04-02</dPersonnel.25>
                    <dPersonnel.26>1982-02-17</dPersonnel.26>
                    <dPersonnel.27>2001-04-03</dPersonnel.27></dPersonnel.LicensureGroup>
                <dPersonnel.28>QJ439524</dPersonnel.28>
                <dPersonnel.29>1529015</dPersonnel.29>
                <dPersonnel.30>1983-11-14</dPersonnel.30>
                <dPersonnel.31>1531007</dPersonnel.31>
                <dPersonnel.32>1970-02-04</dPersonnel.32>
                <dPersonnel.33>1994-11-01</dPersonnel.33>
                <dPersonnel.34>1534017</dPersonnel.34>
                <dPersonnel.35>1534017</dPersonnel.35>
                <dPersonnel.36>69</dPersonnel.36>
                <dPersonnel.37>1985-08-15</dPersonnel.37>
                <dPersonnel.CertificationLevelGroup>
                    <dPersonnel.38>9925043</dPersonnel.38>
                    <dPersonnel.39>1960-05-29</dPersonnel.39></dPersonnel.CertificationLevelGroup></dPersonnel.PersonnelGroup></dPersonnel>
        <dDevice>
            <dDevice.DeviceGroup>
                <dDevice.01>qO</dDevice.01>
                <dDevice.02>3H</dDevice.02>
                <dDevice.03>1603039</dDevice.03>
                <dDevice.04>gU</dDevice.04>
                <dDevice.05>if</dDevice.05>
                <dDevice.06>1959-04-03</dDevice.06></dDevice.DeviceGroup></dDevice>
        <dFacility>
            <dFacilityGroup>
                <dFacility.01>1701017</dFacility.01>
                <dFacility.FacilityGroup>
                    <dFacility.02>sD</dFacility.02>
                    <dFacility.03>p1</dFacility.03>
                    <dFacility.04>9908035</dFacility.04>
                    <dFacility.05>QSpIzWZHUs</dFacility.05>
                    <dFacility.06>d</dFacility.06>
                    <dFacility.07 StreetAddress2="O">352-3455 Ante, Avenue</dFacility.07>
                    <dFacility.08>1427809</dFacility.08>
                    <dFacility.09>49</dFacility.09>
                    <dFacility.10>84337</dFacility.10>
                    <dFacility.11>49003</dFacility.11>
                    <dFacility.12>US</dFacility.12>
                    <dFacility.13>41.676420,-112.267800</dFacility.13>
                    <dFacility.14>14SKM01831178</dFacility.14>
                    <dFacility.15 PhoneNumberType="9913009">486-787-1159</dFacility.15></dFacility.FacilityGroup></dFacilityGroup></dFacility></DemographicReport></DEMDataSet>