
<DEMDataSet xmlns:xsi="http://www.w3.org/2001/XMLSchema-instance" xsi:schemaLocation="http://www.nemsis.org http://nemsis.org/media/XSD_v3/_nemsis_v3.4.0/3.4.0.150302/XSDs/NEMSIS_XSDs_v3.4.0.150302/DEMDataSet_v3.xsd" xmlns="http://www.nemsis.org">
    <DemographicReport timeStamp="2015-03-03T13:29:41+07:00">
        <dAgency>
            <dAgency.01>5</dAgency.01>
            <dAgency.02>55</dAgency.02>
            <dAgency.03>7g</dAgency.03>
            <dAgency.04>49</dAgency.04>
            <dAgency.AgencyServiceGroup>
                <dAgency.05>49</dAgency.05>
                <dAgency.06>49053</dAgency.06>
                <dAgency.07>90846138343</dAgency.07>
                <dAgency.08>84757</dAgency.08></dAgency.AgencyServiceGroup>
            <dAgency.09>9920019</dAgency.09>
            <dAgency.10>9920019</dAgency.10>
            <dAgency.11>9917031</dAgency.11>
            <dAgency.12>1016005</dAgency.12>
            <dAgency.13>9912009</dAgency.13>
            <dAgency.14>1018005</dAgency.14>
            <dAgency.AgencyYearGroup>
                <dAgency.15>1930</dAgency.15>
                <dAgency.16>3220793</dAgency.16>
                <dAgency.17>3563019</dAgency.17>
                <dAgency.18>332444</dAgency.18>
                <dAgency.19>1433560</dAgency.19>
                <dAgency.20>1648961</dAgency.20>
                <dAgency.21>1620942</dAgency.21>
                <dAgency.22>2135832</dAgency.22></dAgency.AgencyYearGroup>
            <dAgency.23>1027017</dAgency.23>
            <dAgency.24>9923003</dAgency.24>
            <dAgency.25>6aWAO9WcGs</dAgency.25>
            <dAgency.26>U</dAgency.26></dAgency>
        <dContact>
            <dContact.ContactInfoGroup>
                <dContact.01>1101017</dContact.01>
                <dContact.02>Peters</dContact.02>
                <dContact.03>Robin</dContact.03>
                <dContact.04>Amos</dContact.04>
                <dContact.05 StreetAddress2="t">840-2077 Sociis Rd.</dContact.05>
                <dContact.06>1431780</dContact.06>
                <dContact.07>49</dContact.07>
                <dContact.08>84050</dContact.08>
                <dContact.09>US</dContact.09>
                <dContact.10 PhoneNumberType="9913009">317-536-7444</dContact.10>
                <dContact.11 EmailAddressType="9904003">GwKHQB3U@3O0y.com</dContact.11>
                <dContact.12>N2s</dContact.12>
                <dContact.EMSMedicalDirectorGroup>
                    <dContact.13>1113003</dContact.13>
                    <dContact.14>1114043</dContact.14>
                    <dContact.15>1115003</dContact.15>
                    <dContact.16>9923003</dContact.16></dContact.EMSMedicalDirectorGroup></dContact.ContactInfoGroup></dContact>
        <dConfiguration>
            <dConfiguration.ConfigurationGroup>
                <dConfiguration.01>49</dConfiguration.01>
                <dConfiguration.02>9911033</dConfiguration.02>
                <dConfiguration.03>409088002</dConfiguration.03>
                <dConfiguration.04>3616</dConfiguration.04>
                <dConfiguration.05>9914225</dConfiguration.05>
                <dConfiguration.ProcedureGroup>
                    <dConfiguration.06>9917031</dConfiguration.06>
                    <dConfiguration.07>424432007</dConfiguration.07></dConfiguration.ProcedureGroup>
                <dConfiguration.MedicationGroup>
                    <dConfiguration.08>9917031</dConfiguration.08>
                    <dConfiguration.09>71535</dConfiguration.09></dConfiguration.MedicationGroup>
                <dConfiguration.10>9914225</dConfiguration.10>
                <dConfiguration.11>1211035</dConfiguration.11>
                <dConfiguration.12>9923003</dConfiguration.12>
                <dConfiguration.13>1213005</dConfiguration.13>
                <dConfiguration.14>WR</dConfiguration.14>
                <dConfiguration.15>1215019</dConfiguration.15>
                <dConfiguration.16>d</dConfiguration.16>
                <dConfiguration.17>V5</dConfiguration.17></dConfiguration.ConfigurationGroup></dConfiguration>
        <dLocation>
            <dLocation.LocationGroup>
                <dLocation.01>1301007</dLocation.01>
                <dLocation.02>Cg</dLocation.02>
                <dLocation.03>T</dLocation.03>
                <dLocation.04>40.026844,-111.705036</dLocation.04>
                <dLocation.05>12SMJ33147232</dLocation.05>
                <dLocation.06 StreetAddress2="I">8531 Arcu. Rd.</dLocation.06>
                <dLocation.07>1444252</dLocation.07>
                <dLocation.08>49</dLocation.08>
                <dLocation.09>84651</dLocation.09>
                <dLocation.10>49049</dLocation.10>
                <dLocation.11>US</dLocation.11>
                <dLocation.12 PhoneNumberType="9913009">811-828-3123</dLocation.12></dLocation.LocationGroup></dLocation>
        <dVehicle>
            <dVehicle.VehicleGroup>
                <dVehicle.01>p</dVehicle.01>
                <dVehicle.02>5iL95xdK1bvYppJdw</dVehicle.02>
                <dVehicle.03>m</dVehicle.03>
                <dVehicle.04>1404025</dVehicle.04>
                <dVehicle.VehicleCertificationLevelsGroup>
                    <dVehicle.05>9917031</dVehicle.05>
                    <dVehicle.06>7</dVehicle.06>
                    <dVehicle.07>10</dVehicle.07>
                    <dVehicle.08>10</dVehicle.08></dVehicle.VehicleCertificationLevelsGroup>
                <dVehicle.09>996662</dVehicle.09>
                <dVehicle.10>2020</dVehicle.10>
                <dVehicle.YearGroup>
                    <dVehicle.11>1978</dVehicle.11>
                    <dVehicle.12>9034</dVehicle.12>
                    <dVehicle.13 DistanceUnit="9929003">171.0</dVehicle.13></dVehicle.YearGroup></dVehicle.VehicleGroup></dVehicle>
        <dPersonnel>
            <dPersonnel.PersonnelGroup>
                <dPersonnel.NameGroup>
                    <dPersonnel.01>Pope</dPersonnel.01>
                    <dPersonnel.02>Alex</dPersonnel.02>
                    <dPersonnel.03>Alves</dPersonnel.03></dPersonnel.NameGroup>
                <dPersonnel.AddressGroup>
                    <dPersonnel.04 StreetAddress2="X">5952 Nunc Road</dPersonnel.04>
                    <dPersonnel.05>1439380</dPersonnel.05>
                    <dPersonnel.06>49</dPersonnel.06>
                    <dPersonnel.07>84744</dPersonnel.07>
                    <dPersonnel.08>US</dPersonnel.08></dPersonnel.AddressGroup>
                <dPersonnel.09 PhoneNumberType="9913009">824-461-6637</dPersonnel.09>
                <dPersonnel.10 EmailAddressType="9904003">50AqOD6h@iyU0.com</dPersonnel.10>
                <dPersonnel.11>1980-03-30</dPersonnel.11>
                <dPersonnel.12>9906005</dPersonnel.12>
                <dPersonnel.13>1513011</dPersonnel.13>
                <dPersonnel.14>k0</dPersonnel.14>
                <dPersonnel.15>1515031</dPersonnel.15>
                <dPersonnel.16>1516071</dPersonnel.16>
                <dPersonnel.17>1517023</dPersonnel.17>
                <dPersonnel.ImmunizationsGroup>
                    <dPersonnel.18>9910051</dPersonnel.18>
                    <dPersonnel.19>1989</dPersonnel.19></dPersonnel.ImmunizationsGroup>
                <dPersonnel.20>yid</dPersonnel.20>
                <dPersonnel.21>lT</dPersonnel.21>
                <dPersonnel.LicensureGroup>
                    <dPersonnel.22>49</dPersonnel.22>
                    <dPersonnel.23>wh</dPersonnel.23>
                    <dPersonnel.24>9925043</dPersonnel.24>
                    <dPersonnel.25>1993-09-22</dPersonnel.25>
                    <dPersonnel.26>1982-02-08</dPersonnel.26>
                    <dPersonnel.27>1983-06-07</dPersonnel.27></dPersonnel.LicensureGroup>
                <dPersonnel.28>Q5580918</dPersonnel.28>
                <dPersonnel.29>1529015</dPersonnel.29>
                <dPersonnel.30>1972-05-10</dPersonnel.30>
                <dPersonnel.31>1531007</dPersonnel.31>
                <dPersonnel.32>2007-05-10</dPersonnel.32>
                <dPersonnel.33>1957-06-03</dPersonnel.33>
                <dPersonnel.34>1534017</dPersonnel.34>
                <dPersonnel.35>1534017</dPersonnel.35>
                <dPersonnel.36>29</dPersonnel.36>
                <dPersonnel.37>1953-11-27</dPersonnel.37>
                <dPersonnel.CertificationLevelGroup>
                    <dPersonnel.38>9925043</dPersonnel.38>
                    <dPersonnel.39>1978-11-14</dPersonnel.39></dPersonnel.CertificationLevelGroup></dPersonnel.PersonnelGroup></dPersonnel>
        <dDevice>
            <dDevice.DeviceGroup>
                <dDevice.01>8L</dDevice.01>
                <dDevice.02>Yl</dDevice.02>
                <dDevice.03>1603039</dDevice.03>
                <dDevice.04>zj</dDevice.04>
                <dDevice.05>Ap</dDevice.05>
                <dDevice.06>1963-07-07</dDevice.06></dDevice.DeviceGroup></dDevice>
        <dFacility>
            <dFacilityGroup>
                <dFacility.01>1701017</dFacility.01>
                <dFacility.FacilityGroup>
                    <dFacility.02>F6</dFacility.02>
                    <dFacility.03>3I</dFacility.03>
                    <dFacility.04>9908035</dFacility.04>
                    <dFacility.05>20xokDgNmP</dFacility.05>
                    <dFacility.06>R</dFacility.06>
                    <dFacility.07 StreetAddress2="y">402-3119 Natoque Street</dFacility.07>
                    <dFacility.08>1438227</dFacility.08>
                    <dFacility.09>49</dFacility.09>
                    <dFacility.10>84712</dFacility.10>
                    <dFacility.11>49017</dFacility.11>
                    <dFacility.12>US</dFacility.12>
                    <dFacility.13>37.939733,-112.138116</dFacility.13>
                    <dFacility.14>18ULL59771496</dFacility.14>
                    <dFacility.15 PhoneNumberType="9913009">626-426-8154</dFacility.15></dFacility.FacilityGroup></dFacilityGroup></dFacility></DemographicReport></DEMDataSet>