
<DEMDataSet xmlns:xsi="http://www.w3.org/2001/XMLSchema-instance" xsi:schemaLocation="http://www.nemsis.org http://nemsis.org/media/nemsis_v3/release-3.3.4/XSDs/NEMSIS_XSDs/DEMDataSet_v3.xsd" xmlns="http://www.nemsis.org">
    <DemographicReport timeStamp="2014-04-01T12:27:01+07:00">
        <dAgency>
            <dAgency.01>4</dAgency.01>
            <dAgency.02>44</dAgency.02>
            <dAgency.03>YQ</dAgency.03>
            <dAgency.04>49</dAgency.04>
            <dAgency.AgencyServiceGroup>
                <dAgency.05>49</dAgency.05>
                <dAgency.06>49035</dAgency.06>
                <dAgency.06>49035</dAgency.06>
                <dAgency.07>07811673527</dAgency.07>
                <dAgency.07>50432788718</dAgency.07>
                <dAgency.07>56823995164</dAgency.07>
                <dAgency.08>84096</dAgency.08>
                <dAgency.08>84096</dAgency.08></dAgency.AgencyServiceGroup>
            <dAgency.AgencyServiceGroup>
                <dAgency.05>49</dAgency.05>
                <dAgency.06>49035</dAgency.06>
                <dAgency.06>49035</dAgency.06>
                <dAgency.06>49035</dAgency.06>
                <dAgency.07>84397616124</dAgency.07>
                <dAgency.07>20038685420</dAgency.07>
                <dAgency.08>84096</dAgency.08>
                <dAgency.08>84096</dAgency.08></dAgency.AgencyServiceGroup>
            <dAgency.09>9920001</dAgency.09>
            <dAgency.10>9920003</dAgency.10>
            <dAgency.10>9920013</dAgency.10>
            <dAgency.10>9920005</dAgency.10>
            <dAgency.11>9917031</dAgency.11>
            <dAgency.12>1016001</dAgency.12>
            <dAgency.13>9912005</dAgency.13>
            <dAgency.14>1018005</dAgency.14>
            <dAgency.AgencyYearGroup>
                <dAgency.15>2019</dAgency.15>
                <dAgency.16>1607426</dAgency.16>
                <dAgency.17>2619672</dAgency.17>
                <dAgency.18>140276</dAgency.18>
                <dAgency.19>687553</dAgency.19>
                <dAgency.20>3021746</dAgency.20>
                <dAgency.21>3594839</dAgency.21>
                <dAgency.22>2615476</dAgency.22></dAgency.AgencyYearGroup>
            <dAgency.AgencyYearGroup>
                <dAgency.15>1989</dAgency.15>
                <dAgency.16>2045040</dAgency.16>
                <dAgency.17>3007898</dAgency.17>
                <dAgency.18>3972718</dAgency.18>
                <dAgency.19>722156</dAgency.19>
                <dAgency.20>2078769</dAgency.20>
                <dAgency.21>3529560</dAgency.21>
                <dAgency.22>619343</dAgency.22></dAgency.AgencyYearGroup>
            <dAgency.AgencyYearGroup>
                <dAgency.15>2039</dAgency.15>
                <dAgency.16>338652</dAgency.16>
                <dAgency.17>3841971</dAgency.17>
                <dAgency.18>2889176</dAgency.18>
                <dAgency.19>883896</dAgency.19>
                <dAgency.20>3401520</dAgency.20>
                <dAgency.21>1777860</dAgency.21>
                <dAgency.22>1634343</dAgency.22></dAgency.AgencyYearGroup>
            <dAgency.23>1027003</dAgency.23>
            <dAgency.24>9923001</dAgency.24>
            <dAgency.25>eO9oozIf27</dAgency.25>
            <dAgency.25>oL3mWlSyQk</dAgency.25>
            <dAgency.26>D</dAgency.26>
            <dAgency.26>H</dAgency.26>
            <dAgency.26>I</dAgency.26></dAgency>
        <dContact>
            <dContact.ContactInfoGroup>
                <dContact.01>1101011</dContact.01>
                <dContact.02>Watts</dContact.02>
                <dContact.03>Roman</dContact.03>
                <dContact.04>Anderson</dContact.04>
                <dContact.05 StreetAddress2="J">707-4484 Mi Avenue</dContact.05>
                <dContact.06>1437658</dContact.06>
                <dContact.07>49</dContact.07>
                <dContact.08>84050</dContact.08>
                <dContact.09>US</dContact.09>
                <dContact.10 PhoneNumberType="9913007">657-807-5304</dContact.10>
                <dContact.10 PhoneNumberType="9913005">215-820-1245</dContact.10>
                <dContact.10 PhoneNumberType="9913001">580-498-8543</dContact.10>
                <dContact.11 EmailAddressType="9904003">09ZNGaCH@RSXL.com</dContact.11>
                <dContact.11 EmailAddressType="9904001">vujt7w68@vAH7.com</dContact.11>
                <dContact.12>JUd</dContact.12>
                <dContact.EMSMedicalDirectorGroup>
                    <dContact.13>1113001</dContact.13>
                    <dContact.14>1114029</dContact.14>
                    <dContact.14>1114019</dContact.14>
                    <dContact.15>1115003</dContact.15>
                    <dContact.16>9923003</dContact.16></dContact.EMSMedicalDirectorGroup></dContact.ContactInfoGroup>
            <dContact.ContactInfoGroup>
                <dContact.01>1101015</dContact.01>
                <dContact.02>Greene</dContact.02>
                <dContact.03>Tommie</dContact.03>
                <dContact.04>Ames</dContact.04>
                <dContact.05 StreetAddress2="9">P.O. Box 553, 9563 Nulla Road</dContact.05>
                <dContact.06>1439380</dContact.06>
                <dContact.07>49</dContact.07>
                <dContact.08>84701</dContact.08>
                <dContact.09>US</dContact.09>
                <dContact.10 PhoneNumberType="9913003">485-624-2683</dContact.10>
                <dContact.10 PhoneNumberType="9913003">395-737-6526</dContact.10>
                <dContact.10 PhoneNumberType="9913009">353-383-8582</dContact.10>
                <dContact.11 EmailAddressType="9904001">uf9nNl67@M10X.com</dContact.11>
                <dContact.11 EmailAddressType="9904003">mQKCkH7T@bM8p.com</dContact.11>
                <dContact.11 EmailAddressType="9904001">5oOoJjBA@Qi42.com</dContact.11>
                <dContact.12>X4f</dContact.12>
                <dContact.EMSMedicalDirectorGroup>
                    <dContact.13>1113003</dContact.13>
                    <dContact.14>1114001</dContact.14>
                    <dContact.14>1114033</dContact.14>
                    <dContact.15>1115003</dContact.15>
                    <dContact.16>9923001</dContact.16></dContact.EMSMedicalDirectorGroup></dContact.ContactInfoGroup></dContact>
        <dConfiguration>
            <dConfiguration.ConfigurationGroup>
                <dConfiguration.01>49</dConfiguration.01>
                <dConfiguration.02>9911015</dConfiguration.02>
                <dConfiguration.02>9911033</dConfiguration.02>
                <dConfiguration.02>9911019</dConfiguration.02>
                <dConfiguration.03>232678001</dConfiguration.03>
                <dConfiguration.03>385857005</dConfiguration.03>
                <dConfiguration.04>3443</dConfiguration.04>
                <dConfiguration.04>3498</dConfiguration.04>
                <dConfiguration.04>35629</dConfiguration.04>
                <dConfiguration.05>9914053</dConfiguration.05>
                <dConfiguration.05>9914145</dConfiguration.05>
                <dConfiguration.05>9914149</dConfiguration.05>
                <dConfiguration.ProcedureGroup>
                    <dConfiguration.06>9917021</dConfiguration.06>
                    <dConfiguration.07>52260009</dConfiguration.07>
                    <dConfiguration.07>182705007</dConfiguration.07></dConfiguration.ProcedureGroup>
                <dConfiguration.ProcedureGroup>
                    <dConfiguration.06>9917015</dConfiguration.06>
                    <dConfiguration.07>104690002</dConfiguration.07>
                    <dConfiguration.07>281582006</dConfiguration.07></dConfiguration.ProcedureGroup>
                <dConfiguration.ProcedureGroup>
                    <dConfiguration.06>9917015</dConfiguration.06>
                    <dConfiguration.07>55628002</dConfiguration.07>
                    <dConfiguration.07>225708008</dConfiguration.07>
                    <dConfiguration.07>371818002</dConfiguration.07></dConfiguration.ProcedureGroup>
                <dConfiguration.MedicationGroup>
                    <dConfiguration.08>9917013</dConfiguration.08>
                    <dConfiguration.09>5531</dConfiguration.09>
                    <dConfiguration.09>5553</dConfiguration.09>
                    <dConfiguration.09>5640</dConfiguration.09></dConfiguration.MedicationGroup>
                <dConfiguration.MedicationGroup>
                    <dConfiguration.08>9917015</dConfiguration.08>
                    <dConfiguration.09>5856</dConfiguration.09>
                    <dConfiguration.09>59038</dConfiguration.09>
                    <dConfiguration.09>5975</dConfiguration.09></dConfiguration.MedicationGroup>
                <dConfiguration.10>9914165</dConfiguration.10>
                <dConfiguration.10>9914093</dConfiguration.10>
                <dConfiguration.11>1211035</dConfiguration.11>
                <dConfiguration.11>1211021</dConfiguration.11>
                <dConfiguration.11>1211025</dConfiguration.11>
                <dConfiguration.12>9923003</dConfiguration.12>
                <dConfiguration.13>1213001</dConfiguration.13>
                <dConfiguration.14>OF</dConfiguration.14>
                <dConfiguration.14>27</dConfiguration.14>
                <dConfiguration.15>1215009</dConfiguration.15>
                <dConfiguration.15>1215001</dConfiguration.15>
                <dConfiguration.15>1215011</dConfiguration.15>
                <dConfiguration.16>l</dConfiguration.16>
                <dConfiguration.16>Y</dConfiguration.16>
                <dConfiguration.16>o</dConfiguration.16>
                <dConfiguration.17>Sp</dConfiguration.17>
                <dConfiguration.17>Ix</dConfiguration.17>
                <dConfiguration.17>zo</dConfiguration.17></dConfiguration.ConfigurationGroup>
            <dConfiguration.ConfigurationGroup>
                <dConfiguration.01>49</dConfiguration.01>
                <dConfiguration.02>9911019</dConfiguration.02>
                <dConfiguration.02>9911021</dConfiguration.02>
                <dConfiguration.03>404996007</dConfiguration.03>
                <dConfiguration.03>409088002</dConfiguration.03>
                <dConfiguration.04>35827</dConfiguration.04>
                <dConfiguration.04>3616</dConfiguration.04>
                <dConfiguration.04>3628</dConfiguration.04>
                <dConfiguration.05>9914175</dConfiguration.05>
                <dConfiguration.05>9914149</dConfiguration.05>
                <dConfiguration.05>9914185</dConfiguration.05>
                <dConfiguration.ProcedureGroup>
                    <dConfiguration.06>9917011</dConfiguration.06>
                    <dConfiguration.07>408014001</dConfiguration.07>
                    <dConfiguration.07>422440002</dConfiguration.07>
                    <dConfiguration.07>425058005</dConfiguration.07></dConfiguration.ProcedureGroup>
                <dConfiguration.ProcedureGroup>
                    <dConfiguration.06>9917023</dConfiguration.06>
                    <dConfiguration.07>424432007</dConfiguration.07>
                    <dConfiguration.07>423184003</dConfiguration.07>
                    <dConfiguration.07>422744007</dConfiguration.07></dConfiguration.ProcedureGroup>
                <dConfiguration.ProcedureGroup>
                    <dConfiguration.06>9917009</dConfiguration.06>
                    <dConfiguration.07>425519007</dConfiguration.07>
                    <dConfiguration.07>428803005</dConfiguration.07></dConfiguration.ProcedureGroup>
                <dConfiguration.MedicationGroup>
                    <dConfiguration.08>9917013</dConfiguration.08>
                    <dConfiguration.09>6054</dConfiguration.09>
                    <dConfiguration.09>6130</dConfiguration.09>
                    <dConfiguration.09>6185</dConfiguration.09></dConfiguration.MedicationGroup>
                <dConfiguration.MedicationGroup>
                    <dConfiguration.08>9917011</dConfiguration.08>
                    <dConfiguration.09>6387</dConfiguration.09>
                    <dConfiguration.09>6470</dConfiguration.09>
                    <dConfiguration.09>6585</dConfiguration.09></dConfiguration.MedicationGroup>
                <dConfiguration.10>9914165</dConfiguration.10>
                <dConfiguration.10>9914069</dConfiguration.10>
                <dConfiguration.10>9914137</dConfiguration.10>
                <dConfiguration.11>1211007</dConfiguration.11>
                <dConfiguration.11>1211035</dConfiguration.11>
                <dConfiguration.12>9923003</dConfiguration.12>
                <dConfiguration.13>1213005</dConfiguration.13>
                <dConfiguration.14>tO</dConfiguration.14>
                <dConfiguration.14>8i</dConfiguration.14>
                <dConfiguration.15>1215009</dConfiguration.15>
                <dConfiguration.15>1215017</dConfiguration.15>
                <dConfiguration.16>7</dConfiguration.16>
                <dConfiguration.16>n</dConfiguration.16>
                <dConfiguration.17>o8</dConfiguration.17>
                <dConfiguration.17>Y0</dConfiguration.17>
                <dConfiguration.17>gV</dConfiguration.17></dConfiguration.ConfigurationGroup>
            <dConfiguration.ConfigurationGroup>
                <dConfiguration.01>49</dConfiguration.01>
                <dConfiguration.02>9911029</dConfiguration.02>
                <dConfiguration.02>9911033</dConfiguration.02>
                <dConfiguration.03>429734006</dConfiguration.03>
                <dConfiguration.03>445392009</dConfiguration.03>
                <dConfiguration.04>3648</dConfiguration.04>
                <dConfiguration.04>36676</dConfiguration.04>
                <dConfiguration.05>9914139</dConfiguration.05>
                <dConfiguration.05>9914013</dConfiguration.05>
                <dConfiguration.05>9914091</dConfiguration.05>
                <dConfiguration.ProcedureGroup>
                    <dConfiguration.06>9917017</dConfiguration.06>
                    <dConfiguration.07>278297009</dConfiguration.07>
                    <dConfiguration.07>89666000</dConfiguration.07></dConfiguration.ProcedureGroup>
                <dConfiguration.ProcedureGroup>
                    <dConfiguration.06>9917015</dConfiguration.06>
                    <dConfiguration.07>250980009</dConfiguration.07>
                    <dConfiguration.07>23852006</dConfiguration.07></dConfiguration.ProcedureGroup>
                <dConfiguration.MedicationGroup>
                    <dConfiguration.08>9917023</dConfiguration.08>
                    <dConfiguration.09>6628</dConfiguration.09>
                    <dConfiguration.09>6754</dConfiguration.09></dConfiguration.MedicationGroup>
                <dConfiguration.MedicationGroup>
                    <dConfiguration.08>9917021</dConfiguration.08>
                    <dConfiguration.09>68139</dConfiguration.09>
                    <dConfiguration.09>6902</dConfiguration.09>
                    <dConfiguration.09>6915</dConfiguration.09></dConfiguration.MedicationGroup>
                <dConfiguration.MedicationGroup>
                    <dConfiguration.08>9917011</dConfiguration.08>
                    <dConfiguration.09>6918</dConfiguration.09>
                    <dConfiguration.09>6960</dConfiguration.09>
                    <dConfiguration.09>703</dConfiguration.09></dConfiguration.MedicationGroup>
                <dConfiguration.10>9914109</dConfiguration.10>
                <dConfiguration.10>9914067</dConfiguration.10>
                <dConfiguration.11>1211011</dConfiguration.11>
                <dConfiguration.11>1211009</dConfiguration.11>
                <dConfiguration.12>9923003</dConfiguration.12>
                <dConfiguration.13>1213005</dConfiguration.13>
                <dConfiguration.14>fj</dConfiguration.14>
                <dConfiguration.14>3o</dConfiguration.14>
                <dConfiguration.15>1215019</dConfiguration.15>
                <dConfiguration.15>1215015</dConfiguration.15>
                <dConfiguration.15>1215001</dConfiguration.15>
                <dConfiguration.16>b</dConfiguration.16>
                <dConfiguration.16>X</dConfiguration.16>
                <dConfiguration.17>wS</dConfiguration.17>
                <dConfiguration.17>MZ</dConfiguration.17>
                <dConfiguration.17>B6</dConfiguration.17></dConfiguration.ConfigurationGroup></dConfiguration>
        <dLocation>
            <dLocation.LocationGroup>
                <dLocation.01>1301005</dLocation.01>
                <dLocation.02>rI</dLocation.02>
                <dLocation.03>X</dLocation.03>
                <dLocation.04>40.700114,-111.948523</dLocation.04>
                <dLocation.05>15RQQ26411117</dLocation.05>
                <dLocation.06 StreetAddress2="g">159-6135 Mauris St.</dLocation.06>
                <dLocation.07>1454997</dLocation.07>
                <dLocation.08>49</dLocation.08>
                <dLocation.09>84126</dLocation.09>
                <dLocation.10>49035</dLocation.10>
                <dLocation.11>US</dLocation.11>
                <dLocation.12 PhoneNumberType="9913001">608-422-8387</dLocation.12>
                <dLocation.12 PhoneNumberType="9913007">432-324-3264</dLocation.12></dLocation.LocationGroup>
            <dLocation.LocationGroup>
                <dLocation.01>1301003</dLocation.01>
                <dLocation.02>jU</dLocation.02>
                <dLocation.03>3</dLocation.03>
                <dLocation.04>39.362915,-112.574399</dLocation.04>
                <dLocation.05>13UFJ18557140</dLocation.05>
                <dLocation.06 StreetAddress2="h">P.O. Box 624, 7655 Dolor. St.</dLocation.06>
                <dLocation.07>1451689</dLocation.07>
                <dLocation.08>49</dLocation.08>
                <dLocation.09>84624</dLocation.09>
                <dLocation.10>49027</dLocation.10>
                <dLocation.11>US</dLocation.11>
                <dLocation.12 PhoneNumberType="9913007">770-373-4892</dLocation.12>
                <dLocation.12 PhoneNumberType="9913003">721-421-6745</dLocation.12></dLocation.LocationGroup></dLocation>
        <dVehicle>
            <dVehicle.VehicleGroup>
                <dVehicle.01>V</dVehicle.01>
                <dVehicle.02>pvSu9CNnuAgcDLaDu</dVehicle.02>
                <dVehicle.03>s</dVehicle.03>
                <dVehicle.04>1404005</dVehicle.04>
                <dVehicle.VehicleCertificationLevelsGroup>
                    <dVehicle.05>9917019</dVehicle.05>
                    <dVehicle.06>1</dVehicle.06>
                    <dVehicle.07>5</dVehicle.07>
                    <dVehicle.08>4</dVehicle.08></dVehicle.VehicleCertificationLevelsGroup>
                <dVehicle.VehicleCertificationLevelsGroup>
                    <dVehicle.05>9917029</dVehicle.05>
                    <dVehicle.06>7</dVehicle.06>
                    <dVehicle.07>8</dVehicle.07>
                    <dVehicle.08>9</dVehicle.08></dVehicle.VehicleCertificationLevelsGroup>
                <dVehicle.09>3294156</dVehicle.09>
                <dVehicle.10>1955</dVehicle.10>
                <dVehicle.YearGroup>
                    <dVehicle.11>2006</dVehicle.11>
                    <dVehicle.12>523</dVehicle.12>
                    <dVehicle.13 DistanceUnit="9929001">205.0</dVehicle.13></dVehicle.YearGroup>
                <dVehicle.YearGroup>
                    <dVehicle.11>1945</dVehicle.11>
                    <dVehicle.12>7163</dVehicle.12>
                    <dVehicle.13 DistanceUnit="9929003">567.0</dVehicle.13></dVehicle.YearGroup></dVehicle.VehicleGroup>
            <dVehicle.VehicleGroup>
                <dVehicle.01>3</dVehicle.01>
                <dVehicle.02>SO3v5FhySi5pUVPzS</dVehicle.02>
                <dVehicle.03>o</dVehicle.03>
                <dVehicle.04>1404009</dVehicle.04>
                <dVehicle.VehicleCertificationLevelsGroup>
                    <dVehicle.05>9917025</dVehicle.05>
                    <dVehicle.06>10</dVehicle.06>
                    <dVehicle.07>1</dVehicle.07>
                    <dVehicle.08>8</dVehicle.08></dVehicle.VehicleCertificationLevelsGroup>
                <dVehicle.VehicleCertificationLevelsGroup>
                    <dVehicle.05>9917029</dVehicle.05>
                    <dVehicle.06>11</dVehicle.06>
                    <dVehicle.07>5</dVehicle.07>
                    <dVehicle.08>3</dVehicle.08></dVehicle.VehicleCertificationLevelsGroup>
                <dVehicle.VehicleCertificationLevelsGroup>
                    <dVehicle.05>9917027</dVehicle.05>
                    <dVehicle.06>5</dVehicle.06>
                    <dVehicle.07>5</dVehicle.07>
                    <dVehicle.08>8</dVehicle.08></dVehicle.VehicleCertificationLevelsGroup>
                <dVehicle.09>2925422</dVehicle.09>
                <dVehicle.10>1903</dVehicle.10>
                <dVehicle.YearGroup>
                    <dVehicle.11>2027</dVehicle.11>
                    <dVehicle.12>4580</dVehicle.12>
                    <dVehicle.13 DistanceUnit="9929001">578.0</dVehicle.13></dVehicle.YearGroup>
                <dVehicle.YearGroup>
                    <dVehicle.11>2026</dVehicle.11>
                    <dVehicle.12>836</dVehicle.12>
                    <dVehicle.13 DistanceUnit="9929003">21.0</dVehicle.13></dVehicle.YearGroup></dVehicle.VehicleGroup>
            <dVehicle.VehicleGroup>
                <dVehicle.01>4</dVehicle.01>
                <dVehicle.02>e86O4wXDGtJhCpTNI</dVehicle.02>
                <dVehicle.03>7</dVehicle.03>
                <dVehicle.04>1404003</dVehicle.04>
                <dVehicle.VehicleCertificationLevelsGroup>
                    <dVehicle.05>9917017</dVehicle.05>
                    <dVehicle.06>6</dVehicle.06>
                    <dVehicle.07>6</dVehicle.07>
                    <dVehicle.08>5</dVehicle.08></dVehicle.VehicleCertificationLevelsGroup>
                <dVehicle.VehicleCertificationLevelsGroup>
                    <dVehicle.05>9917019</dVehicle.05>
                    <dVehicle.06>5</dVehicle.06>
                    <dVehicle.07>2</dVehicle.07>
                    <dVehicle.08>7</dVehicle.08></dVehicle.VehicleCertificationLevelsGroup>
                <dVehicle.VehicleCertificationLevelsGroup>
                    <dVehicle.05>9917023</dVehicle.05>
                    <dVehicle.06>5</dVehicle.06>
                    <dVehicle.07>1</dVehicle.07>
                    <dVehicle.08>11</dVehicle.08></dVehicle.VehicleCertificationLevelsGroup>
                <dVehicle.09>2782735</dVehicle.09>
                <dVehicle.10>2036</dVehicle.10>
                <dVehicle.YearGroup>
                    <dVehicle.11>1925</dVehicle.11>
                    <dVehicle.12>7883</dVehicle.12>
                    <dVehicle.13 DistanceUnit="9929003">299.0</dVehicle.13></dVehicle.YearGroup>
                <dVehicle.YearGroup>
                    <dVehicle.11>1958</dVehicle.11>
                    <dVehicle.12>6817</dVehicle.12>
                    <dVehicle.13 DistanceUnit="9929003">612.0</dVehicle.13></dVehicle.YearGroup></dVehicle.VehicleGroup></dVehicle>
        <dPersonnel>
            <dPersonnel.PersonnelGroup>
                <dPersonnel.NameGroup>
                    <dPersonnel.01>Edwards</dPersonnel.01>
                    <dPersonnel.02>Juan</dPersonnel.02>
                    <dPersonnel.03>Alaniz</dPersonnel.03></dPersonnel.NameGroup>
                <dPersonnel.AddressGroup>
                    <dPersonnel.04 StreetAddress2="m">Ap #130-7387 Enim Ave</dPersonnel.04>
                    <dPersonnel.05>1437522</dPersonnel.05>
                    <dPersonnel.06>49</dPersonnel.06>
                    <dPersonnel.07>84515</dPersonnel.07>
                    <dPersonnel.08>US</dPersonnel.08></dPersonnel.AddressGroup>
                <dPersonnel.09 PhoneNumberType="9913009">236-354-4219</dPersonnel.09>
                <dPersonnel.09 PhoneNumberType="9913005">222-438-2512</dPersonnel.09>
                <dPersonnel.10 EmailAddressType="9904003">rDvxyCSj@Gx0t.com</dPersonnel.10>
                <dPersonnel.10 EmailAddressType="9904001">VIuMGefh@XTd9.com</dPersonnel.10>
                <dPersonnel.10 EmailAddressType="9904003">ZbnJeZLh@nSF6.com</dPersonnel.10>
                <dPersonnel.11>1970-10-28</dPersonnel.11>
                <dPersonnel.12>9906003</dPersonnel.12>
                <dPersonnel.13>1513011</dPersonnel.13>
                <dPersonnel.13>1513007</dPersonnel.13>
                <dPersonnel.14>pQ</dPersonnel.14>
                <dPersonnel.15>1515021</dPersonnel.15>
                <dPersonnel.16>1516029</dPersonnel.16>
                <dPersonnel.16>1516067</dPersonnel.16>
                <dPersonnel.17>1517011</dPersonnel.17>
                <dPersonnel.17>1517023</dPersonnel.17>
                <dPersonnel.17>1517021</dPersonnel.17>
                <dPersonnel.ImmunizationsGroup>
                    <dPersonnel.18>9910041</dPersonnel.18>
                    <dPersonnel.19>2000</dPersonnel.19></dPersonnel.ImmunizationsGroup>
                <dPersonnel.ImmunizationsGroup>
                    <dPersonnel.18>9910005</dPersonnel.18>
                    <dPersonnel.19>1968</dPersonnel.19></dPersonnel.ImmunizationsGroup>
                <dPersonnel.20>syr</dPersonnel.20>
                <dPersonnel.20>amh</dPersonnel.20>
                <dPersonnel.21>wU</dPersonnel.21>
                <dPersonnel.LicensureGroup>
                    <dPersonnel.22>DQ</dPersonnel.22>
                    <dPersonnel.23>uN</dPersonnel.23>
                    <dPersonnel.24>9925025</dPersonnel.24>
                    <dPersonnel.25>1985-06-17</dPersonnel.25>
                    <dPersonnel.26>1975-02-23</dPersonnel.26>
                    <dPersonnel.27>2010-11-06</dPersonnel.27></dPersonnel.LicensureGroup>
                <dPersonnel.LicensureGroup>
                    <dPersonnel.22>sJ</dPersonnel.22>
                    <dPersonnel.23>oT</dPersonnel.23>
                    <dPersonnel.24>9925029</dPersonnel.24>
                    <dPersonnel.25>2006-11-04</dPersonnel.25>
                    <dPersonnel.26>2001-03-31</dPersonnel.26>
                    <dPersonnel.27>1953-09-06</dPersonnel.27></dPersonnel.LicensureGroup>
                <dPersonnel.LicensureGroup>
                    <dPersonnel.22>Fj</dPersonnel.22>
                    <dPersonnel.23>0s</dPersonnel.23>
                    <dPersonnel.24>9925033</dPersonnel.24>
                    <dPersonnel.25>2010-05-20</dPersonnel.25>
                    <dPersonnel.26>1993-10-23</dPersonnel.26>
                    <dPersonnel.27>1963-06-07</dPersonnel.27></dPersonnel.LicensureGroup>
                <dPersonnel.28>K3525761</dPersonnel.28>
                <dPersonnel.29>1529013</dPersonnel.29>
                <dPersonnel.30>1951-08-07</dPersonnel.30>
                <dPersonnel.31>1531007</dPersonnel.31>
                <dPersonnel.32>1984-10-15</dPersonnel.32>
                <dPersonnel.33>1970-08-05</dPersonnel.33>
                <dPersonnel.34>1534003</dPersonnel.34>
                <dPersonnel.35>1534009</dPersonnel.35>
                <dPersonnel.35>1534017</dPersonnel.35>
                <dPersonnel.36>39</dPersonnel.36>
                <dPersonnel.37>1967-10-10</dPersonnel.37>
                <dPersonnel.CertificationLevelGroup>
                    <dPersonnel.38>9925003</dPersonnel.38>
                    <dPersonnel.39>1956-10-20</dPersonnel.39></dPersonnel.CertificationLevelGroup>
                <dPersonnel.CertificationLevelGroup>
                    <dPersonnel.38>9925013</dPersonnel.38>
                    <dPersonnel.39>1976-08-12</dPersonnel.39></dPersonnel.CertificationLevelGroup>
                <dPersonnel.CertificationLevelGroup>
                    <dPersonnel.38>9925007</dPersonnel.38>
                    <dPersonnel.39>2006-08-22</dPersonnel.39></dPersonnel.CertificationLevelGroup></dPersonnel.PersonnelGroup>
            <dPersonnel.PersonnelGroup>
                <dPersonnel.NameGroup>
                    <dPersonnel.01>Munoz</dPersonnel.01>
                    <dPersonnel.02>Dianne</dPersonnel.02>
                    <dPersonnel.03>Alderman</dPersonnel.03></dPersonnel.NameGroup>
                <dPersonnel.AddressGroup>
                    <dPersonnel.04 StreetAddress2="u">708-8098 Bibendum Rd.</dPersonnel.04>
                    <dPersonnel.05>1438307</dPersonnel.05>
                    <dPersonnel.06>49</dPersonnel.06>
                    <dPersonnel.07>84620</dPersonnel.07>
                    <dPersonnel.08>US</dPersonnel.08></dPersonnel.AddressGroup>
                <dPersonnel.09 PhoneNumberType="9913003">324-837-6455</dPersonnel.09>
                <dPersonnel.09 PhoneNumberType="9913005">616-676-4457</dPersonnel.09>
                <dPersonnel.09 PhoneNumberType="9913005">583-263-4762</dPersonnel.09>
                <dPersonnel.10 EmailAddressType="9904003">8pkrW2ch@8P0U.com</dPersonnel.10>
                <dPersonnel.10 EmailAddressType="9904001">QJ8VASnd@fh7J.com</dPersonnel.10>
                <dPersonnel.10 EmailAddressType="9904001">I92WVL5o@TNaB.com</dPersonnel.10>
                <dPersonnel.11>1969-12-11</dPersonnel.11>
                <dPersonnel.12>9906005</dPersonnel.12>
                <dPersonnel.13>1513003</dPersonnel.13>
                <dPersonnel.13>1513005</dPersonnel.13>
                <dPersonnel.14>pg</dPersonnel.14>
                <dPersonnel.15>1515007</dPersonnel.15>
                <dPersonnel.16>1516011</dPersonnel.16>
                <dPersonnel.16>1516003</dPersonnel.16>
                <dPersonnel.16>1516001</dPersonnel.16>
                <dPersonnel.17>1517003</dPersonnel.17>
                <dPersonnel.17>1517001</dPersonnel.17>
                <dPersonnel.17>1517005</dPersonnel.17>
                <dPersonnel.ImmunizationsGroup>
                    <dPersonnel.18>9910027</dPersonnel.18>
                    <dPersonnel.19>1939</dPersonnel.19></dPersonnel.ImmunizationsGroup>
                <dPersonnel.ImmunizationsGroup>
                    <dPersonnel.18>9910015</dPersonnel.18>
                    <dPersonnel.19>1968</dPersonnel.19></dPersonnel.ImmunizationsGroup>
                <dPersonnel.20>yid</dPersonnel.20>
                <dPersonnel.20>ilo</dPersonnel.20>
                <dPersonnel.20>hin</dPersonnel.20>
                <dPersonnel.21>xE</dPersonnel.21>
                <dPersonnel.LicensureGroup>
                    <dPersonnel.22>bK</dPersonnel.22>
                    <dPersonnel.23>gD</dPersonnel.23>
                    <dPersonnel.24>9925035</dPersonnel.24>
                    <dPersonnel.25>1953-01-02</dPersonnel.25>
                    <dPersonnel.26>1995-06-15</dPersonnel.26>
                    <dPersonnel.27>1989-06-02</dPersonnel.27></dPersonnel.LicensureGroup>
                <dPersonnel.LicensureGroup>
                    <dPersonnel.22>p8</dPersonnel.22>
                    <dPersonnel.23>n2</dPersonnel.23>
                    <dPersonnel.24>9925035</dPersonnel.24>
                    <dPersonnel.25>1985-02-10</dPersonnel.25>
                    <dPersonnel.26>1969-10-02</dPersonnel.26>
                    <dPersonnel.27>2004-05-28</dPersonnel.27></dPersonnel.LicensureGroup>
                <dPersonnel.28>QX472345</dPersonnel.28>
                <dPersonnel.29>1529901</dPersonnel.29>
                <dPersonnel.30>2006-10-16</dPersonnel.30>
                <dPersonnel.31>1531001</dPersonnel.31>
                <dPersonnel.32>1954-07-10</dPersonnel.32>
                <dPersonnel.33>1987-10-13</dPersonnel.33>
                <dPersonnel.34>1534001</dPersonnel.34>
                <dPersonnel.35>1534005</dPersonnel.35>
                <dPersonnel.35>1534001</dPersonnel.35>
                <dPersonnel.36>43</dPersonnel.36>
                <dPersonnel.37>1960-03-21</dPersonnel.37>
                <dPersonnel.CertificationLevelGroup>
                    <dPersonnel.38>9925029</dPersonnel.38>
                    <dPersonnel.39>1984-02-02</dPersonnel.39></dPersonnel.CertificationLevelGroup>
                <dPersonnel.CertificationLevelGroup>
                    <dPersonnel.38>9925021</dPersonnel.38>
                    <dPersonnel.39>1968-12-09</dPersonnel.39></dPersonnel.CertificationLevelGroup></dPersonnel.PersonnelGroup>
            <dPersonnel.PersonnelGroup>
                <dPersonnel.NameGroup>
                    <dPersonnel.01>Lewis</dPersonnel.01>
                    <dPersonnel.02>Dewey</dPersonnel.02>
                    <dPersonnel.03>Anaya</dPersonnel.03></dPersonnel.NameGroup>
                <dPersonnel.AddressGroup>
                    <dPersonnel.04 StreetAddress2="e">Ap #117-8604 Cum Ave</dPersonnel.04>
                    <dPersonnel.05>1442285</dPersonnel.05>
                    <dPersonnel.06>49</dPersonnel.06>
                    <dPersonnel.07>84037</dPersonnel.07>
                    <dPersonnel.08>US</dPersonnel.08></dPersonnel.AddressGroup>
                <dPersonnel.09 PhoneNumberType="9913003">622-691-8194</dPersonnel.09>
                <dPersonnel.09 PhoneNumberType="9913005">466-220-4345</dPersonnel.09>
                <dPersonnel.10 EmailAddressType="9904003">hHAPRGcT@VBx0.com</dPersonnel.10>
                <dPersonnel.10 EmailAddressType="9904001">PSvif9WQ@n8Z7.com</dPersonnel.10>
                <dPersonnel.11>2003-07-06</dPersonnel.11>
                <dPersonnel.12>9906001</dPersonnel.12>
                <dPersonnel.13>1513005</dPersonnel.13>
                <dPersonnel.13>1513003</dPersonnel.13>
                <dPersonnel.13>1513011</dPersonnel.13>
                <dPersonnel.14>JB</dPersonnel.14>
                <dPersonnel.15>1515013</dPersonnel.15>
                <dPersonnel.16>1516051</dPersonnel.16>
                <dPersonnel.16>1516017</dPersonnel.16>
                <dPersonnel.17>1517009</dPersonnel.17>
                <dPersonnel.17>1517015</dPersonnel.17>
                <dPersonnel.17>1517013</dPersonnel.17>
                <dPersonnel.ImmunizationsGroup>
                    <dPersonnel.18>9910007</dPersonnel.18>
                    <dPersonnel.19>1910</dPersonnel.19></dPersonnel.ImmunizationsGroup>
                <dPersonnel.ImmunizationsGroup>
                    <dPersonnel.18>9910021</dPersonnel.18>
                    <dPersonnel.19>2009</dPersonnel.19></dPersonnel.ImmunizationsGroup>
                <dPersonnel.ImmunizationsGroup>
                    <dPersonnel.18>9910007</dPersonnel.18>
                    <dPersonnel.19>1955</dPersonnel.19></dPersonnel.ImmunizationsGroup>
                <dPersonnel.20>rum</dPersonnel.20>
                <dPersonnel.20>srp</dPersonnel.20>
                <dPersonnel.21>MX</dPersonnel.21>
                <dPersonnel.LicensureGroup>
                    <dPersonnel.22>kW</dPersonnel.22>
                    <dPersonnel.23>0d</dPersonnel.23>
                    <dPersonnel.24>9925031</dPersonnel.24>
                    <dPersonnel.25>1985-01-24</dPersonnel.25>
                    <dPersonnel.26>1959-03-15</dPersonnel.26>
                    <dPersonnel.27>1986-09-28</dPersonnel.27></dPersonnel.LicensureGroup>
                <dPersonnel.LicensureGroup>
                    <dPersonnel.22>tn</dPersonnel.22>
                    <dPersonnel.23>Sw</dPersonnel.23>
                    <dPersonnel.24>9925013</dPersonnel.24>
                    <dPersonnel.25>1997-07-01</dPersonnel.25>
                    <dPersonnel.26>1960-05-23</dPersonnel.26>
                    <dPersonnel.27>1999-10-27</dPersonnel.27></dPersonnel.LicensureGroup>
                <dPersonnel.LicensureGroup>
                    <dPersonnel.22>N7</dPersonnel.22>
                    <dPersonnel.23>Pf</dPersonnel.23>
                    <dPersonnel.24>9925035</dPersonnel.24>
                    <dPersonnel.25>1999-05-31</dPersonnel.25>
                    <dPersonnel.26>1974-06-15</dPersonnel.26>
                    <dPersonnel.27>1981-05-04</dPersonnel.27></dPersonnel.LicensureGroup>
                <dPersonnel.28>JS406467</dPersonnel.28>
                <dPersonnel.29>1529003</dPersonnel.29>
                <dPersonnel.30>1963-04-10</dPersonnel.30>
                <dPersonnel.31>1531001</dPersonnel.31>
                <dPersonnel.32>1973-08-27</dPersonnel.32>
                <dPersonnel.33>2010-09-14</dPersonnel.33>
                <dPersonnel.34>1534001</dPersonnel.34>
                <dPersonnel.35>1534003</dPersonnel.35>
                <dPersonnel.35>1534007</dPersonnel.35>
                <dPersonnel.36>12</dPersonnel.36>
                <dPersonnel.37>1993-07-16</dPersonnel.37>
                <dPersonnel.CertificationLevelGroup>
                    <dPersonnel.38>9925027</dPersonnel.38>
                    <dPersonnel.39>1972-09-18</dPersonnel.39></dPersonnel.CertificationLevelGroup>
                <dPersonnel.CertificationLevelGroup>
                    <dPersonnel.38>9925041</dPersonnel.38>
                    <dPersonnel.39>1963-06-17</dPersonnel.39></dPersonnel.CertificationLevelGroup></dPersonnel.PersonnelGroup></dPersonnel>
        <dDevice>
            <dDevice.DeviceGroup>
                <dDevice.01>GZ</dDevice.01>
                <dDevice.02>PS</dDevice.02>
                <dDevice.03>1603003</dDevice.03>
                <dDevice.03>1603011</dDevice.03>
                <dDevice.04>OA</dDevice.04>
                <dDevice.05>sA</dDevice.05>
                <dDevice.06>2008-06-15</dDevice.06></dDevice.DeviceGroup>
            <dDevice.DeviceGroup>
                <dDevice.01>H2</dDevice.01>
                <dDevice.02>KT</dDevice.02>
                <dDevice.03>1603005</dDevice.03>
                <dDevice.03>1603007</dDevice.03>
                <dDevice.03>1603013</dDevice.03>
                <dDevice.04>Kt</dDevice.04>
                <dDevice.05>9R</dDevice.05>
                <dDevice.06>1986-06-30</dDevice.06></dDevice.DeviceGroup></dDevice>
        <dFacility>
            <dFacilityGroup>
                <dFacility.01>1701003</dFacility.01>
                <dFacility.FacilityGroup>
                    <dFacility.02>Hp</dFacility.02>
                    <dFacility.03>WW</dFacility.03>
                    <dFacility.04>9908027</dFacility.04>
                    <dFacility.04>9908015</dFacility.04>
                    <dFacility.05>w1Mi87BMdW</dFacility.05>
                    <dFacility.06>2</dFacility.06>
                    <dFacility.07 StreetAddress2="K">9127 Morbi Road</dFacility.07>
                    <dFacility.08>1437533</dFacility.08>
                    <dFacility.09>49</dFacility.09>
                    <dFacility.10>84308</dFacility.10>
                    <dFacility.11>49005</dFacility.11>
                    <dFacility.12>US</dFacility.12>
                    <dFacility.13>41.967723,-112.004942</dFacility.13>
                    <dFacility.14>14,LK42373068</dFacility.14></dFacility.FacilityGroup>
                <dFacility.FacilityGroup>
                    <dFacility.02>oz</dFacility.02>
                    <dFacility.03>lm</dFacility.03>
                    <dFacility.04>9908027</dFacility.04>
                    <dFacility.04>9908009</dFacility.04>
                    <dFacility.05>0UT75PVLBm</dFacility.05>
                    <dFacility.06>S</dFacility.06>
                    <dFacility.07 StreetAddress2="s">447-2655 Cubilia Road</dFacility.07>
                    <dFacility.08>1444661</dFacility.08>
                    <dFacility.09>49</dFacility.09>
                    <dFacility.10>84601</dFacility.10>
                    <dFacility.11>49049</dFacility.11>
                    <dFacility.12>US</dFacility.12>
                    <dFacility.13>40.221703,-111.692438</dFacility.13>
                    <dFacility.14>11UDL25726348</dFacility.14></dFacility.FacilityGroup>
                <dFacility.FacilityGroup>
                    <dFacility.02>qN</dFacility.02>
                    <dFacility.03>mt</dFacility.03>
                    <dFacility.04>9908007</dFacility.04>
                    <dFacility.04>9908001</dFacility.04>
                    <dFacility.04>9908025</dFacility.04>
                    <dFacility.05>95F5USZIDr</dFacility.05>
                    <dFacility.06>T</dFacility.06>
                    <dFacility.07 StreetAddress2="C">P.O. Box 728, 762 Vitae, Av.</dFacility.07>
                    <dFacility.08>1454997</dFacility.08>
                    <dFacility.09>49</dFacility.09>
                    <dFacility.10>84122</dFacility.10>
                    <dFacility.11>49035</dFacility.11>
                    <dFacility.12>US</dFacility.12>
                    <dFacility.13>40.798588,-111.960684</dFacility.13>
                    <dFacility.14>10TAC63822628</dFacility.14></dFacility.FacilityGroup></dFacilityGroup>
            <dFacilityGroup>
                <dFacility.01>1701003</dFacility.01>
                <dFacility.FacilityGroup>
                    <dFacility.02>Ei</dFacility.02>
                    <dFacility.03>OL</dFacility.03>
                    <dFacility.04>9908023</dFacility.04>
                    <dFacility.04>9908007</dFacility.04>
                    <dFacility.04>9908027</dFacility.04>
                    <dFacility.05>gEszARiy5D</dFacility.05>
                    <dFacility.06>8</dFacility.06>
                    <dFacility.07 StreetAddress2="J">P.O. Box 866, 5778 Quam. Rd.</dFacility.07>
                    <dFacility.08>1428146</dFacility.08>
                    <dFacility.09>49</dFacility.09>
                    <dFacility.10>84312</dFacility.10>
                    <dFacility.11>49003</dFacility.11>
                    <dFacility.12>US</dFacility.12>
                    <dFacility.13>41.746854,-112.149193</dFacility.13>
                    <dFacility.14>13,CK02661611</dFacility.14></dFacility.FacilityGroup>
                <dFacility.FacilityGroup>
                    <dFacility.02>1z</dFacility.02>
                    <dFacility.03>Ml</dFacility.03>
                    <dFacility.04>9908025</dFacility.04>
                    <dFacility.04>9908015</dFacility.04>
                    <dFacility.05>RX0P9nD5LW</dFacility.05>
                    <dFacility.06>e</dFacility.06>
                    <dFacility.07 StreetAddress2="v">350-6673 Lorem Avenue</dFacility.07>
                    <dFacility.08>1428807</dFacility.08>
                    <dFacility.09>49</dFacility.09>
                    <dFacility.10>84315</dFacility.10>
                    <dFacility.11>49057</dFacility.11>
                    <dFacility.12>US</dFacility.12>
                    <dFacility.13>41.175095,-112.082261</dFacility.13>
                    <dFacility.14>14,BV04366806</dFacility.14></dFacility.FacilityGroup></dFacilityGroup>
            <dFacilityGroup>
                <dFacility.01>1701009</dFacility.01>
                <dFacility.FacilityGroup>
                    <dFacility.02>Wd</dFacility.02>
                    <dFacility.03>ph</dFacility.03>
                    <dFacility.04>9908009</dFacility.04>
                    <dFacility.04>9908015</dFacility.04>
                    <dFacility.05>bR2Icc4xTJ</dFacility.05>
                    <dFacility.06>1</dFacility.06>
                    <dFacility.07 StreetAddress2="h">Ap #954-5829 Pharetra, Road</dFacility.07>
                    <dFacility.08>1444049</dFacility.08>
                    <dFacility.09>49</dFacility.09>
                    <dFacility.10>84409</dFacility.10>
                    <dFacility.11>49057</dFacility.11>
                    <dFacility.12>US</dFacility.12>
                    <dFacility.13>41.189279,-111.946572</dFacility.13>
                    <dFacility.14>12TBB28084248</dFacility.14></dFacility.FacilityGroup>
                <dFacility.FacilityGroup>
                    <dFacility.02>Ub</dFacility.02>
                    <dFacility.03>Mk</dFacility.03>
                    <dFacility.04>9908005</dFacility.04>
                    <dFacility.04>9908009</dFacility.04>
                    <dFacility.04>9908035</dFacility.04>
                    <dFacility.05>YGZhBOQSyi</dFacility.05>
                    <dFacility.06>X</dFacility.06>
                    <dFacility.07 StreetAddress2="P">P.O. Box 681, 6958 Eget Rd.</dFacility.07>
                    <dFacility.08>1441035</dFacility.08>
                    <dFacility.09>49</dFacility.09>
                    <dFacility.10>84311</dFacility.10>
                    <dFacility.11>49003</dFacility.11>
                    <dFacility.12>US</dFacility.12>
                    <dFacility.13>41.812797,-112.121505</dFacility.13>
                    <dFacility.14>11,FP64618149</dFacility.14></dFacility.FacilityGroup>
                <dFacility.FacilityGroup>
                    <dFacility.02>WZ</dFacility.02>
                    <dFacility.03>1X</dFacility.03>
                    <dFacility.04>9908015</dFacility.04>
                    <dFacility.04>9908009</dFacility.04>
                    <dFacility.05>9GXjRb7Ft0</dFacility.05>
                    <dFacility.06>q</dFacility.06>
                    <dFacility.07 StreetAddress2="x">9846 Phasellus Av.</dFacility.07>
                    <dFacility.08>1453536</dFacility.08>
                    <dFacility.09>49</dFacility.09>
                    <dFacility.10>84093</dFacility.10>
                    <dFacility.11>49035</dFacility.11>
                    <dFacility.12>US</dFacility.12>
                    <dFacility.13>40.590896,-111.828061</dFacility.13>
                    <dFacility.14>12TKQ62796751</dFacility.14></dFacility.FacilityGroup></dFacilityGroup></dFacility></DemographicReport></DEMDataSet>