
<DEMDataSet xmlns:xsi="http://www.w3.org/2001/XMLSchema-instance" xsi:schemaLocation="http://www.nemsis.org http://nemsis.org/media/nemsis_v3/release-3.3.4/XSDs/NEMSIS_XSDs/DEMDataSet_v3.xsd" xmlns="http://www.nemsis.org">
    <DemographicReport timeStamp="2014-04-01T12:26:59+07:00">
        <dAgency>
            <dAgency.01>1</dAgency.01>
            <dAgency.02>11</dAgency.02>
            <dAgency.03>8L</dAgency.03>
            <dAgency.04>49</dAgency.04>
            <dAgency.AgencyServiceGroup>
                <dAgency.05>49</dAgency.05>
                <dAgency.06>49011</dAgency.06>
                <dAgency.07>84074578430</dAgency.07>
                <dAgency.08>84037</dAgency.08></dAgency.AgencyServiceGroup>
            <dAgency.09>9920001</dAgency.09>
            <dAgency.10>9920003</dAgency.10>
            <dAgency.11>9917015</dAgency.11>
            <dAgency.12>1016003</dAgency.12>
            <dAgency.13>9912005</dAgency.13>
            <dAgency.14>1018003</dAgency.14>
            <dAgency.AgencyYearGroup>
                <dAgency.15>2012</dAgency.15>
                <dAgency.16>3316095</dAgency.16>
                <dAgency.17>1344571</dAgency.17>
                <dAgency.18>802254</dAgency.18>
                <dAgency.19>2387210</dAgency.19>
                <dAgency.20>2777560</dAgency.20>
                <dAgency.21>1708882</dAgency.21>
                <dAgency.22>679606</dAgency.22></dAgency.AgencyYearGroup>
            <dAgency.23>1027007</dAgency.23>
            <dAgency.24>9923003</dAgency.24>
            <dAgency.25>oySgdVk6fN</dAgency.25>
            <dAgency.26>B</dAgency.26></dAgency>
        <dContact>
            <dContact.ContactInfoGroup>
                <dContact.01>1101001</dContact.01>
                <dContact.02>Ruiz</dContact.02>
                <dContact.03>Salvatore</dContact.03>
                <dContact.04>Allen</dContact.04>
                <dContact.05 StreetAddress2="Q">9127 Morbi Road</dContact.05>
                <dContact.06>1437533</dContact.06>
                <dContact.07>49</dContact.07>
                <dContact.08>84308</dContact.08>
                <dContact.09>US</dContact.09>
                <dContact.10 PhoneNumberType="9913005">357-665-6088</dContact.10>
                <dContact.11 EmailAddressType="9904003">OBfgRvRD@OR5S.com</dContact.11>
                <dContact.12>pqr</dContact.12>
                <dContact.EMSMedicalDirectorGroup>
                    <dContact.13>1113001</dContact.13>
                    <dContact.14>1114035</dContact.14>
                    <dContact.15>1115001</dContact.15>
                    <dContact.16>9923003</dContact.16></dContact.EMSMedicalDirectorGroup></dContact.ContactInfoGroup></dContact>
        <dConfiguration>
            <dConfiguration.ConfigurationGroup>
                <dConfiguration.01>49</dConfiguration.01>
                <dConfiguration.02>9911001</dConfiguration.02>
                <dConfiguration.03>232689008</dConfiguration.03>
                <dConfiguration.04>125464</dConfiguration.04>
                <dConfiguration.05>9914061</dConfiguration.05>
                <dConfiguration.ProcedureGroup>
                    <dConfiguration.06>9917001</dConfiguration.06>
                    <dConfiguration.07>424979004</dConfiguration.07></dConfiguration.ProcedureGroup>
                <dConfiguration.MedicationGroup>
                    <dConfiguration.08>9917009</dConfiguration.08>
                    <dConfiguration.09>1901</dConfiguration.09></dConfiguration.MedicationGroup>
                <dConfiguration.10>9914079</dConfiguration.10>
                <dConfiguration.11>1211029</dConfiguration.11>
                <dConfiguration.12>9923003</dConfiguration.12>
                <dConfiguration.13>1213001</dConfiguration.13>
                <dConfiguration.14>89</dConfiguration.14>
                <dConfiguration.15>1215017</dConfiguration.15>
                <dConfiguration.16>c</dConfiguration.16>
                <dConfiguration.17>3U</dConfiguration.17></dConfiguration.ConfigurationGroup></dConfiguration>
        <dLocation>
            <dLocation.LocationGroup>
                <dLocation.01>1301003</dLocation.01>
                <dLocation.02>DP</dLocation.02>
                <dLocation.03>5</dLocation.03>
                <dLocation.04>40.221703,-111.692438</dLocation.04>
                <dLocation.05>18,KA52128333</dLocation.05>
                <dLocation.06 StreetAddress2="r">447-2655 Cubilia Road</dLocation.06>
                <dLocation.07>1444661</dLocation.07>
                <dLocation.08>49</dLocation.08>
                <dLocation.09>84601</dLocation.09>
                <dLocation.10>49049</dLocation.10>
                <dLocation.11>US</dLocation.11>
                <dLocation.12 PhoneNumberType="9913001">718-232-7701</dLocation.12></dLocation.LocationGroup></dLocation>
        <dVehicle>
            <dVehicle.VehicleGroup>
                <dVehicle.01>K</dVehicle.01>
                <dVehicle.02>UNs2Ge4kaAQR6EaGI</dVehicle.02>
                <dVehicle.03>v</dVehicle.03>
                <dVehicle.04>1404023</dVehicle.04>
                <dVehicle.VehicleCertificationLevelsGroup>
                    <dVehicle.05>9917005</dVehicle.05>
                    <dVehicle.06>11</dVehicle.06>
                    <dVehicle.07>8</dVehicle.07>
                    <dVehicle.08>11</dVehicle.08></dVehicle.VehicleCertificationLevelsGroup>
                <dVehicle.09>6019233</dVehicle.09>
                <dVehicle.10>1904</dVehicle.10>
                <dVehicle.YearGroup>
                    <dVehicle.11>2011</dVehicle.11>
                    <dVehicle.12>3337</dVehicle.12>
                    <dVehicle.13 DistanceUnit="9929001">180.0</dVehicle.13></dVehicle.YearGroup></dVehicle.VehicleGroup></dVehicle>
        <dPersonnel>
            <dPersonnel.PersonnelGroup>
                <dPersonnel.NameGroup>
                    <dPersonnel.01>Lane</dPersonnel.01>
                    <dPersonnel.02>Lora</dPersonnel.02>
                    <dPersonnel.03>Almanza</dPersonnel.03></dPersonnel.NameGroup>
                <dPersonnel.AddressGroup>
                    <dPersonnel.04 StreetAddress2="Z">P.O. Box 728, 762 Vitae, Av.</dPersonnel.04>
                    <dPersonnel.05>1454997</dPersonnel.05>
                    <dPersonnel.06>49</dPersonnel.06>
                    <dPersonnel.07>84122</dPersonnel.07>
                    <dPersonnel.08>US</dPersonnel.08></dPersonnel.AddressGroup>
                <dPersonnel.09 PhoneNumberType="9913001">697-468-8251</dPersonnel.09>
                <dPersonnel.10 EmailAddressType="9904001">cvbbRWcD@GoJx.com</dPersonnel.10>
                <dPersonnel.11>1996-10-08</dPersonnel.11>
                <dPersonnel.12>9906001</dPersonnel.12>
                <dPersonnel.13>1513003</dPersonnel.13>
                <dPersonnel.14>yX</dPersonnel.14>
                <dPersonnel.15>1515021</dPersonnel.15>
                <dPersonnel.16>1516009</dPersonnel.16>
                <dPersonnel.17>1517015</dPersonnel.17>
                <dPersonnel.ImmunizationsGroup>
                    <dPersonnel.18>9910003</dPersonnel.18>
                    <dPersonnel.19>1987</dPersonnel.19></dPersonnel.ImmunizationsGroup>
                <dPersonnel.20>fre</dPersonnel.20>
                <dPersonnel.21>bN</dPersonnel.21>
                <dPersonnel.LicensureGroup>
                    <dPersonnel.22>Vg</dPersonnel.22>
                    <dPersonnel.23>cG</dPersonnel.23>
                    <dPersonnel.24>9925027</dPersonnel.24>
                    <dPersonnel.25>1970-10-15</dPersonnel.25>
                    <dPersonnel.26>1972-06-18</dPersonnel.26>
                    <dPersonnel.27>2005-12-05</dPersonnel.27></dPersonnel.LicensureGroup>
                <dPersonnel.28>CR283488</dPersonnel.28>
                <dPersonnel.29>1529015</dPersonnel.29>
                <dPersonnel.30>1998-09-11</dPersonnel.30>
                <dPersonnel.31>1531001</dPersonnel.31>
                <dPersonnel.32>1958-11-25</dPersonnel.32>
                <dPersonnel.33>1983-06-29</dPersonnel.33>
                <dPersonnel.34>1534013</dPersonnel.34>
                <dPersonnel.35>1534011</dPersonnel.35>
                <dPersonnel.36>61</dPersonnel.36>
                <dPersonnel.37>1992-07-05</dPersonnel.37>
                <dPersonnel.CertificationLevelGroup>
                    <dPersonnel.38>9925015</dPersonnel.38>
                    <dPersonnel.39>1957-05-15</dPersonnel.39></dPersonnel.CertificationLevelGroup></dPersonnel.PersonnelGroup></dPersonnel>
        <dDevice>
            <dDevice.DeviceGroup>
                <dDevice.01>Nu</dDevice.01>
                <dDevice.02>KM</dDevice.02>
                <dDevice.03>1603027</dDevice.03>
                <dDevice.04>R4</dDevice.04>
                <dDevice.05>QC</dDevice.05>
                <dDevice.06>1957-08-19</dDevice.06></dDevice.DeviceGroup></dDevice>
        <dFacility>
            <dFacilityGroup>
                <dFacility.01>1701003</dFacility.01>
                <dFacility.FacilityGroup>
                    <dFacility.02>tL</dFacility.02>
                    <dFacility.03>Mq</dFacility.03>
                    <dFacility.04>9908013</dFacility.04>
                    <dFacility.05>nL9Rzzoerg</dFacility.05>
                    <dFacility.06>s</dFacility.06>
                    <dFacility.07 StreetAddress2="W">P.O. Box 866, 5778 Quam. Rd.</dFacility.07>
                    <dFacility.08>1428146</dFacility.08>
                    <dFacility.09>49</dFacility.09>
                    <dFacility.10>84312</dFacility.10>
                    <dFacility.11>49003</dFacility.11>
                    <dFacility.12>US</dFacility.12>
                    <dFacility.13>41.746854,-112.149193</dFacility.13>
                    <dFacility.14>15TDN89281688</dFacility.14></dFacility.FacilityGroup></dFacilityGroup></dFacility></DemographicReport></DEMDataSet>