
<DEMDataSet xmlns:xsi="http://www.w3.org/2001/XMLSchema-instance" xsi:schemaLocation="http://www.nemsis.org http://nemsis.org/media/nemsis_v3/release-3.3.4/XSDs/NEMSIS_XSDs/DEMDataSet_v3.xsd" xmlns="http://www.nemsis.org">
    <DemographicReport timeStamp="2014-04-01T12:27:01+07:00">
        <dAgency>
            <dAgency.01>6</dAgency.01>
            <dAgency.02>66</dAgency.02>
            <dAgency.03>oJ</dAgency.03>
            <dAgency.04>49</dAgency.04>
            <dAgency.AgencyServiceGroup>
                <dAgency.05>49</dAgency.05>
                <dAgency.06>49047</dAgency.06>
                <dAgency.07>85943552199</dAgency.07>
                <dAgency.08>84078</dAgency.08></dAgency.AgencyServiceGroup>
            <dAgency.09>9920011</dAgency.09>
            <dAgency.10>9920003</dAgency.10>
            <dAgency.11>9917005</dAgency.11>
            <dAgency.12>1016001</dAgency.12>
            <dAgency.13>9912005</dAgency.13>
            <dAgency.14>1018001</dAgency.14>
            <dAgency.AgencyYearGroup>
                <dAgency.15>2020</dAgency.15>
                <dAgency.16>3050093</dAgency.16>
                <dAgency.17>1149062</dAgency.17>
                <dAgency.18>3954125</dAgency.18>
                <dAgency.19>3728718</dAgency.19>
                <dAgency.20>2227045</dAgency.20>
                <dAgency.21>1596580</dAgency.21>
                <dAgency.22>1863357</dAgency.22></dAgency.AgencyYearGroup>
            <dAgency.23>1027011</dAgency.23>
            <dAgency.24>9923001</dAgency.24>
            <dAgency.25>Hb68YpaS6g</dAgency.25>
            <dAgency.26>T</dAgency.26></dAgency>
        <dContact>
            <dContact.ContactInfoGroup>
                <dContact.01>1101013</dContact.01>
                <dContact.02>Singleton</dContact.02>
                <dContact.03>Jane</dContact.03>
                <dContact.04>Akins</dContact.04>
                <dContact.05 StreetAddress2="b">P.O. Box 958, 101 Scelerisque, Road</dContact.05>
                <dContact.06>1454997</dContact.06>
                <dContact.07>49</dContact.07>
                <dContact.08>84131</dContact.08>
                <dContact.09>US</dContact.09>
                <dContact.10 PhoneNumberType="9913003">657-611-1757</dContact.10>
                <dContact.11 EmailAddressType="9904003">QXBdXgMS@Vylo.com</dContact.11>
                <dContact.12>A3K</dContact.12>
                <dContact.EMSMedicalDirectorGroup>
                    <dContact.13>1113003</dContact.13>
                    <dContact.14>1114021</dContact.14>
                    <dContact.15>1115001</dContact.15>
                    <dContact.16>9923003</dContact.16></dContact.EMSMedicalDirectorGroup></dContact.ContactInfoGroup></dContact>
        <dConfiguration>
            <dConfiguration.ConfigurationGroup>
                <dConfiguration.01>49</dConfiguration.01>
                <dConfiguration.02>9911005</dConfiguration.02>
                <dConfiguration.03>448907002</dConfiguration.03>
                <dConfiguration.04>49737</dConfiguration.04>
                <dConfiguration.05>9914055</dConfiguration.05>
                <dConfiguration.ProcedureGroup>
                    <dConfiguration.06>9917023</dConfiguration.06>
                    <dConfiguration.07>250788006</dConfiguration.07></dConfiguration.ProcedureGroup>
                <dConfiguration.MedicationGroup>
                    <dConfiguration.08>9917017</dConfiguration.08>
                    <dConfiguration.09>115698</dConfiguration.09></dConfiguration.MedicationGroup>
                <dConfiguration.10>9914021</dConfiguration.10>
                <dConfiguration.11>1211029</dConfiguration.11>
                <dConfiguration.12>9923001</dConfiguration.12>
                <dConfiguration.13>1213005</dConfiguration.13>
                <dConfiguration.14>me</dConfiguration.14>
                <dConfiguration.15>1215015</dConfiguration.15>
                <dConfiguration.16>l</dConfiguration.16>
                <dConfiguration.17>yn</dConfiguration.17></dConfiguration.ConfigurationGroup></dConfiguration>
        <dLocation>
            <dLocation.LocationGroup>
                <dLocation.01>1301005</dLocation.01>
                <dLocation.02>QP</dLocation.02>
                <dLocation.03>b</dLocation.03>
                <dLocation.04>41.929311,-111.932730</dLocation.04>
                <dLocation.05>13,JT09510430</dLocation.05>
                <dLocation.06 StreetAddress2="C">9293 Cursus, Avenue</dLocation.06>
                <dLocation.07>1433666</dLocation.07>
                <dLocation.08>49</dLocation.08>
                <dLocation.09>84338</dLocation.09>
                <dLocation.10>49005</dLocation.10>
                <dLocation.11>US</dLocation.11>
                <dLocation.12 PhoneNumberType="9913007">818-933-5446</dLocation.12></dLocation.LocationGroup></dLocation>
        <dVehicle>
            <dVehicle.VehicleGroup>
                <dVehicle.01>M</dVehicle.01>
                <dVehicle.02>liAm1u2ff49dtAgCk</dVehicle.02>
                <dVehicle.03>r</dVehicle.03>
                <dVehicle.04>1404001</dVehicle.04>
                <dVehicle.VehicleCertificationLevelsGroup>
                    <dVehicle.05>9917009</dVehicle.05>
                    <dVehicle.06>11</dVehicle.06>
                    <dVehicle.07>2</dVehicle.07>
                    <dVehicle.08>2</dVehicle.08></dVehicle.VehicleCertificationLevelsGroup>
                <dVehicle.09>7825287</dVehicle.09>
                <dVehicle.10>2015</dVehicle.10>
                <dVehicle.YearGroup>
                    <dVehicle.11>1910</dVehicle.11>
                    <dVehicle.12>131</dVehicle.12>
                    <dVehicle.13 DistanceUnit="9929003">726.0</dVehicle.13></dVehicle.YearGroup></dVehicle.VehicleGroup></dVehicle>
        <dPersonnel>
            <dPersonnel.PersonnelGroup>
                <dPersonnel.NameGroup>
                    <dPersonnel.01>Castro</dPersonnel.01>
                    <dPersonnel.02>Daniel</dPersonnel.02>
                    <dPersonnel.03>Allan</dPersonnel.03></dPersonnel.NameGroup>
                <dPersonnel.AddressGroup>
                    <dPersonnel.04 StreetAddress2="A">Ap #695-3667 Lectus Ave</dPersonnel.04>
                    <dPersonnel.05>1454997</dPersonnel.05>
                    <dPersonnel.06>49</dPersonnel.06>
                    <dPersonnel.07>84111</dPersonnel.07>
                    <dPersonnel.08>US</dPersonnel.08></dPersonnel.AddressGroup>
                <dPersonnel.09 PhoneNumberType="9913003">717-876-6961</dPersonnel.09>
                <dPersonnel.10 EmailAddressType="9904001">3P7NK9Cz@Q2Ul.com</dPersonnel.10>
                <dPersonnel.11>1986-04-13</dPersonnel.11>
                <dPersonnel.12>9906001</dPersonnel.12>
                <dPersonnel.13>1513009</dPersonnel.13>
                <dPersonnel.14>Pc</dPersonnel.14>
                <dPersonnel.15>1515013</dPersonnel.15>
                <dPersonnel.16>1516063</dPersonnel.16>
                <dPersonnel.17>1517011</dPersonnel.17>
                <dPersonnel.ImmunizationsGroup>
                    <dPersonnel.18>9910043</dPersonnel.18>
                    <dPersonnel.19>1904</dPersonnel.19></dPersonnel.ImmunizationsGroup>
                <dPersonnel.20>hrv</dPersonnel.20>
                <dPersonnel.21>4u</dPersonnel.21>
                <dPersonnel.LicensureGroup>
                    <dPersonnel.22>XU</dPersonnel.22>
                    <dPersonnel.23>Pq</dPersonnel.23>
                    <dPersonnel.24>9925023</dPersonnel.24>
                    <dPersonnel.25>1966-07-06</dPersonnel.25>
                    <dPersonnel.26>1987-03-25</dPersonnel.26>
                    <dPersonnel.27>1981-05-11</dPersonnel.27></dPersonnel.LicensureGroup>
                <dPersonnel.28>FO767539</dPersonnel.28>
                <dPersonnel.29>1529005</dPersonnel.29>
                <dPersonnel.30>1973-02-24</dPersonnel.30>
                <dPersonnel.31>1531003</dPersonnel.31>
                <dPersonnel.32>1974-01-05</dPersonnel.32>
                <dPersonnel.33>1983-12-25</dPersonnel.33>
                <dPersonnel.34>1534005</dPersonnel.34>
                <dPersonnel.35>1534009</dPersonnel.35>
                <dPersonnel.36>21</dPersonnel.36>
                <dPersonnel.37>1983-07-22</dPersonnel.37>
                <dPersonnel.CertificationLevelGroup>
                    <dPersonnel.38>9925023</dPersonnel.38>
                    <dPersonnel.39>2000-10-11</dPersonnel.39></dPersonnel.CertificationLevelGroup></dPersonnel.PersonnelGroup></dPersonnel>
        <dDevice>
            <dDevice.DeviceGroup>
                <dDevice.01>Yc</dDevice.01>
                <dDevice.02>DB</dDevice.02>
                <dDevice.03>1603009</dDevice.03>
                <dDevice.04>4G</dDevice.04>
                <dDevice.05>5x</dDevice.05>
                <dDevice.06>1988-08-22</dDevice.06></dDevice.DeviceGroup></dDevice>
        <dFacility>
            <dFacilityGroup>
                <dFacility.01>1701007</dFacility.01>
                <dFacility.FacilityGroup>
                    <dFacility.02>Qb</dFacility.02>
                    <dFacility.03>7q</dFacility.03>
                    <dFacility.04>9908025</dFacility.04>
                    <dFacility.05>diYrZqNpPr</dFacility.05>
                    <dFacility.06>e</dFacility.06>
                    <dFacility.07 StreetAddress2="z">P.O. Box 253, 1212 Eros. Av.</dFacility.07>
                    <dFacility.08>1444471</dFacility.08>
                    <dFacility.09>49</dFacility.09>
                    <dFacility.10>84404</dFacility.10>
                    <dFacility.11>49057</dFacility.11>
                    <dFacility.12>US</dFacility.12>
                    <dFacility.13>41.276379,-111.987441</dFacility.13>
                    <dFacility.14>18,WE08643125</dFacility.14></dFacility.FacilityGroup></dFacilityGroup></dFacility></DemographicReport></DEMDataSet>