
<DEMDataSet xmlns:xsi="http://www.w3.org/2001/XMLSchema-instance" xsi:schemaLocation="http://www.nemsis.org http://nemsis.org/media/XSD_v3/_nemsis_v3.4.0/3.4.0.150302/XSDs/NEMSIS_XSDs_v3.4.0.150302/DEMDataSet_v3.xsd" xmlns="http://www.nemsis.org">
    <DemographicReport timeStamp="2015-03-03T13:29:39+07:00">
        <dAgency>
            <dAgency.01>2</dAgency.01>
            <dAgency.02>22</dAgency.02>
            <dAgency.03>ZG</dAgency.03>
            <dAgency.04>49</dAgency.04>
            <dAgency.AgencyServiceGroup>
                <dAgency.05>49</dAgency.05>
                <dAgency.06>49035</dAgency.06>
                <dAgency.07>38027969527</dAgency.07>
                <dAgency.08>84121</dAgency.08></dAgency.AgencyServiceGroup>
            <dAgency.09>9920019</dAgency.09>
            <dAgency.10>9920019</dAgency.10>
            <dAgency.11>9917031</dAgency.11>
            <dAgency.12>1016005</dAgency.12>
            <dAgency.13>9912009</dAgency.13>
            <dAgency.14>1018005</dAgency.14>
            <dAgency.AgencyYearGroup>
                <dAgency.15>1907</dAgency.15>
                <dAgency.16>3687389</dAgency.16>
                <dAgency.17>2921639</dAgency.17>
                <dAgency.18>1426863</dAgency.18>
                <dAgency.19>3666591</dAgency.19>
                <dAgency.20>2854147</dAgency.20>
                <dAgency.21>1361185</dAgency.21>
                <dAgency.22>2489531</dAgency.22></dAgency.AgencyYearGroup>
            <dAgency.23>1027017</dAgency.23>
            <dAgency.24>9923003</dAgency.24>
            <dAgency.25>jKnOWvVXBB</dAgency.25>
            <dAgency.26>4</dAgency.26></dAgency>
        <dContact>
            <dContact.ContactInfoGroup>
                <dContact.01>1101017</dContact.01>
                <dContact.02>Beck</dContact.02>
                <dContact.03>Shelly</dContact.03>
                <dContact.04>Ahmed</dContact.04>
                <dContact.05 StreetAddress2="1">P.O. Box 624, 7655 Dolor. St.</dContact.05>
                <dContact.06>1431567</dContact.06>
                <dContact.07>49</dContact.07>
                <dContact.08>84064</dContact.08>
                <dContact.09>US</dContact.09>
                <dContact.10 PhoneNumberType="9913009">867-782-8965</dContact.10>
                <dContact.11 EmailAddressType="9904003">BH0Sdtuc@r8Ou.com</dContact.11>
                <dContact.12>eVX</dContact.12>
                <dContact.EMSMedicalDirectorGroup>
                    <dContact.13>1113003</dContact.13>
                    <dContact.14>1114043</dContact.14>
                    <dContact.15>1115003</dContact.15>
                    <dContact.16>9923003</dContact.16></dContact.EMSMedicalDirectorGroup></dContact.ContactInfoGroup></dContact>
        <dConfiguration>
            <dConfiguration.ConfigurationGroup>
                <dConfiguration.01>49</dConfiguration.01>
                <dConfiguration.02>9911033</dConfiguration.02>
                <dConfiguration.03>232711005</dConfiguration.03>
                <dConfiguration.04>1998</dConfiguration.04>
                <dConfiguration.05>9914225</dConfiguration.05>
                <dConfiguration.ProcedureGroup>
                    <dConfiguration.06>9917031</dConfiguration.06>
                    <dConfiguration.07>232679009</dConfiguration.07></dConfiguration.ProcedureGroup>
                <dConfiguration.MedicationGroup>
                    <dConfiguration.08>9917031</dConfiguration.08>
                    <dConfiguration.09>32968</dConfiguration.09></dConfiguration.MedicationGroup>
                <dConfiguration.10>9914225</dConfiguration.10>
                <dConfiguration.11>1211035</dConfiguration.11>
                <dConfiguration.12>9923003</dConfiguration.12>
                <dConfiguration.13>1213005</dConfiguration.13>
                <dConfiguration.14>Z2</dConfiguration.14>
                <dConfiguration.15>1215019</dConfiguration.15>
                <dConfiguration.16>z</dConfiguration.16>
                <dConfiguration.17>CR</dConfiguration.17></dConfiguration.ConfigurationGroup></dConfiguration>
        <dLocation>
            <dLocation.LocationGroup>
                <dLocation.01>1301007</dLocation.01>
                <dLocation.02>9k</dLocation.02>
                <dLocation.03>2</dLocation.03>
                <dLocation.04>41.863903,-111.989872</dLocation.04>
                <dLocation.05>14RLL32012923</dLocation.05>
                <dLocation.06 StreetAddress2="N">P.O. Box 527, 6934 Ligula. St.</dLocation.06>
                <dLocation.07>1451620</dLocation.07>
                <dLocation.08>49</dLocation.08>
                <dLocation.09>84327</dLocation.09>
                <dLocation.10>49005</dLocation.10>
                <dLocation.11>US</dLocation.11>
                <dLocation.12 PhoneNumberType="9913009">549-931-4634</dLocation.12></dLocation.LocationGroup></dLocation>
        <dVehicle>
            <dVehicle.VehicleGroup>
                <dVehicle.01>F</dVehicle.01>
                <dVehicle.02>XsKffOa75cUByNLbP</dVehicle.02>
                <dVehicle.03>r</dVehicle.03>
                <dVehicle.04>1404025</dVehicle.04>
                <dVehicle.VehicleCertificationLevelsGroup>
                    <dVehicle.05>9917031</dVehicle.05>
                    <dVehicle.06>1</dVehicle.06>
                    <dVehicle.07>9</dVehicle.07>
                    <dVehicle.08>5</dVehicle.08></dVehicle.VehicleCertificationLevelsGroup>
                <dVehicle.09>1291504</dVehicle.09>
                <dVehicle.10>2005</dVehicle.10>
                <dVehicle.YearGroup>
                    <dVehicle.11>2027</dVehicle.11>
                    <dVehicle.12>8457</dVehicle.12>
                    <dVehicle.13 DistanceUnit="9929003">429.0</dVehicle.13></dVehicle.YearGroup></dVehicle.VehicleGroup></dVehicle>
        <dPersonnel>
            <dPersonnel.PersonnelGroup>
                <dPersonnel.NameGroup>
                    <dPersonnel.01>Brown</dPersonnel.01>
                    <dPersonnel.02>Crystal</dPersonnel.02>
                    <dPersonnel.03>Allman</dPersonnel.03></dPersonnel.NameGroup>
                <dPersonnel.AddressGroup>
                    <dPersonnel.04 StreetAddress2="j">334-4920 Elementum Rd.</dPersonnel.04>
                    <dPersonnel.05>1445667</dPersonnel.05>
                    <dPersonnel.06>49</dPersonnel.06>
                    <dPersonnel.07>84404</dPersonnel.07>
                    <dPersonnel.08>US</dPersonnel.08></dPersonnel.AddressGroup>
                <dPersonnel.09 PhoneNumberType="9913009">580-695-5425</dPersonnel.09>
                <dPersonnel.10 EmailAddressType="9904003">100DBAh6@m148.com</dPersonnel.10>
                <dPersonnel.11>1960-04-25</dPersonnel.11>
                <dPersonnel.12>9906005</dPersonnel.12>
                <dPersonnel.13>1513011</dPersonnel.13>
                <dPersonnel.14>1V</dPersonnel.14>
                <dPersonnel.15>1515031</dPersonnel.15>
                <dPersonnel.16>1516071</dPersonnel.16>
                <dPersonnel.17>1517023</dPersonnel.17>
                <dPersonnel.ImmunizationsGroup>
                    <dPersonnel.18>9910051</dPersonnel.18>
                    <dPersonnel.19>1918</dPersonnel.19></dPersonnel.ImmunizationsGroup>
                <dPersonnel.20>yid</dPersonnel.20>
                <dPersonnel.21>MZ</dPersonnel.21>
                <dPersonnel.LicensureGroup>
                    <dPersonnel.22>49</dPersonnel.22>
                    <dPersonnel.23>Rs</dPersonnel.23>
                    <dPersonnel.24>9925043</dPersonnel.24>
                    <dPersonnel.25>1976-06-22</dPersonnel.25>
                    <dPersonnel.26>1970-01-29</dPersonnel.26>
                    <dPersonnel.27>1980-02-02</dPersonnel.27></dPersonnel.LicensureGroup>
                <dPersonnel.28>NK730757</dPersonnel.28>
                <dPersonnel.29>1529015</dPersonnel.29>
                <dPersonnel.30>1990-11-20</dPersonnel.30>
                <dPersonnel.31>1531007</dPersonnel.31>
                <dPersonnel.32>1970-03-26</dPersonnel.32>
                <dPersonnel.33>1991-08-25</dPersonnel.33>
                <dPersonnel.34>1534017</dPersonnel.34>
                <dPersonnel.35>1534017</dPersonnel.35>
                <dPersonnel.36>30</dPersonnel.36>
                <dPersonnel.37>1981-06-21</dPersonnel.37>
                <dPersonnel.CertificationLevelGroup>
                    <dPersonnel.38>9925043</dPersonnel.38>
                    <dPersonnel.39>1967-04-07</dPersonnel.39></dPersonnel.CertificationLevelGroup></dPersonnel.PersonnelGroup></dPersonnel>
        <dDevice>
            <dDevice.DeviceGroup>
                <dDevice.01>8x</dDevice.01>
                <dDevice.02>wC</dDevice.02>
                <dDevice.03>1603039</dDevice.03>
                <dDevice.04>pe</dDevice.04>
                <dDevice.05>UI</dDevice.05>
                <dDevice.06>1992-08-25</dDevice.06></dDevice.DeviceGroup></dDevice>
        <dFacility>
            <dFacilityGroup>
                <dFacility.01>1701017</dFacility.01>
                <dFacility.FacilityGroup>
                    <dFacility.02>Mm</dFacility.02>
                    <dFacility.03>h2</dFacility.03>
                    <dFacility.04>9908035</dFacility.04>
                    <dFacility.05>QeOU1cJuT7</dFacility.05>
                    <dFacility.06>e</dFacility.06>
                    <dFacility.07 StreetAddress2="G">549-345 Sit Rd.</dFacility.07>
                    <dFacility.08>1434127</dFacility.08>
                    <dFacility.09>49</dFacility.09>
                    <dFacility.10>84404</dFacility.10>
                    <dFacility.11>49057</dFacility.11>
                    <dFacility.12>US</dFacility.12>
                    <dFacility.13>41.276379,-111.987441</dFacility.13>
                    <dFacility.14>10SLA75771286</dFacility.14>
                    <dFacility.15 PhoneNumberType="9913009">635-384-4659</dFacility.15></dFacility.FacilityGroup></dFacilityGroup></dFacility></DemographicReport></DEMDataSet>