
<DEMDataSet xmlns:xsi="http://www.w3.org/2001/XMLSchema-instance" xsi:schemaLocation="http://www.nemsis.org http://nemsis.org/media/nemsis_v3/release-3.3.4/XSDs/NEMSIS_XSDs/DEMDataSet_v3.xsd" xmlns="http://www.nemsis.org">
    <DemographicReport timeStamp="2014-04-01T12:26:57+07:00">
        <dAgency>
            <dAgency.01>0</dAgency.01>
            <dAgency.02>00</dAgency.02>
            <dAgency.03>a4</dAgency.03>
            <dAgency.04>49</dAgency.04>
            <dAgency.AgencyServiceGroup>
                <dAgency.05>49</dAgency.05>
                <dAgency.06>49035</dAgency.06>
                <dAgency.07>26622258898</dAgency.07>
                <dAgency.08>84123</dAgency.08></dAgency.AgencyServiceGroup>
            <dAgency.09>9920011</dAgency.09>
            <dAgency.10>9920019</dAgency.10>
            <dAgency.11>9917021</dAgency.11>
            <dAgency.12>1016005</dAgency.12>
            <dAgency.13>9912003</dAgency.13>
            <dAgency.14>1018005</dAgency.14>
            <dAgency.AgencyYearGroup>
                <dAgency.15>2028</dAgency.15>
                <dAgency.16>3671927</dAgency.16>
                <dAgency.17>464803</dAgency.17>
                <dAgency.18>257524</dAgency.18>
                <dAgency.19>1888640</dAgency.19>
                <dAgency.20>2066759</dAgency.20>
                <dAgency.21>3753157</dAgency.21>
                <dAgency.22>1775558</dAgency.22></dAgency.AgencyYearGroup>
            <dAgency.23>1027005</dAgency.23>
            <dAgency.24>9923003</dAgency.24>
            <dAgency.25>zAbA3QfQ7s</dAgency.25>
            <dAgency.26>D</dAgency.26></dAgency>
        <dContact>
            <dContact.ContactInfoGroup>
                <dContact.01>1101013</dContact.01>
                <dContact.02>West</dContact.02>
                <dContact.03>Thomas</dContact.03>
                <dContact.04>Andrus</dContact.04>
                <dContact.05 StreetAddress2="I">7476 Risus. St.</dContact.05>
                <dContact.06>1437285</dContact.06>
                <dContact.07>49</dContact.07>
                <dContact.08>84083</dContact.08>
                <dContact.09>US</dContact.09>
                <dContact.10 PhoneNumberType="9913007">790-752-9822</dContact.10>
                <dContact.11 EmailAddressType="9904003">NTawygGX@ygIM.com</dContact.11>
                <dContact.12>XS0</dContact.12>
                <dContact.EMSMedicalDirectorGroup>
                    <dContact.13>1113003</dContact.13>
                    <dContact.14>1114039</dContact.14>
                    <dContact.15>1115001</dContact.15>
                    <dContact.16>9923001</dContact.16></dContact.EMSMedicalDirectorGroup></dContact.ContactInfoGroup></dContact>
        <dConfiguration>
            <dConfiguration.ConfigurationGroup>
                <dConfiguration.01>49</dConfiguration.01>
                <dConfiguration.02>9911025</dConfiguration.02>
                <dConfiguration.03>243140006</dConfiguration.03>
                <dConfiguration.04>10368</dConfiguration.04>
                <dConfiguration.05>9914133</dConfiguration.05>
                <dConfiguration.ProcedureGroup>
                    <dConfiguration.06>9917007</dConfiguration.06>
                    <dConfiguration.07>243140006</dConfiguration.07></dConfiguration.ProcedureGroup>
                <dConfiguration.MedicationGroup>
                    <dConfiguration.08>9917017</dConfiguration.08>
                    <dConfiguration.09>10368</dConfiguration.09></dConfiguration.MedicationGroup>
                <dConfiguration.10>9914019</dConfiguration.10>
                <dConfiguration.11>1211035</dConfiguration.11>
                <dConfiguration.12>9923001</dConfiguration.12>
                <dConfiguration.13>1213005</dConfiguration.13>
                <dConfiguration.14>6X</dConfiguration.14>
                <dConfiguration.15>1215019</dConfiguration.15>
                <dConfiguration.16>Q</dConfiguration.16>
                <dConfiguration.17>rd</dConfiguration.17></dConfiguration.ConfigurationGroup></dConfiguration>
        <dLocation>
            <dLocation.LocationGroup>
                <dLocation.01>1301003</dLocation.01>
                <dLocation.02>ne</dLocation.02>
                <dLocation.03>5</dLocation.03>
                <dLocation.04>41.119274,-112.028647</dLocation.04>
                <dLocation.05>18SLJ66893311</dLocation.05>
                <dLocation.06 StreetAddress2="B">132-159 Quisque Road</dLocation.06>
                <dLocation.07>1439799</dLocation.07>
                <dLocation.08>49</dLocation.08>
                <dLocation.09>84015</dLocation.09>
                <dLocation.10>49011</dLocation.10>
                <dLocation.11>US</dLocation.11>
                <dLocation.12 PhoneNumberType="9913005">718-938-7355</dLocation.12></dLocation.LocationGroup></dLocation>
        <dVehicle>
            <dVehicle.VehicleGroup>
                <dVehicle.01>c</dVehicle.01>
                <dVehicle.02>nkHPUxWGkDYUUnO03</dVehicle.02>
                <dVehicle.03>6</dVehicle.03>
                <dVehicle.04>1404025</dVehicle.04>
                <dVehicle.VehicleCertificationLevelsGroup>
                    <dVehicle.05>9917027</dVehicle.05>
                    <dVehicle.06>11</dVehicle.06>
                    <dVehicle.07>6</dVehicle.07>
                    <dVehicle.08>3</dVehicle.08></dVehicle.VehicleCertificationLevelsGroup>
                <dVehicle.09>3591645</dVehicle.09>
                <dVehicle.10>2001</dVehicle.10>
                <dVehicle.YearGroup>
                    <dVehicle.11>2043</dVehicle.11>
                    <dVehicle.12>4767</dVehicle.12>
                    <dVehicle.13 DistanceUnit="9929001">411.0</dVehicle.13></dVehicle.YearGroup></dVehicle.VehicleGroup></dVehicle>
        <dPersonnel>
            <dPersonnel.PersonnelGroup>
                <dPersonnel.NameGroup>
                    <dPersonnel.01>Poole</dPersonnel.01>
                    <dPersonnel.02>Sabrina</dPersonnel.02>
                    <dPersonnel.03>Angel</dPersonnel.03></dPersonnel.NameGroup>
                <dPersonnel.AddressGroup>
                    <dPersonnel.04 StreetAddress2="n">P.O. Box 624, 7655 Dolor. St.</dPersonnel.04>
                    <dPersonnel.05>1444206</dPersonnel.05>
                    <dPersonnel.06>49</dPersonnel.06>
                    <dPersonnel.07>84060</dPersonnel.07>
                    <dPersonnel.08>US</dPersonnel.08></dPersonnel.AddressGroup>
                <dPersonnel.09 PhoneNumberType="9913003">573-594-1266</dPersonnel.09>
                <dPersonnel.10 EmailAddressType="9904003">2Z9HqYcp@imn9.com</dPersonnel.10>
                <dPersonnel.11>1969-02-16</dPersonnel.11>
                <dPersonnel.12>9906005</dPersonnel.12>
                <dPersonnel.13>1513009</dPersonnel.13>
                <dPersonnel.14>lP</dPersonnel.14>
                <dPersonnel.15>1515015</dPersonnel.15>
                <dPersonnel.16>1516029</dPersonnel.16>
                <dPersonnel.17>1517021</dPersonnel.17>
                <dPersonnel.ImmunizationsGroup>
                    <dPersonnel.18>9910001</dPersonnel.18>
                    <dPersonnel.19>2026</dPersonnel.19></dPersonnel.ImmunizationsGroup>
                <dPersonnel.20>guj</dPersonnel.20>
                <dPersonnel.21>on</dPersonnel.21>
                <dPersonnel.LicensureGroup>
                    <dPersonnel.22>ix</dPersonnel.22>
                    <dPersonnel.23>LG</dPersonnel.23>
                    <dPersonnel.24>9925015</dPersonnel.24>
                    <dPersonnel.25>1960-10-16</dPersonnel.25>
                    <dPersonnel.26>1972-09-05</dPersonnel.26>
                    <dPersonnel.27>2006-04-11</dPersonnel.27></dPersonnel.LicensureGroup>
                <dPersonnel.28>UT577744</dPersonnel.28>
                <dPersonnel.29>1529005</dPersonnel.29>
                <dPersonnel.30>2006-10-22</dPersonnel.30>
                <dPersonnel.31>1531001</dPersonnel.31>
                <dPersonnel.32>1967-11-14</dPersonnel.32>
                <dPersonnel.33>1985-05-20</dPersonnel.33>
                <dPersonnel.34>1534011</dPersonnel.34>
                <dPersonnel.35>1534015</dPersonnel.35>
                <dPersonnel.36>45</dPersonnel.36>
                <dPersonnel.37>2000-01-04</dPersonnel.37>
                <dPersonnel.CertificationLevelGroup>
                    <dPersonnel.38>9925007</dPersonnel.38>
                    <dPersonnel.39>2010-11-23</dPersonnel.39></dPersonnel.CertificationLevelGroup></dPersonnel.PersonnelGroup></dPersonnel>
        <dDevice>
            <dDevice.DeviceGroup>
                <dDevice.01>qE</dDevice.01>
                <dDevice.02>2h</dDevice.02>
                <dDevice.03>1603027</dDevice.03>
                <dDevice.04>fd</dDevice.04>
                <dDevice.05>2e</dDevice.05>
                <dDevice.06>1977-05-06</dDevice.06></dDevice.DeviceGroup></dDevice>
        <dFacility>
            <dFacilityGroup>
                <dFacility.01>1701001</dFacility.01>
                <dFacility.FacilityGroup>
                    <dFacility.02>aB</dFacility.02>
                    <dFacility.03>j7</dFacility.03>
                    <dFacility.04>9908023</dFacility.04>
                    <dFacility.05>sPVppScnl7</dFacility.05>
                    <dFacility.06>P</dFacility.06>
                    <dFacility.07 StreetAddress2="N">5675 Nec, Road</dFacility.07>
                    <dFacility.08>1444486</dFacility.08>
                    <dFacility.09>49</dFacility.09>
                    <dFacility.10>84404</dFacility.10>
                    <dFacility.11>49057</dFacility.11>
                    <dFacility.12>US</dFacility.12>
                    <dFacility.13>41.276379,-111.987441</dFacility.13>
                    <dFacility.14>15,ML75868426</dFacility.14></dFacility.FacilityGroup></dFacilityGroup></dFacility></DemographicReport></DEMDataSet>