
<DEMDataSet xmlns:xsi="http://www.w3.org/2001/XMLSchema-instance" xsi:schemaLocation="http://www.nemsis.org http://nemsis.org/media/nemsis_v3/release-3.3.4/XSDs/NEMSIS_XSDs/DEMDataSet_v3.xsd" xmlns="http://www.nemsis.org">
    <DemographicReport timeStamp="2014-04-01T12:27:00+07:00">
        <dAgency>
            <dAgency.01>2</dAgency.01>
            <dAgency.02>22</dAgency.02>
            <dAgency.03>Hd</dAgency.03>
            <dAgency.04>49</dAgency.04>
            <dAgency.AgencyServiceGroup>
                <dAgency.05>49</dAgency.05>
                <dAgency.06>49043</dAgency.06>
                <dAgency.07>42261567464</dAgency.07>
                <dAgency.08>84017</dAgency.08></dAgency.AgencyServiceGroup>
            <dAgency.09>9920013</dAgency.09>
            <dAgency.10>9920011</dAgency.10>
            <dAgency.11>9917019</dAgency.11>
            <dAgency.12>1016005</dAgency.12>
            <dAgency.13>9912001</dAgency.13>
            <dAgency.14>1018001</dAgency.14>
            <dAgency.AgencyYearGroup>
                <dAgency.15>2014</dAgency.15>
                <dAgency.16>3761487</dAgency.16>
                <dAgency.17>826797</dAgency.17>
                <dAgency.18>85790</dAgency.18>
                <dAgency.19>442557</dAgency.19>
                <dAgency.20>2077087</dAgency.20>
                <dAgency.21>1139366</dAgency.21>
                <dAgency.22>1417125</dAgency.22></dAgency.AgencyYearGroup>
            <dAgency.23>1027005</dAgency.23>
            <dAgency.24>9923003</dAgency.24>
            <dAgency.25>mMVxF6r4SI</dAgency.25>
            <dAgency.26>W</dAgency.26></dAgency>
        <dContact>
            <dContact.ContactInfoGroup>
                <dContact.01>1101009</dContact.01>
                <dContact.02>Daniel</dContact.02>
                <dContact.03>Stacy</dContact.03>
                <dContact.04>Abel</dContact.04>
                <dContact.05 StreetAddress2="v">4562 Ac St.</dContact.05>
                <dContact.06>1454997</dContact.06>
                <dContact.07>49</dContact.07>
                <dContact.08>84141</dContact.08>
                <dContact.09>US</dContact.09>
                <dContact.10 PhoneNumberType="9913001">520-863-6806</dContact.10>
                <dContact.11 EmailAddressType="9904001">xC4nw1Us@WUsm.com</dContact.11>
                <dContact.12>LlD</dContact.12>
                <dContact.EMSMedicalDirectorGroup>
                    <dContact.13>1113001</dContact.13>
                    <dContact.14>1114041</dContact.14>
                    <dContact.15>1115003</dContact.15>
                    <dContact.16>9923003</dContact.16></dContact.EMSMedicalDirectorGroup></dContact.ContactInfoGroup></dContact>
        <dConfiguration>
            <dConfiguration.ConfigurationGroup>
                <dConfiguration.01>49</dConfiguration.01>
                <dConfiguration.02>9911025</dConfiguration.02>
                <dConfiguration.03>428482009</dConfiguration.03>
                <dConfiguration.04>237372</dConfiguration.04>
                <dConfiguration.05>9914193</dConfiguration.05>
                <dConfiguration.ProcedureGroup>
                    <dConfiguration.06>9917031</dConfiguration.06>
                    <dConfiguration.07>230040009</dConfiguration.07></dConfiguration.ProcedureGroup>
                <dConfiguration.MedicationGroup>
                    <dConfiguration.08>9917023</dConfiguration.08>
                    <dConfiguration.09>3264</dConfiguration.09></dConfiguration.MedicationGroup>
                <dConfiguration.10>9914025</dConfiguration.10>
                <dConfiguration.11>1211017</dConfiguration.11>
                <dConfiguration.12>9923003</dConfiguration.12>
                <dConfiguration.13>1213005</dConfiguration.13>
                <dConfiguration.14>jy</dConfiguration.14>
                <dConfiguration.15>1215015</dConfiguration.15>
                <dConfiguration.16>C</dConfiguration.16>
                <dConfiguration.17>HD</dConfiguration.17></dConfiguration.ConfigurationGroup></dConfiguration>
        <dLocation>
            <dLocation.LocationGroup>
                <dLocation.01>1301007</dLocation.01>
                <dLocation.02>V0</dLocation.02>
                <dLocation.03>7</dLocation.03>
                <dLocation.04>40.298824,-109.998125</dLocation.04>
                <dLocation.05>11TLL59450803</dLocation.05>
                <dLocation.06 StreetAddress2="Q">P.O. Box 470, 4605 Luctus Av.</dLocation.06>
                <dLocation.07>1455969</dLocation.07>
                <dLocation.08>49</dLocation.08>
                <dLocation.09>84066</dLocation.09>
                <dLocation.10>49013</dLocation.10>
                <dLocation.11>US</dLocation.11>
                <dLocation.12 PhoneNumberType="9913001">530-615-7096</dLocation.12></dLocation.LocationGroup></dLocation>
        <dVehicle>
            <dVehicle.VehicleGroup>
                <dVehicle.01>P</dVehicle.01>
                <dVehicle.02>ZjC9r4Ob3gPGgTzzl</dVehicle.02>
                <dVehicle.03>0</dVehicle.03>
                <dVehicle.04>1404007</dVehicle.04>
                <dVehicle.VehicleCertificationLevelsGroup>
                    <dVehicle.05>9917025</dVehicle.05>
                    <dVehicle.06>4</dVehicle.06>
                    <dVehicle.07>5</dVehicle.07>
                    <dVehicle.08>6</dVehicle.08></dVehicle.VehicleCertificationLevelsGroup>
                <dVehicle.09>2486731</dVehicle.09>
                <dVehicle.10>2047</dVehicle.10>
                <dVehicle.YearGroup>
                    <dVehicle.11>2026</dVehicle.11>
                    <dVehicle.12>8400</dVehicle.12>
                    <dVehicle.13 DistanceUnit="9929003">857.0</dVehicle.13></dVehicle.YearGroup></dVehicle.VehicleGroup></dVehicle>
        <dPersonnel>
            <dPersonnel.PersonnelGroup>
                <dPersonnel.NameGroup>
                    <dPersonnel.01>Kelley</dPersonnel.01>
                    <dPersonnel.02>Verna</dPersonnel.02>
                    <dPersonnel.03>Allison</dPersonnel.03></dPersonnel.NameGroup>
                <dPersonnel.AddressGroup>
                    <dPersonnel.04 StreetAddress2="L">9279 Fringilla Rd.</dPersonnel.04>
                    <dPersonnel.05>1437500</dPersonnel.05>
                    <dPersonnel.06>49</dPersonnel.06>
                    <dPersonnel.07>84714</dPersonnel.07>
                    <dPersonnel.08>US</dPersonnel.08></dPersonnel.AddressGroup>
                <dPersonnel.09 PhoneNumberType="9913007">772-691-7063</dPersonnel.09>
                <dPersonnel.10 EmailAddressType="9904003">kIrMZRW3@KFc8.com</dPersonnel.10>
                <dPersonnel.11>1958-11-28</dPersonnel.11>
                <dPersonnel.12>9906003</dPersonnel.12>
                <dPersonnel.13>1513003</dPersonnel.13>
                <dPersonnel.14>Q2</dPersonnel.14>
                <dPersonnel.15>1515023</dPersonnel.15>
                <dPersonnel.16>1516039</dPersonnel.16>
                <dPersonnel.17>1517011</dPersonnel.17>
                <dPersonnel.ImmunizationsGroup>
                    <dPersonnel.18>9910017</dPersonnel.18>
                    <dPersonnel.19>1901</dPersonnel.19></dPersonnel.ImmunizationsGroup>
                <dPersonnel.20>gre</dPersonnel.20>
                <dPersonnel.21>Fn</dPersonnel.21>
                <dPersonnel.LicensureGroup>
                    <dPersonnel.22>xZ</dPersonnel.22>
                    <dPersonnel.23>3k</dPersonnel.23>
                    <dPersonnel.24>9925015</dPersonnel.24>
                    <dPersonnel.25>1974-02-07</dPersonnel.25>
                    <dPersonnel.26>2004-09-03</dPersonnel.26>
                    <dPersonnel.27>1965-07-13</dPersonnel.27></dPersonnel.LicensureGroup>
                <dPersonnel.28>TV888411</dPersonnel.28>
                <dPersonnel.29>1529007</dPersonnel.29>
                <dPersonnel.30>1955-12-29</dPersonnel.30>
                <dPersonnel.31>1531005</dPersonnel.31>
                <dPersonnel.32>2010-08-05</dPersonnel.32>
                <dPersonnel.33>1951-10-08</dPersonnel.33>
                <dPersonnel.34>1534005</dPersonnel.34>
                <dPersonnel.35>1534017</dPersonnel.35>
                <dPersonnel.36>61</dPersonnel.36>
                <dPersonnel.37>2005-09-05</dPersonnel.37>
                <dPersonnel.CertificationLevelGroup>
                    <dPersonnel.38>9925021</dPersonnel.38>
                    <dPersonnel.39>1994-05-28</dPersonnel.39></dPersonnel.CertificationLevelGroup></dPersonnel.PersonnelGroup></dPersonnel>
        <dDevice>
            <dDevice.DeviceGroup>
                <dDevice.01>iy</dDevice.01>
                <dDevice.02>u0</dDevice.02>
                <dDevice.03>1603021</dDevice.03>
                <dDevice.04>WM</dDevice.04>
                <dDevice.05>VI</dDevice.05>
                <dDevice.06>1975-09-28</dDevice.06></dDevice.DeviceGroup></dDevice>
        <dFacility>
            <dFacilityGroup>
                <dFacility.01>1701007</dFacility.01>
                <dFacility.FacilityGroup>
                    <dFacility.02>sN</dFacility.02>
                    <dFacility.03>Gl</dFacility.03>
                    <dFacility.04>9908015</dFacility.04>
                    <dFacility.05>Pi9BCe3UjK</dFacility.05>
                    <dFacility.06>C</dFacility.06>
                    <dFacility.07 StreetAddress2="P">292-5470 Pede. Rd.</dFacility.07>
                    <dFacility.08>1450284</dFacility.08>
                    <dFacility.09>49</dFacility.09>
                    <dFacility.10>84532</dFacility.10>
                    <dFacility.11>49019</dFacility.11>
                    <dFacility.12>US</dFacility.12>
                    <dFacility.13>38.554444,-109.524340</dFacility.13>
                    <dFacility.14>16UKU96176086</dFacility.14></dFacility.FacilityGroup></dFacilityGroup></dFacility></DemographicReport></DEMDataSet>