
<DEMDataSet xmlns:xsi="http://www.w3.org/2001/XMLSchema-instance" xsi:schemaLocation="http://www.nemsis.org http://nemsis.org/media/nemsis_v3/release-3.3.4/XSDs/NEMSIS_XSDs/DEMDataSet_v3.xsd" xmlns="http://www.nemsis.org">
    <DemographicReport timeStamp="2014-04-01T12:27:01+07:00">
        <dAgency>
            <dAgency.01>5</dAgency.01>
            <dAgency.02>55</dAgency.02>
            <dAgency.03>1k</dAgency.03>
            <dAgency.04>49</dAgency.04>
            <dAgency.AgencyServiceGroup>
                <dAgency.05>49</dAgency.05>
                <dAgency.06>49043</dAgency.06>
                <dAgency.06>49043</dAgency.06>
                <dAgency.06>49043</dAgency.06>
                <dAgency.07>70241721881</dAgency.07>
                <dAgency.07>15631576534</dAgency.07>
                <dAgency.07>72402244175</dAgency.07>
                <dAgency.08>84017</dAgency.08>
                <dAgency.08>84017</dAgency.08>
                <dAgency.08>84017</dAgency.08></dAgency.AgencyServiceGroup>
            <dAgency.AgencyServiceGroup>
                <dAgency.05>49</dAgency.05>
                <dAgency.06>49043</dAgency.06>
                <dAgency.06>49043</dAgency.06>
                <dAgency.07>88078764715</dAgency.07>
                <dAgency.07>53643083741</dAgency.07>
                <dAgency.07>12313607236</dAgency.07>
                <dAgency.08>84017</dAgency.08>
                <dAgency.08>84017</dAgency.08></dAgency.AgencyServiceGroup>
            <dAgency.09>9920007</dAgency.09>
            <dAgency.10>9920001</dAgency.10>
            <dAgency.10>9920013</dAgency.10>
            <dAgency.10>9920005</dAgency.10>
            <dAgency.11>9917001</dAgency.11>
            <dAgency.12>1016005</dAgency.12>
            <dAgency.13>9912009</dAgency.13>
            <dAgency.14>1018005</dAgency.14>
            <dAgency.AgencyYearGroup>
                <dAgency.15>1931</dAgency.15>
                <dAgency.16>3996184</dAgency.16>
                <dAgency.17>2066779</dAgency.17>
                <dAgency.18>3179377</dAgency.18>
                <dAgency.19>1007353</dAgency.19>
                <dAgency.20>2891095</dAgency.20>
                <dAgency.21>3755760</dAgency.21>
                <dAgency.22>2609999</dAgency.22></dAgency.AgencyYearGroup>
            <dAgency.AgencyYearGroup>
                <dAgency.15>1954</dAgency.15>
                <dAgency.16>1825558</dAgency.16>
                <dAgency.17>665617</dAgency.17>
                <dAgency.18>2780002</dAgency.18>
                <dAgency.19>3770544</dAgency.19>
                <dAgency.20>1098075</dAgency.20>
                <dAgency.21>2835336</dAgency.21>
                <dAgency.22>123244</dAgency.22></dAgency.AgencyYearGroup>
            <dAgency.23>1027009</dAgency.23>
            <dAgency.24>9923001</dAgency.24>
            <dAgency.25>SSAwmmtTjJ</dAgency.25>
            <dAgency.25>9VptfNffbK</dAgency.25>
            <dAgency.25>Vcqey7g4mu</dAgency.25>
            <dAgency.26>M</dAgency.26>
            <dAgency.26>w</dAgency.26>
            <dAgency.26>p</dAgency.26></dAgency>
        <dContact>
            <dContact.ContactInfoGroup>
                <dContact.01>1101007</dContact.01>
                <dContact.02>Cobb</dContact.02>
                <dContact.03>Clark</dContact.03>
                <dContact.04>Agee</dContact.04>
                <dContact.05 StreetAddress2="U">4562 Ac St.</dContact.05>
                <dContact.06>1454997</dContact.06>
                <dContact.07>49</dContact.07>
                <dContact.08>84141</dContact.08>
                <dContact.09>US</dContact.09>
                <dContact.10 PhoneNumberType="9913005">627-283-6509</dContact.10>
                <dContact.10 PhoneNumberType="9913009">832-952-6888</dContact.10>
                <dContact.10 PhoneNumberType="9913005">385-213-2417</dContact.10>
                <dContact.11 EmailAddressType="9904003">ZNXZwyZb@VO2X.com</dContact.11>
                <dContact.11 EmailAddressType="9904003">fRlhz3oI@T6ql.com</dContact.11>
                <dContact.12>ddR</dContact.12>
                <dContact.EMSMedicalDirectorGroup>
                    <dContact.13>1113001</dContact.13>
                    <dContact.14>1114015</dContact.14>
                    <dContact.14>1114009</dContact.14>
                    <dContact.15>1115003</dContact.15>
                    <dContact.16>9923001</dContact.16></dContact.EMSMedicalDirectorGroup></dContact.ContactInfoGroup>
            <dContact.ContactInfoGroup>
                <dContact.01>1101005</dContact.01>
                <dContact.02>Warren</dContact.02>
                <dContact.03>Elaine</dContact.03>
                <dContact.04>Aiello</dContact.04>
                <dContact.05 StreetAddress2="O">P.O. Box 470, 4605 Luctus Av.</dContact.05>
                <dContact.06>1455969</dContact.06>
                <dContact.07>49</dContact.07>
                <dContact.08>84066</dContact.08>
                <dContact.09>US</dContact.09>
                <dContact.10 PhoneNumberType="9913001">892-366-4449</dContact.10>
                <dContact.10 PhoneNumberType="9913003">554-561-8943</dContact.10>
                <dContact.11 EmailAddressType="9904003">F8Lq1911@schL.com</dContact.11>
                <dContact.11 EmailAddressType="9904003">aCqbzvNQ@d0cO.com</dContact.11>
                <dContact.11 EmailAddressType="9904001">FU7j16Gy@WQzJ.com</dContact.11>
                <dContact.12>QFY</dContact.12>
                <dContact.EMSMedicalDirectorGroup>
                    <dContact.13>1113003</dContact.13>
                    <dContact.14>1114017</dContact.14>
                    <dContact.14>1114019</dContact.14>
                    <dContact.15>1115003</dContact.15>
                    <dContact.16>9923001</dContact.16></dContact.EMSMedicalDirectorGroup></dContact.ContactInfoGroup>
            <dContact.ContactInfoGroup>
                <dContact.01>1101001</dContact.01>
                <dContact.02>Porter</dContact.02>
                <dContact.03>Celia</dContact.03>
                <dContact.04>Alonzo</dContact.04>
                <dContact.05 StreetAddress2="k">9279 Fringilla Rd.</dContact.05>
                <dContact.06>1437500</dContact.06>
                <dContact.07>49</dContact.07>
                <dContact.08>84714</dContact.08>
                <dContact.09>US</dContact.09>
                <dContact.10 PhoneNumberType="9913005">928-734-6308</dContact.10>
                <dContact.10 PhoneNumberType="9913001">229-732-0638</dContact.10>
                <dContact.11 EmailAddressType="9904003">zG02Eceo@zUHF.com</dContact.11>
                <dContact.11 EmailAddressType="9904003">RUxNEMq0@3CVv.com</dContact.11>
                <dContact.11 EmailAddressType="9904001">HqoBvUcq@uUsw.com</dContact.11>
                <dContact.12>Qpy</dContact.12>
                <dContact.EMSMedicalDirectorGroup>
                    <dContact.13>1113003</dContact.13>
                    <dContact.14>1114017</dContact.14>
                    <dContact.14>1114003</dContact.14>
                    <dContact.14>1114029</dContact.14>
                    <dContact.15>1115003</dContact.15>
                    <dContact.16>9923003</dContact.16></dContact.EMSMedicalDirectorGroup></dContact.ContactInfoGroup></dContact>
        <dConfiguration>
            <dConfiguration.ConfigurationGroup>
                <dConfiguration.01>49</dConfiguration.01>
                <dConfiguration.02>9911011</dConfiguration.02>
                <dConfiguration.02>9911007</dConfiguration.02>
                <dConfiguration.03>673005</dConfiguration.03>
                <dConfiguration.03>19861002</dConfiguration.03>
                <dConfiguration.03>232675003</dConfiguration.03>
                <dConfiguration.04>4249</dConfiguration.04>
                <dConfiguration.04>4256</dConfiguration.04>
                <dConfiguration.04>4278</dConfiguration.04>
                <dConfiguration.05>9914167</dConfiguration.05>
                <dConfiguration.05>9914091</dConfiguration.05>
                <dConfiguration.ProcedureGroup>
                    <dConfiguration.06>9917011</dConfiguration.06>
                    <dConfiguration.07>243142003</dConfiguration.07>
                    <dConfiguration.07>44806002</dConfiguration.07></dConfiguration.ProcedureGroup>
                <dConfiguration.ProcedureGroup>
                    <dConfiguration.06>9917031</dConfiguration.06>
                    <dConfiguration.07>2267008</dConfiguration.07>
                    <dConfiguration.07>425447009</dConfiguration.07></dConfiguration.ProcedureGroup>
                <dConfiguration.ProcedureGroup>
                    <dConfiguration.06>9917011</dConfiguration.06>
                    <dConfiguration.07>429705000</dConfiguration.07>
                    <dConfiguration.07>47545007</dConfiguration.07></dConfiguration.ProcedureGroup>
                <dConfiguration.MedicationGroup>
                    <dConfiguration.08>9917025</dConfiguration.08>
                    <dConfiguration.09>72236</dConfiguration.09>
                    <dConfiguration.09>7238</dConfiguration.09></dConfiguration.MedicationGroup>
                <dConfiguration.MedicationGroup>
                    <dConfiguration.08>9917029</dConfiguration.08>
                    <dConfiguration.09>7242</dConfiguration.09>
                    <dConfiguration.09>730781</dConfiguration.09>
                    <dConfiguration.09>73137</dConfiguration.09></dConfiguration.MedicationGroup>
                <dConfiguration.MedicationGroup>
                    <dConfiguration.08>9917005</dConfiguration.08>
                    <dConfiguration.09>7396</dConfiguration.09>
                    <dConfiguration.09>7476</dConfiguration.09></dConfiguration.MedicationGroup>
                <dConfiguration.10>9914171</dConfiguration.10>
                <dConfiguration.10>9914043</dConfiguration.10>
                <dConfiguration.10>9914167</dConfiguration.10>
                <dConfiguration.11>1211003</dConfiguration.11>
                <dConfiguration.11>1211035</dConfiguration.11>
                <dConfiguration.11>1211019</dConfiguration.11>
                <dConfiguration.12>9923001</dConfiguration.12>
                <dConfiguration.13>1213001</dConfiguration.13>
                <dConfiguration.14>VF</dConfiguration.14>
                <dConfiguration.14>Q5</dConfiguration.14>
                <dConfiguration.14>Vl</dConfiguration.14>
                <dConfiguration.15>1215007</dConfiguration.15>
                <dConfiguration.15>1215011</dConfiguration.15>
                <dConfiguration.15>1215001</dConfiguration.15>
                <dConfiguration.16>Q</dConfiguration.16>
                <dConfiguration.16>B</dConfiguration.16>
                <dConfiguration.16>O</dConfiguration.16>
                <dConfiguration.17>Ux</dConfiguration.17>
                <dConfiguration.17>ag</dConfiguration.17>
                <dConfiguration.17>Cs</dConfiguration.17></dConfiguration.ConfigurationGroup>
            <dConfiguration.ConfigurationGroup>
                <dConfiguration.01>49</dConfiguration.01>
                <dConfiguration.02>9911015</dConfiguration.02>
                <dConfiguration.02>9911009</dConfiguration.02>
                <dConfiguration.02>9911027</dConfiguration.02>
                <dConfiguration.03>232680007</dConfiguration.03>
                <dConfiguration.03>232681006</dConfiguration.03>
                <dConfiguration.03>241726007</dConfiguration.03>
                <dConfiguration.04>4337</dConfiguration.04>
                <dConfiguration.04>435</dConfiguration.04>
                <dConfiguration.04>4457</dConfiguration.04>
                <dConfiguration.05>9914127</dConfiguration.05>
                <dConfiguration.05>9914135</dConfiguration.05>
                <dConfiguration.05>9914017</dConfiguration.05>
                <dConfiguration.ProcedureGroup>
                    <dConfiguration.06>9917009</dConfiguration.06>
                    <dConfiguration.07>173067007</dConfiguration.07>
                    <dConfiguration.07>232689008</dConfiguration.07>
                    <dConfiguration.07>232692007</dConfiguration.07></dConfiguration.ProcedureGroup>
                <dConfiguration.ProcedureGroup>
                    <dConfiguration.06>9917001</dConfiguration.06>
                    <dConfiguration.07>232706008</dConfiguration.07>
                    <dConfiguration.07>23690002</dConfiguration.07></dConfiguration.ProcedureGroup>
                <dConfiguration.ProcedureGroup>
                    <dConfiguration.06>9917009</dConfiguration.06>
                    <dConfiguration.07>386508008</dConfiguration.07>
                    <dConfiguration.07>78121007</dConfiguration.07></dConfiguration.ProcedureGroup>
                <dConfiguration.MedicationGroup>
                    <dConfiguration.08>9917003</dConfiguration.08>
                    <dConfiguration.09>7486</dConfiguration.09>
                    <dConfiguration.09>7512</dConfiguration.09></dConfiguration.MedicationGroup>
                <dConfiguration.MedicationGroup>
                    <dConfiguration.08>9917001</dConfiguration.08>
                    <dConfiguration.09>75635</dConfiguration.09>
                    <dConfiguration.09>76895</dConfiguration.09></dConfiguration.MedicationGroup>
                <dConfiguration.10>9914069</dConfiguration.10>
                <dConfiguration.10>9914001</dConfiguration.10>
                <dConfiguration.10>9914055</dConfiguration.10>
                <dConfiguration.11>1211005</dConfiguration.11>
                <dConfiguration.11>1211017</dConfiguration.11>
                <dConfiguration.12>9923001</dConfiguration.12>
                <dConfiguration.13>1213005</dConfiguration.13>
                <dConfiguration.14>lC</dConfiguration.14>
                <dConfiguration.14>eM</dConfiguration.14>
                <dConfiguration.14>ds</dConfiguration.14>
                <dConfiguration.15>1215019</dConfiguration.15>
                <dConfiguration.15>1215009</dConfiguration.15>
                <dConfiguration.15>1215017</dConfiguration.15>
                <dConfiguration.16>b</dConfiguration.16>
                <dConfiguration.16>B</dConfiguration.16>
                <dConfiguration.16>O</dConfiguration.16>
                <dConfiguration.17>ND</dConfiguration.17>
                <dConfiguration.17>Xd</dConfiguration.17>
                <dConfiguration.17>Ql</dConfiguration.17></dConfiguration.ConfigurationGroup>
            <dConfiguration.ConfigurationGroup>
                <dConfiguration.01>49</dConfiguration.01>
                <dConfiguration.02>9911003</dConfiguration.02>
                <dConfiguration.02>9911029</dConfiguration.02>
                <dConfiguration.03>45851008</dConfiguration.03>
                <dConfiguration.03>232682004</dConfiguration.03>
                <dConfiguration.03>49077009</dConfiguration.03>
                <dConfiguration.04>4603</dConfiguration.04>
                <dConfiguration.04>4832</dConfiguration.04>
                <dConfiguration.05>9914147</dConfiguration.05>
                <dConfiguration.05>9914187</dConfiguration.05>
                <dConfiguration.05>9914197</dConfiguration.05>
                <dConfiguration.ProcedureGroup>
                    <dConfiguration.06>9917021</dConfiguration.06>
                    <dConfiguration.07>424979004</dConfiguration.07>
                    <dConfiguration.07>232711005</dConfiguration.07>
                    <dConfiguration.07>250784008</dConfiguration.07></dConfiguration.ProcedureGroup>
                <dConfiguration.ProcedureGroup>
                    <dConfiguration.06>9917027</dConfiguration.06>
                    <dConfiguration.07>427753009</dConfiguration.07>
                    <dConfiguration.07>428482009</dConfiguration.07>
                    <dConfiguration.07>441893003</dConfiguration.07></dConfiguration.ProcedureGroup>
                <dConfiguration.MedicationGroup>
                    <dConfiguration.08>9917021</dConfiguration.08>
                    <dConfiguration.09>10154</dConfiguration.09>
                    <dConfiguration.09>10368</dConfiguration.09></dConfiguration.MedicationGroup>
                <dConfiguration.MedicationGroup>
                    <dConfiguration.08>9917019</dConfiguration.08>
                    <dConfiguration.09>10391</dConfiguration.09>
                    <dConfiguration.09>10454</dConfiguration.09>
                    <dConfiguration.09>107129</dConfiguration.09></dConfiguration.MedicationGroup>
                <dConfiguration.10>9914177</dConfiguration.10>
                <dConfiguration.10>9914085</dConfiguration.10>
                <dConfiguration.11>1211031</dConfiguration.11>
                <dConfiguration.11>1211025</dConfiguration.11>
                <dConfiguration.11>1211035</dConfiguration.11>
                <dConfiguration.12>9923001</dConfiguration.12>
                <dConfiguration.13>1213003</dConfiguration.13>
                <dConfiguration.14>Ih</dConfiguration.14>
                <dConfiguration.14>U7</dConfiguration.14>
                <dConfiguration.14>uj</dConfiguration.14>
                <dConfiguration.15>1215009</dConfiguration.15>
                <dConfiguration.15>1215011</dConfiguration.15>
                <dConfiguration.15>1215017</dConfiguration.15>
                <dConfiguration.16>z</dConfiguration.16>
                <dConfiguration.16>c</dConfiguration.16>
                <dConfiguration.17>tA</dConfiguration.17>
                <dConfiguration.17>eL</dConfiguration.17>
                <dConfiguration.17>CK</dConfiguration.17></dConfiguration.ConfigurationGroup></dConfiguration>
        <dLocation>
            <dLocation.LocationGroup>
                <dLocation.01>1301003</dLocation.01>
                <dLocation.02>Mk</dLocation.02>
                <dLocation.03>N</dLocation.03>
                <dLocation.04>38.554444,-109.524340</dLocation.04>
                <dLocation.05>14,EK77766478</dLocation.05>
                <dLocation.06 StreetAddress2="p">292-5470 Pede. Rd.</dLocation.06>
                <dLocation.07>1450284</dLocation.07>
                <dLocation.08>49</dLocation.08>
                <dLocation.09>84532</dLocation.09>
                <dLocation.10>49019</dLocation.10>
                <dLocation.11>US</dLocation.11>
                <dLocation.12 PhoneNumberType="9913009">392-554-5157</dLocation.12>
                <dLocation.12 PhoneNumberType="9913001">370-304-6866</dLocation.12>
                <dLocation.12 PhoneNumberType="9913001">576-677-8685</dLocation.12></dLocation.LocationGroup>
            <dLocation.LocationGroup>
                <dLocation.01>1301001</dLocation.01>
                <dLocation.02>Oy</dLocation.02>
                <dLocation.03>v</dLocation.03>
                <dLocation.04>39.113088,-111.702993</dLocation.04>
                <dLocation.05>12,LV40317330</dLocation.05>
                <dLocation.06 StreetAddress2="X">9766 Adipiscing Rd.</dLocation.06>
                <dLocation.07>1443237</dLocation.07>
                <dLocation.08>49</dLocation.08>
                <dLocation.09>84643</dLocation.09>
                <dLocation.10>49039</dLocation.10>
                <dLocation.11>US</dLocation.11>
                <dLocation.12 PhoneNumberType="9913005">914-437-2457</dLocation.12>
                <dLocation.12 PhoneNumberType="9913007">548-432-2418</dLocation.12></dLocation.LocationGroup>
            <dLocation.LocationGroup>
                <dLocation.01>1301003</dLocation.01>
                <dLocation.02>rC</dLocation.02>
                <dLocation.03>h</dLocation.03>
                <dLocation.04>40.660687,-111.884858</dLocation.04>
                <dLocation.05>18TLR85951301</dLocation.05>
                <dLocation.06 StreetAddress2="g">P.O. Box 628, 4260 Consequat, Avenue</dLocation.06>
                <dLocation.07>1454997</dLocation.07>
                <dLocation.08>49</dLocation.08>
                <dLocation.09>84157</dLocation.09>
                <dLocation.10>49035</dLocation.10>
                <dLocation.11>US</dLocation.11>
                <dLocation.12 PhoneNumberType="9913007">645-557-5669</dLocation.12>
                <dLocation.12 PhoneNumberType="9913009">523-776-5937</dLocation.12></dLocation.LocationGroup></dLocation>
        <dVehicle>
            <dVehicle.VehicleGroup>
                <dVehicle.01>O</dVehicle.01>
                <dVehicle.02>pjA3lA5bGsg62PxaJ</dVehicle.02>
                <dVehicle.03>k</dVehicle.03>
                <dVehicle.04>1404005</dVehicle.04>
                <dVehicle.VehicleCertificationLevelsGroup>
                    <dVehicle.05>9917027</dVehicle.05>
                    <dVehicle.06>10</dVehicle.06>
                    <dVehicle.07>2</dVehicle.07>
                    <dVehicle.08>4</dVehicle.08></dVehicle.VehicleCertificationLevelsGroup>
                <dVehicle.VehicleCertificationLevelsGroup>
                    <dVehicle.05>9917031</dVehicle.05>
                    <dVehicle.06>4</dVehicle.06>
                    <dVehicle.07>3</dVehicle.07>
                    <dVehicle.08>6</dVehicle.08></dVehicle.VehicleCertificationLevelsGroup>
                <dVehicle.09>623553</dVehicle.09>
                <dVehicle.10>2026</dVehicle.10>
                <dVehicle.YearGroup>
                    <dVehicle.11>1960</dVehicle.11>
                    <dVehicle.12>3393</dVehicle.12>
                    <dVehicle.13 DistanceUnit="9929001">558.0</dVehicle.13></dVehicle.YearGroup>
                <dVehicle.YearGroup>
                    <dVehicle.11>1981</dVehicle.11>
                    <dVehicle.12>6123</dVehicle.12>
                    <dVehicle.13 DistanceUnit="9929001">268.0</dVehicle.13></dVehicle.YearGroup></dVehicle.VehicleGroup>
            <dVehicle.VehicleGroup>
                <dVehicle.01>i</dVehicle.01>
                <dVehicle.02>LgyAJGINa31uviX0f</dVehicle.02>
                <dVehicle.03>W</dVehicle.03>
                <dVehicle.04>1404003</dVehicle.04>
                <dVehicle.VehicleCertificationLevelsGroup>
                    <dVehicle.05>9917013</dVehicle.05>
                    <dVehicle.06>2</dVehicle.06>
                    <dVehicle.07>11</dVehicle.07>
                    <dVehicle.08>2</dVehicle.08></dVehicle.VehicleCertificationLevelsGroup>
                <dVehicle.VehicleCertificationLevelsGroup>
                    <dVehicle.05>9917009</dVehicle.05>
                    <dVehicle.06>5</dVehicle.06>
                    <dVehicle.07>5</dVehicle.07>
                    <dVehicle.08>4</dVehicle.08></dVehicle.VehicleCertificationLevelsGroup>
                <dVehicle.VehicleCertificationLevelsGroup>
                    <dVehicle.05>9917025</dVehicle.05>
                    <dVehicle.06>4</dVehicle.06>
                    <dVehicle.07>3</dVehicle.07>
                    <dVehicle.08>7</dVehicle.08></dVehicle.VehicleCertificationLevelsGroup>
                <dVehicle.09>1583859</dVehicle.09>
                <dVehicle.10>2023</dVehicle.10>
                <dVehicle.YearGroup>
                    <dVehicle.11>1940</dVehicle.11>
                    <dVehicle.12>5031</dVehicle.12>
                    <dVehicle.13 DistanceUnit="9929001">635.0</dVehicle.13></dVehicle.YearGroup>
                <dVehicle.YearGroup>
                    <dVehicle.11>1963</dVehicle.11>
                    <dVehicle.12>4127</dVehicle.12>
                    <dVehicle.13 DistanceUnit="9929001">354.0</dVehicle.13></dVehicle.YearGroup>
                <dVehicle.YearGroup>
                    <dVehicle.11>1925</dVehicle.11>
                    <dVehicle.12>750</dVehicle.12>
                    <dVehicle.13 DistanceUnit="9929003">212.0</dVehicle.13></dVehicle.YearGroup></dVehicle.VehicleGroup>
            <dVehicle.VehicleGroup>
                <dVehicle.01>Q</dVehicle.01>
                <dVehicle.02>gdHbnb6auRb5BLIYi</dVehicle.02>
                <dVehicle.03>f</dVehicle.03>
                <dVehicle.04>1404015</dVehicle.04>
                <dVehicle.VehicleCertificationLevelsGroup>
                    <dVehicle.05>9917015</dVehicle.05>
                    <dVehicle.06>3</dVehicle.06>
                    <dVehicle.07>11</dVehicle.07>
                    <dVehicle.08>6</dVehicle.08></dVehicle.VehicleCertificationLevelsGroup>
                <dVehicle.VehicleCertificationLevelsGroup>
                    <dVehicle.05>9917005</dVehicle.05>
                    <dVehicle.06>6</dVehicle.06>
                    <dVehicle.07>3</dVehicle.07>
                    <dVehicle.08>2</dVehicle.08></dVehicle.VehicleCertificationLevelsGroup>
                <dVehicle.09>1546972</dVehicle.09>
                <dVehicle.10>1906</dVehicle.10>
                <dVehicle.YearGroup>
                    <dVehicle.11>2045</dVehicle.11>
                    <dVehicle.12>5517</dVehicle.12>
                    <dVehicle.13 DistanceUnit="9929001">543.0</dVehicle.13></dVehicle.YearGroup>
                <dVehicle.YearGroup>
                    <dVehicle.11>1995</dVehicle.11>
                    <dVehicle.12>7402</dVehicle.12>
                    <dVehicle.13 DistanceUnit="9929001">805.0</dVehicle.13></dVehicle.YearGroup></dVehicle.VehicleGroup></dVehicle>
        <dPersonnel>
            <dPersonnel.PersonnelGroup>
                <dPersonnel.NameGroup>
                    <dPersonnel.01>Hansen</dPersonnel.01>
                    <dPersonnel.02>Wm</dPersonnel.02>
                    <dPersonnel.03>Abreu</dPersonnel.03></dPersonnel.NameGroup>
                <dPersonnel.AddressGroup>
                    <dPersonnel.04 StreetAddress2="o">P.O. Box 780, 180 Vitae Street</dPersonnel.04>
                    <dPersonnel.05>1454997</dPersonnel.05>
                    <dPersonnel.06>49</dPersonnel.06>
                    <dPersonnel.07>84112</dPersonnel.07>
                    <dPersonnel.08>US</dPersonnel.08></dPersonnel.AddressGroup>
                <dPersonnel.09 PhoneNumberType="9913001">535-557-1455</dPersonnel.09>
                <dPersonnel.09 PhoneNumberType="9913007">462-278-5022</dPersonnel.09>
                <dPersonnel.09 PhoneNumberType="9913005">524-616-8437</dPersonnel.09>
                <dPersonnel.10 EmailAddressType="9904001">JroslsSb@0jHI.com</dPersonnel.10>
                <dPersonnel.10 EmailAddressType="9904003">aQ7gn13u@ujbC.com</dPersonnel.10>
                <dPersonnel.10 EmailAddressType="9904001">IcYUWBDe@kB46.com</dPersonnel.10>
                <dPersonnel.11>1984-06-03</dPersonnel.11>
                <dPersonnel.12>9906005</dPersonnel.12>
                <dPersonnel.13>1513003</dPersonnel.13>
                <dPersonnel.13>1513009</dPersonnel.13>
                <dPersonnel.14>64</dPersonnel.14>
                <dPersonnel.15>1515027</dPersonnel.15>
                <dPersonnel.16>1516047</dPersonnel.16>
                <dPersonnel.16>1516071</dPersonnel.16>
                <dPersonnel.16>1516037</dPersonnel.16>
                <dPersonnel.17>1517005</dPersonnel.17>
                <dPersonnel.17>1517001</dPersonnel.17>
                <dPersonnel.17>1517019</dPersonnel.17>
                <dPersonnel.ImmunizationsGroup>
                    <dPersonnel.18>9910011</dPersonnel.18>
                    <dPersonnel.19>1907</dPersonnel.19></dPersonnel.ImmunizationsGroup>
                <dPersonnel.ImmunizationsGroup>
                    <dPersonnel.18>9910015</dPersonnel.18>
                    <dPersonnel.19>1995</dPersonnel.19></dPersonnel.ImmunizationsGroup>
                <dPersonnel.20>ukr</dPersonnel.20>
                <dPersonnel.20>ara</dPersonnel.20>
                <dPersonnel.21>sl</dPersonnel.21>
                <dPersonnel.LicensureGroup>
                    <dPersonnel.22>Rx</dPersonnel.22>
                    <dPersonnel.23>mm</dPersonnel.23>
                    <dPersonnel.24>9925015</dPersonnel.24>
                    <dPersonnel.25>1973-07-23</dPersonnel.25>
                    <dPersonnel.26>1963-05-21</dPersonnel.26>
                    <dPersonnel.27>1987-04-22</dPersonnel.27></dPersonnel.LicensureGroup>
                <dPersonnel.LicensureGroup>
                    <dPersonnel.22>vE</dPersonnel.22>
                    <dPersonnel.23>nL</dPersonnel.23>
                    <dPersonnel.24>9925017</dPersonnel.24>
                    <dPersonnel.25>1985-02-16</dPersonnel.25>
                    <dPersonnel.26>1955-07-05</dPersonnel.26>
                    <dPersonnel.27>2001-10-24</dPersonnel.27></dPersonnel.LicensureGroup>
                <dPersonnel.LicensureGroup>
                    <dPersonnel.22>29</dPersonnel.22>
                    <dPersonnel.23>UL</dPersonnel.23>
                    <dPersonnel.24>9925039</dPersonnel.24>
                    <dPersonnel.25>1971-11-11</dPersonnel.25>
                    <dPersonnel.26>1989-06-11</dPersonnel.26>
                    <dPersonnel.27>1983-10-09</dPersonnel.27></dPersonnel.LicensureGroup>
                <dPersonnel.28>U8704148</dPersonnel.28>
                <dPersonnel.29>1529013</dPersonnel.29>
                <dPersonnel.30>1987-04-06</dPersonnel.30>
                <dPersonnel.31>1531001</dPersonnel.31>
                <dPersonnel.32>1973-09-19</dPersonnel.32>
                <dPersonnel.33>1976-10-30</dPersonnel.33>
                <dPersonnel.34>1534003</dPersonnel.34>
                <dPersonnel.35>1534007</dPersonnel.35>
                <dPersonnel.35>1534001</dPersonnel.35>
                <dPersonnel.36>58</dPersonnel.36>
                <dPersonnel.37>2010-06-27</dPersonnel.37>
                <dPersonnel.CertificationLevelGroup>
                    <dPersonnel.38>9925027</dPersonnel.38>
                    <dPersonnel.39>1959-11-03</dPersonnel.39></dPersonnel.CertificationLevelGroup>
                <dPersonnel.CertificationLevelGroup>
                    <dPersonnel.38>9925001</dPersonnel.38>
                    <dPersonnel.39>1961-03-08</dPersonnel.39></dPersonnel.CertificationLevelGroup></dPersonnel.PersonnelGroup>
            <dPersonnel.PersonnelGroup>
                <dPersonnel.NameGroup>
                    <dPersonnel.01>Parsons</dPersonnel.01>
                    <dPersonnel.02>Margarita</dPersonnel.02>
                    <dPersonnel.03>Acuna</dPersonnel.03></dPersonnel.NameGroup>
                <dPersonnel.AddressGroup>
                    <dPersonnel.04 StreetAddress2="n">Ap #215-4628 Vulputate Avenue</dPersonnel.04>
                    <dPersonnel.05>1439109</dPersonnel.05>
                    <dPersonnel.06>49</dPersonnel.06>
                    <dPersonnel.07>84302</dPersonnel.07>
                    <dPersonnel.08>US</dPersonnel.08></dPersonnel.AddressGroup>
                <dPersonnel.09 PhoneNumberType="9913009">363-561-6239</dPersonnel.09>
                <dPersonnel.09 PhoneNumberType="9913003">477-275-8423</dPersonnel.09>
                <dPersonnel.10 EmailAddressType="9904001">pue2216Y@fquZ.com</dPersonnel.10>
                <dPersonnel.10 EmailAddressType="9904001">z3G2ivbW@CNh8.com</dPersonnel.10>
                <dPersonnel.10 EmailAddressType="9904001">Xqt0Mpne@VwM2.com</dPersonnel.10>
                <dPersonnel.11>1987-04-27</dPersonnel.11>
                <dPersonnel.12>9906001</dPersonnel.12>
                <dPersonnel.13>1513007</dPersonnel.13>
                <dPersonnel.13>1513001</dPersonnel.13>
                <dPersonnel.13>1513005</dPersonnel.13>
                <dPersonnel.14>Lf</dPersonnel.14>
                <dPersonnel.15>1515025</dPersonnel.15>
                <dPersonnel.16>1516007</dPersonnel.16>
                <dPersonnel.16>1516069</dPersonnel.16>
                <dPersonnel.17>1517003</dPersonnel.17>
                <dPersonnel.17>1517007</dPersonnel.17>
                <dPersonnel.17>1517009</dPersonnel.17>
                <dPersonnel.ImmunizationsGroup>
                    <dPersonnel.18>9910011</dPersonnel.18>
                    <dPersonnel.19>2001</dPersonnel.19></dPersonnel.ImmunizationsGroup>
                <dPersonnel.ImmunizationsGroup>
                    <dPersonnel.18>9910007</dPersonnel.18>
                    <dPersonnel.19>1996</dPersonnel.19></dPersonnel.ImmunizationsGroup>
                <dPersonnel.20>arm</dPersonnel.20>
                <dPersonnel.20>dut</dPersonnel.20>
                <dPersonnel.20>spa</dPersonnel.20>
                <dPersonnel.21>0m</dPersonnel.21>
                <dPersonnel.LicensureGroup>
                    <dPersonnel.22>PA</dPersonnel.22>
                    <dPersonnel.23>s2</dPersonnel.23>
                    <dPersonnel.24>9925003</dPersonnel.24>
                    <dPersonnel.25>1983-10-15</dPersonnel.25>
                    <dPersonnel.26>1988-02-02</dPersonnel.26>
                    <dPersonnel.27>1988-05-02</dPersonnel.27></dPersonnel.LicensureGroup>
                <dPersonnel.LicensureGroup>
                    <dPersonnel.22>Yz</dPersonnel.22>
                    <dPersonnel.23>bq</dPersonnel.23>
                    <dPersonnel.24>9925031</dPersonnel.24>
                    <dPersonnel.25>1971-04-16</dPersonnel.25>
                    <dPersonnel.26>1957-06-14</dPersonnel.26>
                    <dPersonnel.27>1993-05-05</dPersonnel.27></dPersonnel.LicensureGroup>
                <dPersonnel.LicensureGroup>
                    <dPersonnel.22>vo</dPersonnel.22>
                    <dPersonnel.23>nj</dPersonnel.23>
                    <dPersonnel.24>9925033</dPersonnel.24>
                    <dPersonnel.25>2000-01-10</dPersonnel.25>
                    <dPersonnel.26>1993-03-30</dPersonnel.26>
                    <dPersonnel.27>1981-06-06</dPersonnel.27></dPersonnel.LicensureGroup>
                <dPersonnel.28>PO733888</dPersonnel.28>
                <dPersonnel.29>1529015</dPersonnel.29>
                <dPersonnel.30>1998-11-02</dPersonnel.30>
                <dPersonnel.31>1531001</dPersonnel.31>
                <dPersonnel.32>1984-01-11</dPersonnel.32>
                <dPersonnel.33>1996-04-05</dPersonnel.33>
                <dPersonnel.34>1534001</dPersonnel.34>
                <dPersonnel.35>1534013</dPersonnel.35>
                <dPersonnel.35>1534005</dPersonnel.35>
                <dPersonnel.35>1534011</dPersonnel.35>
                <dPersonnel.36>50</dPersonnel.36>
                <dPersonnel.37>1988-09-03</dPersonnel.37>
                <dPersonnel.CertificationLevelGroup>
                    <dPersonnel.38>9925013</dPersonnel.38>
                    <dPersonnel.39>2008-05-14</dPersonnel.39></dPersonnel.CertificationLevelGroup>
                <dPersonnel.CertificationLevelGroup>
                    <dPersonnel.38>9925041</dPersonnel.38>
                    <dPersonnel.39>2007-06-16</dPersonnel.39></dPersonnel.CertificationLevelGroup>
                <dPersonnel.CertificationLevelGroup>
                    <dPersonnel.38>9925039</dPersonnel.38>
                    <dPersonnel.39>2008-04-19</dPersonnel.39></dPersonnel.CertificationLevelGroup></dPersonnel.PersonnelGroup></dPersonnel>
        <dDevice>
            <dDevice.DeviceGroup>
                <dDevice.01>Ur</dDevice.01>
                <dDevice.02>ft</dDevice.02>
                <dDevice.03>1603015</dDevice.03>
                <dDevice.03>1603031</dDevice.03>
                <dDevice.04>HJ</dDevice.04>
                <dDevice.05>Fc</dDevice.05>
                <dDevice.06>1961-04-25</dDevice.06></dDevice.DeviceGroup>
            <dDevice.DeviceGroup>
                <dDevice.01>Fr</dDevice.01>
                <dDevice.02>tf</dDevice.02>
                <dDevice.03>1603033</dDevice.03>
                <dDevice.03>1603027</dDevice.03>
                <dDevice.04>mP</dDevice.04>
                <dDevice.05>kI</dDevice.05>
                <dDevice.06>1986-05-21</dDevice.06></dDevice.DeviceGroup></dDevice>
        <dFacility>
            <dFacilityGroup>
                <dFacility.01>1701003</dFacility.01>
                <dFacility.FacilityGroup>
                    <dFacility.02>bC</dFacility.02>
                    <dFacility.03>Wi</dFacility.03>
                    <dFacility.04>9908001</dFacility.04>
                    <dFacility.04>9908027</dFacility.04>
                    <dFacility.05>U9tCPpl6NO</dFacility.05>
                    <dFacility.06>2</dFacility.06>
                    <dFacility.07 StreetAddress2="t">P.O. Box 526, 5695 Curabitur St.</dFacility.07>
                    <dFacility.08>1429286</dFacility.08>
                    <dFacility.09>49</dFacility.09>
                    <dFacility.10>84315</dFacility.10>
                    <dFacility.11>49057</dFacility.11>
                    <dFacility.12>US</dFacility.12>
                    <dFacility.13>41.175095,-112.082261</dFacility.13>
                    <dFacility.14>18RSH86241357</dFacility.14></dFacility.FacilityGroup>
                <dFacility.FacilityGroup>
                    <dFacility.02>2E</dFacility.02>
                    <dFacility.03>BX</dFacility.03>
                    <dFacility.04>9908027</dFacility.04>
                    <dFacility.04>9908023</dFacility.04>
                    <dFacility.04>9908011</dFacility.04>
                    <dFacility.05>OPQi5gMVJt</dFacility.05>
                    <dFacility.06>G</dFacility.06>
                    <dFacility.07 StreetAddress2="A">Ap #630-1926 Etiam Street</dFacility.07>
                    <dFacility.08>1445262</dFacility.08>
                    <dFacility.09>49</dFacility.09>
                    <dFacility.10>84653</dFacility.10>
                    <dFacility.11>49049</dFacility.11>
                    <dFacility.12>US</dFacility.12>
                    <dFacility.13>40.032330,-111.658857</dFacility.13>
                    <dFacility.14>18,VT92101843</dFacility.14></dFacility.FacilityGroup>
                <dFacility.FacilityGroup>
                    <dFacility.02>Bg</dFacility.02>
                    <dFacility.03>Go</dFacility.03>
                    <dFacility.04>9908033</dFacility.04>
                    <dFacility.04>9908035</dFacility.04>
                    <dFacility.04>9908029</dFacility.04>
                    <dFacility.05>9jfE3PkaFr</dFacility.05>
                    <dFacility.06>9</dFacility.06>
                    <dFacility.07 StreetAddress2="U">973-2139 Orci Avenue</dFacility.07>
                    <dFacility.08>1429437</dFacility.08>
                    <dFacility.09>49</dFacility.09>
                    <dFacility.10>84074</dFacility.10>
                    <dFacility.11>49045</dFacility.11>
                    <dFacility.12>US</dFacility.12>
                    <dFacility.13>40.571280,-112.318620</dFacility.13>
                    <dFacility.14>16,VK56579983</dFacility.14></dFacility.FacilityGroup></dFacilityGroup>
            <dFacilityGroup>
                <dFacility.01>1701001</dFacility.01>
                <dFacility.FacilityGroup>
                    <dFacility.02>8J</dFacility.02>
                    <dFacility.03>Mu</dFacility.03>
                    <dFacility.04>9908017</dFacility.04>
                    <dFacility.04>9908011</dFacility.04>
                    <dFacility.05>4utgmREGgn</dFacility.05>
                    <dFacility.06>f</dFacility.06>
                    <dFacility.07 StreetAddress2="G">803-5029 Magna, Street</dFacility.07>
                    <dFacility.08>1428675</dFacility.08>
                    <dFacility.09>49</dFacility.09>
                    <dFacility.10>84065</dFacility.10>
                    <dFacility.11>49035</dFacility.11>
                    <dFacility.12>US</dFacility.12>
                    <dFacility.13>40.535262,-111.962723</dFacility.13>
                    <dFacility.14>14RKS39674210</dFacility.14></dFacility.FacilityGroup>
                <dFacility.FacilityGroup>
                    <dFacility.02>K1</dFacility.02>
                    <dFacility.03>ks</dFacility.03>
                    <dFacility.04>9908003</dFacility.04>
                    <dFacility.04>9908033</dFacility.04>
                    <dFacility.05>cRUAHLkyw2</dFacility.05>
                    <dFacility.06>I</dFacility.06>
                    <dFacility.07 StreetAddress2="C">4135 Integer St.</dFacility.07>
                    <dFacility.08>1437572</dFacility.08>
                    <dFacility.09>49</dFacility.09>
                    <dFacility.10>84732</dFacility.10>
                    <dFacility.11>49031</dFacility.11>
                    <dFacility.12>US</dFacility.12>
                    <dFacility.13>38.288642,-112.066087</dFacility.13>
                    <dFacility.14>12SLV11471211</dFacility.14></dFacility.FacilityGroup></dFacilityGroup></dFacility></DemographicReport></DEMDataSet>