<?xml version="1.0" encoding="UTF-8" standalone="yes"?>
<svrl:schematron-output xmlns:svrl="http://purl.oclc.org/dsdl/svrl"
                        xmlns:xs="http://www.w3.org/2001/XMLSchema"
                        xmlns:xsd="http://www.w3.org/2001/XMLSchema"
                        xmlns:saxon="http://saxon.sf.net/"
                        xmlns:schold="http://www.ascc.net/xml/schematron"
                        xmlns:iso="http://purl.oclc.org/dsdl/schematron"
                        xmlns:xhtml="http://www.w3.org/1999/xhtml"
                        xmlns:nem="http://www.nemsis.org"
                        xmlns:xsi="http://www.w3.org/2001/XMLSchema-instance"
                        title="NEMSIS National ISO Schematron file for DEMDataSet"
                        schemaVersion="3.5.0.190930"><!--   
		   
		   
		 -->
   <svrl:ns-prefix-in-attribute-values uri="http://www.nemsis.org" prefix="nem"/>
   <svrl:ns-prefix-in-attribute-values uri="http://www.w3.org/2001/XMLSchema-instance" prefix="xsi"/>
   <svrl:active-pattern document="file:/C:/Users/Josh/Documents/NEMSIS%20TAC/Repository/nemsis/Schematron/utilities/../dist/SampleData/Schematron/DEM/xml/DEMDataSet-nemSch_d007_B.xml"
                        id="nemSch_dNilNvPn"
                        name="DEMDataSet / Nil/Not Value Attributes"/>
   <svrl:fired-rule context="*[@xsi:nil = 'true']" id="nemSch_dNilNvPn_rule_2"/>
   <svrl:fired-rule context="nem:dCustomResults.01" id="nemSch_dNilNvPn_rule_1"/>
   <svrl:active-pattern document="file:/C:/Users/Josh/Documents/NEMSIS%20TAC/Repository/nemsis/Schematron/utilities/../dist/SampleData/Schematron/DEM/xml/DEMDataSet-nemSch_d007_B.xml"
                        id="nemSch_dNvPn"
                        name="DEMDataSet / Not Value/Pertinent Negative Uniqueness"/>
   <svrl:fired-rule context="nem:dCustomResults.01" id="nemSch_dNvPn_rule_1"/>
   <svrl:active-pattern document="file:/C:/Users/Josh/Documents/NEMSIS%20TAC/Repository/nemsis/Schematron/utilities/../dist/SampleData/Schematron/DEM/xml/DEMDataSet-nemSch_d007_B.xml"
                        id="nemSch_uuid"
                        name="DEMDataSet / UUIDs"/>
   <svrl:fired-rule context="*[@UUID]" id="nemSch_uuid_rule_1"/>
   <svrl:fired-rule context="*[@UUID]" id="nemSch_uuid_rule_1"/>
   <svrl:fired-rule context="*[@UUID]" id="nemSch_uuid_rule_1"/>
   <svrl:fired-rule context="*[@UUID]" id="nemSch_uuid_rule_1"/>
   <svrl:fired-rule context="*[@UUID]" id="nemSch_uuid_rule_1"/>
   <svrl:fired-rule context="*[@UUID]" id="nemSch_uuid_rule_1"/>
   <svrl:fired-rule context="*[@UUID]" id="nemSch_uuid_rule_1"/>
   <svrl:fired-rule context="*[@UUID]" id="nemSch_uuid_rule_1"/>
   <svrl:fired-rule context="*[@UUID]" id="nemSch_uuid_rule_1"/>
   <svrl:fired-rule context="*[@UUID]" id="nemSch_uuid_rule_1"/>
   <svrl:fired-rule context="*[@UUID]" id="nemSch_uuid_rule_1"/>
   <svrl:fired-rule context="*[@UUID]" id="nemSch_uuid_rule_1"/>
   <svrl:fired-rule context="*[@UUID]" id="nemSch_uuid_rule_1"/>
   <svrl:fired-rule context="*[@UUID]" id="nemSch_uuid_rule_1"/>
   <svrl:fired-rule context="*[@UUID]" id="nemSch_uuid_rule_1"/>
   <svrl:fired-rule context="*[@UUID]" id="nemSch_uuid_rule_1"/>
   <svrl:fired-rule context="*[@UUID]" id="nemSch_uuid_rule_1"/>
   <svrl:fired-rule context="*[@UUID]" id="nemSch_uuid_rule_1"/>
   <svrl:fired-rule context="*[@UUID]" id="nemSch_uuid_rule_1"/>
   <svrl:fired-rule context="*[@UUID]" id="nemSch_uuid_rule_1"/>
   <svrl:fired-rule context="*[@UUID]" id="nemSch_uuid_rule_1"/>
   <svrl:fired-rule context="*[@UUID]" id="nemSch_uuid_rule_1"/>
   <svrl:fired-rule context="*[@UUID]" id="nemSch_uuid_rule_1"/>
   <svrl:fired-rule context="*[@UUID]" id="nemSch_uuid_rule_1"/>
   <svrl:fired-rule context="*[@UUID]" id="nemSch_uuid_rule_1"/>
   <svrl:fired-rule context="*[@UUID]" id="nemSch_uuid_rule_1"/>
   <svrl:fired-rule context="*[@UUID]" id="nemSch_uuid_rule_1"/>
   <svrl:fired-rule context="*[@UUID]" id="nemSch_uuid_rule_1"/>
   <svrl:fired-rule context="*[@UUID]" id="nemSch_uuid_rule_1"/>
   <svrl:fired-rule context="*[@UUID]" id="nemSch_uuid_rule_1"/>
   <svrl:fired-rule context="*[@UUID]" id="nemSch_uuid_rule_1"/>
   <svrl:fired-rule context="*[@UUID]" id="nemSch_uuid_rule_1"/>
   <svrl:fired-rule context="*[@UUID]" id="nemSch_uuid_rule_1"/>
   <svrl:fired-rule context="*[@UUID]" id="nemSch_uuid_rule_1"/>
   <svrl:fired-rule context="*[@UUID]" id="nemSch_uuid_rule_1"/>
   <svrl:fired-rule context="*[@UUID]" id="nemSch_uuid_rule_1"/>
   <svrl:fired-rule context="*[@UUID]" id="nemSch_uuid_rule_1"/>
   <svrl:fired-rule context="*[@UUID]" id="nemSch_uuid_rule_1"/>
   <svrl:fired-rule context="*[@UUID]" id="nemSch_uuid_rule_1"/>
   <svrl:fired-rule context="*[@UUID]" id="nemSch_uuid_rule_1"/>
   <svrl:fired-rule context="*[@UUID]" id="nemSch_uuid_rule_1"/>
   <svrl:fired-rule context="*[@UUID]" id="nemSch_uuid_rule_1"/>
   <svrl:fired-rule context="*[@UUID]" id="nemSch_uuid_rule_1"/>
   <svrl:fired-rule context="*[@UUID]" id="nemSch_uuid_rule_1"/>
   <svrl:fired-rule context="*[@UUID]" id="nemSch_uuid_rule_1"/>
   <svrl:fired-rule context="*[@UUID]" id="nemSch_uuid_rule_1"/>
   <svrl:fired-rule context="*[@UUID]" id="nemSch_uuid_rule_1"/>
   <svrl:fired-rule context="*[@UUID]" id="nemSch_uuid_rule_1"/>
   <svrl:fired-rule context="*[@UUID]" id="nemSch_uuid_rule_1"/>
   <svrl:fired-rule context="*[@UUID]" id="nemSch_uuid_rule_1"/>
   <svrl:fired-rule context="*[@UUID]" id="nemSch_uuid_rule_1"/>
   <svrl:fired-rule context="*[@UUID]" id="nemSch_uuid_rule_1"/>
   <svrl:fired-rule context="*[@UUID]" id="nemSch_uuid_rule_1"/>
   <svrl:fired-rule context="*[@UUID]" id="nemSch_uuid_rule_1"/>
   <svrl:fired-rule context="*[@UUID]" id="nemSch_uuid_rule_1"/>
   <svrl:fired-rule context="*[@UUID]" id="nemSch_uuid_rule_1"/>
   <svrl:fired-rule context="*[@UUID]" id="nemSch_uuid_rule_1"/>
   <svrl:fired-rule context="*[@UUID]" id="nemSch_uuid_rule_1"/>
   <svrl:fired-rule context="*[@UUID]" id="nemSch_uuid_rule_1"/>
   <svrl:fired-rule context="*[@UUID]" id="nemSch_uuid_rule_1"/>
   <svrl:fired-rule context="*[@UUID]" id="nemSch_uuid_rule_1"/>
   <svrl:fired-rule context="*[@UUID]" id="nemSch_uuid_rule_1"/>
   <svrl:fired-rule context="*[@UUID]" id="nemSch_uuid_rule_1"/>
   <svrl:fired-rule context="*[@UUID]" id="nemSch_uuid_rule_1"/>
   <svrl:fired-rule context="*[@UUID]" id="nemSch_uuid_rule_1"/>
   <svrl:fired-rule context="*[@UUID]" id="nemSch_uuid_rule_1"/>
   <svrl:fired-rule context="*[@UUID]" id="nemSch_uuid_rule_1"/>
   <svrl:fired-rule context="*[@UUID]" id="nemSch_uuid_rule_1"/>
   <svrl:fired-rule context="*[@UUID]" id="nemSch_uuid_rule_1"/>
   <svrl:fired-rule context="*[@UUID]" id="nemSch_uuid_rule_1"/>
   <svrl:active-pattern document="file:/C:/Users/Josh/Documents/NEMSIS%20TAC/Repository/nemsis/Schematron/utilities/../dist/SampleData/Schematron/DEM/xml/DEMDataSet-nemSch_d007_B.xml"
                        id="nemSch_DemographicReport"
                        name="DEMDataSet / Demographic Report"/>
   <svrl:fired-rule context="nem:DemographicReport" id="nemSch_DemographicReport_rule_1"/>
   <svrl:active-pattern document="file:/C:/Users/Josh/Documents/NEMSIS%20TAC/Repository/nemsis/Schematron/utilities/../dist/SampleData/Schematron/DEM/xml/DEMDataSet-nemSch_d007_B.xml"
                        id="nemSch_dAgency"
                        name="DEMDataSet / Agency Information"/>
   <svrl:fired-rule context="nem:dAgency.06" id="nemSch_dAgency_rule_1"/>
   <svrl:fired-rule context="nem:dAgency.07[. != '']" id="nemSch_dAgency_rule_2"/>
   <svrl:fired-rule context="nem:dAgency.07[. != '']" id="nemSch_dAgency_rule_2"/>
   <svrl:fired-rule context="nem:dAgency.06" id="nemSch_dAgency_rule_1"/>
   <svrl:fired-rule context="nem:dAgency.06" id="nemSch_dAgency_rule_1"/>
   <svrl:fired-rule context="nem:dAgency.07[. != '']" id="nemSch_dAgency_rule_2"/>
   <svrl:fired-rule context="nem:dAgency.07[. != '']" id="nemSch_dAgency_rule_2"/>
   <svrl:fired-rule context="nem:dAgency.13" id="nemSch_dAgency_rule_3"/>
   <svrl:active-pattern document="file:/C:/Users/Josh/Documents/NEMSIS%20TAC/Repository/nemsis/Schematron/utilities/../dist/SampleData/Schematron/DEM/xml/DEMDataSet-nemSch_d007_B.xml"
                        id="nemSch_dConfiguration"
                        name="DEMDataSet / Configuration Information"/>
   <svrl:fired-rule context="nem:dAgency[nem:dAgency.04 = ancestor::nem:DemographicReport/nem:dConfiguration/nem:dConfiguration.ConfigurationGroup/nem:dConfiguration.01]"
                    id="nemSch_dConfiguration_rule_3"/>
   <svrl:fired-rule context="nem:dAgency.04" id="nemSch_dConfiguration_rule_1"/>
   <svrl:fired-rule context="nem:dConfiguration.01" id="nemSch_dConfiguration_rule_2"/>
   <svrl:fired-rule context="nem:dConfiguration.09[. != '']"
                    id="nemSch_dConfiguration_rule_5"/>
   <svrl:fired-rule context="nem:dConfiguration.09[. != '']"
                    id="nemSch_dConfiguration_rule_5"/>
   <svrl:fired-rule context="nem:dConfiguration.09[. != '']"
                    id="nemSch_dConfiguration_rule_5"/>
   <svrl:fired-rule context="nem:dConfiguration.09[. != '']"
                    id="nemSch_dConfiguration_rule_5"/>
   <svrl:fired-rule context="nem:dConfiguration.16" id="nemSch_dConfiguration_rule_6"/>
   <svrl:fired-rule context="nem:dConfiguration.16" id="nemSch_dConfiguration_rule_6"/>
   <svrl:fired-rule context="nem:dConfiguration.01" id="nemSch_dConfiguration_rule_2"/>
   <svrl:fired-rule context="nem:dConfiguration.09[. != '']"
                    id="nemSch_dConfiguration_rule_5"/>
   <svrl:fired-rule context="nem:dConfiguration.09[. != '']"
                    id="nemSch_dConfiguration_rule_5"/>
   <svrl:fired-rule context="nem:dConfiguration.09[. != '']"
                    id="nemSch_dConfiguration_rule_5"/>
   <svrl:fired-rule context="nem:dConfiguration.09[. != '']"
                    id="nemSch_dConfiguration_rule_5"/>
   <svrl:fired-rule context="nem:dConfiguration.09[. != '']"
                    id="nemSch_dConfiguration_rule_5"/>
   <svrl:fired-rule context="nem:dConfiguration.09[. != '']"
                    id="nemSch_dConfiguration_rule_5"/>
   <svrl:fired-rule context="nem:dConfiguration.09[. != '']"
                    id="nemSch_dConfiguration_rule_5"/>
   <svrl:fired-rule context="nem:dConfiguration.09[. != '']"
                    id="nemSch_dConfiguration_rule_5"/>
   <svrl:fired-rule context="nem:dConfiguration.09[. != '' and @CodeType]"
                    id="nemSch_dConfiguration_rule_4"/>
   <svrl:fired-rule context="nem:dConfiguration.09[. != '' and @CodeType]"
                    id="nemSch_dConfiguration_rule_4"/>
   <svrl:fired-rule context="nem:dConfiguration.16" id="nemSch_dConfiguration_rule_6"/>
   <svrl:fired-rule context="nem:dConfiguration.16" id="nemSch_dConfiguration_rule_6"/>
   <svrl:fired-rule context="nem:dConfiguration.01" id="nemSch_dConfiguration_rule_2"/>
   <svrl:fired-rule context="nem:dConfiguration.09[. != '']"
                    id="nemSch_dConfiguration_rule_5"/>
   <svrl:fired-rule context="nem:dConfiguration.09[. != '']"
                    id="nemSch_dConfiguration_rule_5"/>
   <svrl:fired-rule context="nem:dConfiguration.09[. != '']"
                    id="nemSch_dConfiguration_rule_5"/>
   <svrl:fired-rule context="nem:dConfiguration.09[. != '']"
                    id="nemSch_dConfiguration_rule_5"/>
   <svrl:fired-rule context="nem:dConfiguration.09[. != '']"
                    id="nemSch_dConfiguration_rule_5"/>
   <svrl:fired-rule context="nem:dConfiguration.09[. != '']"
                    id="nemSch_dConfiguration_rule_5"/>
   <svrl:fired-rule context="nem:dConfiguration.09[. != '']"
                    id="nemSch_dConfiguration_rule_5"/>
   <svrl:fired-rule context="nem:dConfiguration.09[. != '']"
                    id="nemSch_dConfiguration_rule_5"/>
   <svrl:fired-rule context="nem:dConfiguration.16" id="nemSch_dConfiguration_rule_6"/>
   <svrl:fired-rule context="nem:dConfiguration.16" id="nemSch_dConfiguration_rule_6"/>
   <svrl:fired-rule context="nem:dConfiguration.16" id="nemSch_dConfiguration_rule_6"/>
</svrl:schematron-output>
