<?xml version="1.0"?>
<v2v3ValueMappingEMSDemographicDataSet xmlns="http://www.nemsis.org">
	<match>
		<v2TypeName>AgencyCounty</v2TypeName>
		<v3TypeName>ANSICountyCode</v3TypeName>
		<v3Replacement>00000</v3Replacement>
	</match>
	<match>
		<v2TypeName>AgencyMedicalDirectorsMedicalSpecialty</v2TypeName>
		<v3TypeName>AgencyMedicalDirectorBoardCertificationType</v3TypeName>
		<v2Pattern>5980</v2Pattern>
		<v3Replacement>1114003</v3Replacement>
	</match>
	<match>
		<v2TypeName>AgencyMedicalDirectorsMedicalSpecialty</v2TypeName>
		<v3TypeName>AgencyMedicalDirectorBoardCertificationType</v3TypeName>
		<v2Pattern>5990</v2Pattern>
		<v3Replacement>1114013</v3Replacement>
	</match>
	<match>
		<v2TypeName>AgencyMedicalDirectorsMedicalSpecialty</v2TypeName>
		<v3TypeName>AgencyMedicalDirectorBoardCertificationType</v3TypeName>
		<v2Pattern>6000</v2Pattern>
		<v3Replacement>1114009</v3Replacement>
	</match>
	<match>
		<v2TypeName>AgencyMedicalDirectorsMedicalSpecialty</v2TypeName>
		<v3TypeName>AgencyMedicalDirectorBoardCertificationType</v3TypeName>
		<v2Pattern>6010</v2Pattern>
		<v3Replacement>1114011</v3Replacement>
	</match>
	<match>
		<v2TypeName>AgencyMedicalDirectorsMedicalSpecialty</v2TypeName>
		<v3TypeName>AgencyMedicalDirectorBoardCertificationType</v3TypeName>
		<v2Pattern>6020</v2Pattern>
		<v3Replacement>1114019</v3Replacement>
	</match>
	<match>
		<v2TypeName>AgencyMedicalDirectorsMedicalSpecialty</v2TypeName>
		<v3TypeName>AgencyMedicalDirectorBoardCertificationType</v3TypeName>
		<v2Pattern>6030</v2Pattern>
		<v3Replacement>1114013</v3Replacement>
	</match>
	<match>
		<v2TypeName>AgencyMedicalDirectorsMedicalSpecialty</v2TypeName>
		<v3TypeName>AgencyMedicalDirectorBoardCertificationType</v3TypeName>
		<v2Pattern>6040</v2Pattern>
		<v3Replacement>1114021</v3Replacement>
	</match>
	<match>
		<v2TypeName>AgencyMedicalDirectorsMedicalSpecialty</v2TypeName>
		<v3TypeName>AgencyMedicalDirectorBoardCertificationType</v3TypeName>
		<v2Pattern>6050</v2Pattern>
		<v3Replacement>1114025</v3Replacement>
	</match>
	<match>
		<v2TypeName>AgencyMedicalDirectorsMedicalSpecialty</v2TypeName>
		<v3TypeName>AgencyMedicalDirectorBoardCertificationType</v3TypeName>
		<v2Pattern>6060</v2Pattern>
	</match>
	<match>
		<v2TypeName>AgencyMedicalDirectorsMedicalSpecialty</v2TypeName>
		<v3TypeName>AgencyMedicalDirectorBoardCertificationType</v3TypeName>
		<v2Pattern>6070</v2Pattern>
		<v3Replacement>1114029</v3Replacement>
	</match>
	<match>
		<v2TypeName>AgencyMedicalDirectorsMedicalSpecialty</v2TypeName>
		<v3TypeName>AgencyMedicalDirectorBoardCertificationType</v3TypeName>
		<v2Pattern>6080</v2Pattern>
		<v3Replacement>1114037</v3Replacement>
	</match>
	<match>
		<v2TypeName>BillingStatus</v2TypeName>
		<v3TypeName>YesNoValues</v3TypeName>
		<v2Pattern>0</v2Pattern>
		<v3Replacement>9923001</v3Replacement>
	</match>
	<match>
		<v2TypeName>BillingStatus</v2TypeName>
		<v3TypeName>YesNoValues</v3TypeName>
		<v2Pattern>1</v2Pattern>
		<v3Replacement>9923003</v3Replacement>
	</match>
	<match>
		<v2TypeName>DemographicEthnicity</v2TypeName>
		<v3TypeName>DemographicRace</v3TypeName>
		<v2Pattern>690</v2Pattern>
		<v3Replacement>1513007</v3Replacement>
	</match>
	<match>
		<v2TypeName>DemographicEthnicity</v2TypeName>
		<v3TypeName>DemographicRace</v3TypeName>
		<v2Pattern>695</v2Pattern>
	</match>
	<match>
		<v2TypeName>DemographicGender</v2TypeName>
		<v3TypeName>Gender</v3TypeName>
		<v2Pattern>650</v2Pattern>
		<v3Replacement>9906003</v3Replacement>
	</match>
	<match>
		<v2TypeName>DemographicGender</v2TypeName>
		<v3TypeName>Gender</v3TypeName>
		<v2Pattern>655</v2Pattern>
		<v3Replacement>9906001</v3Replacement>
	</match>
	<match>
		<v2TypeName>DemographicProcedure</v2TypeName>
		<v3TypeName>CustomResults</v3TypeName>
		<v2Pattern>100.200</v2Pattern>
		<v3Replacement>100.200</v3Replacement>
	</match>
	<match>
		<v2TypeName>DemographicProcedure</v2TypeName>
		<v3TypeName>CustomResults</v3TypeName>
		<v2Pattern>100.300</v2Pattern>
		<v3Replacement>100.300</v3Replacement>
	</match>
	<match>
		<v2TypeName>DemographicProcedure</v2TypeName>
		<v3TypeName>CustomResults</v3TypeName>
		<v2Pattern>100.301</v2Pattern>
		<v3Replacement>100.301</v3Replacement>
	</match>
	<match>
		<v2TypeName>DemographicProcedure</v2TypeName>
		<v3TypeName>CustomResults</v3TypeName>
		<v2Pattern>100.302</v2Pattern>
		<v3Replacement>100.302</v3Replacement>
	</match>
	<match>
		<v2TypeName>DemographicProcedure</v2TypeName>
		<v3TypeName>CustomResults</v3TypeName>
		<v2Pattern>100.303</v2Pattern>
		<v3Replacement>100.303</v3Replacement>
	</match>
	<match>
		<v2TypeName>DemographicProcedure</v2TypeName>
		<v3TypeName>CustomResults</v3TypeName>
		<v2Pattern>101.101</v2Pattern>
		<v3Replacement>101.101</v3Replacement>
	</match>
	<match>
		<v2TypeName>DemographicProcedure</v2TypeName>
		<v3TypeName>CustomResults</v3TypeName>
		<v2Pattern>101.102</v2Pattern>
		<v3Replacement>101.102</v3Replacement>
	</match>
	<match>
		<v2TypeName>DemographicProcedure</v2TypeName>
		<v3TypeName>CustomResults</v3TypeName>
		<v2Pattern>101.103</v2Pattern>
		<v3Replacement>101.103</v3Replacement>
	</match>
	<match>
		<v2TypeName>DemographicProcedure</v2TypeName>
		<v3TypeName>CustomResults</v3TypeName>
		<v2Pattern>101.104</v2Pattern>
		<v3Replacement>101.104</v3Replacement>
	</match>
	<match>
		<v2TypeName>DemographicProcedure</v2TypeName>
		<v3TypeName>CustomResults</v3TypeName>
		<v2Pattern>101.105</v2Pattern>
		<v3Replacement>101.105</v3Replacement>
	</match>
	<match>
		<v2TypeName>DemographicProcedure</v2TypeName>
		<v3TypeName>CustomResults</v3TypeName>
		<v2Pattern>101.201</v2Pattern>
		<v3Replacement>101.201</v3Replacement>
	</match>
	<match>
		<v2TypeName>DemographicProcedure</v2TypeName>
		<v3TypeName>CustomResults</v3TypeName>
		<v2Pattern>101.203</v2Pattern>
		<v3Replacement>101.203</v3Replacement>
	</match>
	<match>
		<v2TypeName>DemographicProcedure</v2TypeName>
		<v3TypeName>CustomResults</v3TypeName>
		<v2Pattern>101.204</v2Pattern>
		<v3Replacement>101.204</v3Replacement>
	</match>
	<match>
		<v2TypeName>DemographicProcedure</v2TypeName>
		<v3TypeName>CustomResults</v3TypeName>
		<v2Pattern>101.206</v2Pattern>
		<v3Replacement>101.206</v3Replacement>
	</match>
	<match>
		<v2TypeName>DemographicProcedure</v2TypeName>
		<v3TypeName>CustomResults</v3TypeName>
		<v2Pattern>89.821</v2Pattern>
		<v3Replacement>89.821</v3Replacement>
	</match>
	<match>
		<v2TypeName>DemographicProcedure</v2TypeName>
		<v3TypeName>CustomResults</v3TypeName>
		<v2Pattern>96.992</v2Pattern>
		<v3Replacement>96.992</v3Replacement>
	</match>
	<match>
		<v2TypeName>DemographicProcedure</v2TypeName>
		<v3TypeName>CustomResults</v3TypeName>
		<v2Pattern>99.615</v2Pattern>
		<v3Replacement>99.615</v3Replacement>
	</match>
	<match>
		<v2TypeName>DemographicProcedure</v2TypeName>
		<v3TypeName>PatientMonitoringCapability</v3TypeName>
		<v3Replacement>1215015</v3Replacement>
	</match>
	<match>
		<v2TypeName>DemographicProcedure</v2TypeName>
		<v3TypeName>PatientMonitoringCapability</v3TypeName>
		<v2Pattern>89.391</v2Pattern>
		<v3Replacement>1215001</v3Replacement>
	</match>
	<match>
		<v2TypeName>DemographicProcedure</v2TypeName>
		<v3TypeName>PatientMonitoringCapability</v3TypeName>
		<v2Pattern>89.392</v2Pattern>
		<v3Replacement>1215011</v3Replacement>
	</match>
	<match>
		<v2TypeName>DemographicProcedure</v2TypeName>
		<v3TypeName>PatientMonitoringCapability</v3TypeName>
		<v2Pattern>89.510</v2Pattern>
		<v3Replacement>1215007</v3Replacement>
	</match>
	<match>
		<v2TypeName>DemographicProcedure</v2TypeName>
		<v3TypeName>PatientMonitoringCapability</v3TypeName>
		<v2Pattern>89.820</v2Pattern>
		<v3Replacement>1215005</v3Replacement>
	</match>
	<match>
		<v2TypeName>DemographicProcedure</v2TypeName>
		<v3TypeName>PatientMonitoringCapability</v3TypeName>
		<v2Pattern>96.700</v2Pattern>
		<v3Replacement>1215017</v3Replacement>
	</match>
	<match>
		<v2TypeName>DemographicProcedure</v2TypeName>
		<v3TypeName>snomed</v3TypeName>
		<v3Replacement>71388002</v3Replacement>
	</match>
	<match>
		<v2TypeName>DemographicProcedure</v2TypeName>
		<v3TypeName>snomed</v3TypeName>
		<v2Pattern>1.181</v2Pattern>
		<v3Replacement>424432007</v3Replacement>
	</match>
	<match>
		<v2TypeName>DemographicProcedure</v2TypeName>
		<v3TypeName>snomed</v3TypeName>
		<v2Pattern>1.182</v2Pattern>
		<v3Replacement>230937006</v3Replacement>
	</match>
	<match>
		<v2TypeName>DemographicProcedure</v2TypeName>
		<v3TypeName>snomed</v3TypeName>
		<v2Pattern>100.100</v2Pattern>
		<v3Replacement>83887000</v3Replacement>
	</match>
	<match>
		<v2TypeName>DemographicProcedure</v2TypeName>
		<v3TypeName>snomed</v3TypeName>
		<v2Pattern>101.202</v2Pattern>
		<v3Replacement>165189005</v3Replacement>
	</match>
	<match>
		<v2TypeName>DemographicProcedure</v2TypeName>
		<v3TypeName>snomed</v3TypeName>
		<v2Pattern>101.205</v2Pattern>
		<v3Replacement>306238000</v3Replacement>
	</match>
	<match>
		<v2TypeName>DemographicProcedure</v2TypeName>
		<v3TypeName>snomed</v3TypeName>
		<v2Pattern>101.500</v2Pattern>
		<v3Replacement>304562007</v3Replacement>
	</match>
	<match>
		<v2TypeName>DemographicProcedure</v2TypeName>
		<v3TypeName>snomed</v3TypeName>
		<v2Pattern>31.110</v2Pattern>
		<v3Replacement>232689008</v3Replacement>
	</match>
	<match>
		<v2TypeName>DemographicProcedure</v2TypeName>
		<v3TypeName>snomed</v3TypeName>
		<v2Pattern>31.120</v2Pattern>
		<v3Replacement>232692007</v3Replacement>
	</match>
	<match>
		<v2TypeName>DemographicProcedure</v2TypeName>
		<v3TypeName>snomed</v3TypeName>
		<v2Pattern>31.420</v2Pattern>
		<v3Replacement>78121007</v3Replacement>
	</match>
	<match>
		<v2TypeName>DemographicProcedure</v2TypeName>
		<v3TypeName>snomed</v3TypeName>
		<v2Pattern>31.421</v2Pattern>
		<v3Replacement>673005</v3Replacement>
	</match>
	<match>
		<v2TypeName>DemographicProcedure</v2TypeName>
		<v3TypeName>snomed</v3TypeName>
		<v2Pattern>34.041</v2Pattern>
		<v3Replacement>182705007</v3Replacement>
	</match>
	<match>
		<v2TypeName>DemographicProcedure</v2TypeName>
		<v3TypeName>snomed</v3TypeName>
		<v2Pattern>34.042</v2Pattern>
		<v3Replacement>264957007</v3Replacement>
	</match>
	<match>
		<v2TypeName>DemographicProcedure</v2TypeName>
		<v3TypeName>snomed</v3TypeName>
		<v2Pattern>37.000</v2Pattern>
		<v3Replacement>309849004</v3Replacement>
	</match>
	<match>
		<v2TypeName>DemographicProcedure</v2TypeName>
		<v3TypeName>snomed</v3TypeName>
		<v2Pattern>37.611</v2Pattern>
		<v3Replacement>34475007</v3Replacement>
	</match>
	<match>
		<v2TypeName>DemographicProcedure</v2TypeName>
		<v3TypeName>snomed</v3TypeName>
		<v2Pattern>37.612</v2Pattern>
		<v3Replacement>386237008</v3Replacement>
	</match>
	<match>
		<v2TypeName>DemographicProcedure</v2TypeName>
		<v3TypeName>snomed</v3TypeName>
		<v2Pattern>38.910</v2Pattern>
		<v3Replacement>55841001</v3Replacement>
	</match>
	<match>
		<v2TypeName>DemographicProcedure</v2TypeName>
		<v3TypeName>snomed</v3TypeName>
		<v2Pattern>38.990</v2Pattern>
		<v3Replacement>396540005</v3Replacement>
	</match>
	<match>
		<v2TypeName>DemographicProcedure</v2TypeName>
		<v3TypeName>snomed</v3TypeName>
		<v2Pattern>38.991</v2Pattern>
		<v3Replacement>397901004</v3Replacement>
	</match>
	<match>
		<v2TypeName>DemographicProcedure</v2TypeName>
		<v3TypeName>snomed</v3TypeName>
		<v2Pattern>38.992</v2Pattern>
		<v3Replacement>392230005</v3Replacement>
	</match>
	<match>
		<v2TypeName>DemographicProcedure</v2TypeName>
		<v3TypeName>snomed</v3TypeName>
		<v2Pattern>38.993</v2Pattern>
		<v3Replacement>405427009</v3Replacement>
	</match>
	<match>
		<v2TypeName>DemographicProcedure</v2TypeName>
		<v3TypeName>snomed</v3TypeName>
		<v2Pattern>38.994</v2Pattern>
		<v3Replacement>405442007</v3Replacement>
	</match>
	<match>
		<v2TypeName>DemographicProcedure</v2TypeName>
		<v3TypeName>snomed</v3TypeName>
		<v2Pattern>38.995</v2Pattern>
		<v3Replacement>33747003</v3Replacement>
	</match>
	<match>
		<v2TypeName>DemographicProcedure</v2TypeName>
		<v3TypeName>snomed</v3TypeName>
		<v2Pattern>39.995</v2Pattern>
		<v3Replacement>405425001</v3Replacement>
	</match>
	<match>
		<v2TypeName>DemographicProcedure</v2TypeName>
		<v3TypeName>snomed</v3TypeName>
		<v2Pattern>39.996</v2Pattern>
		<v3Replacement>405430002</v3Replacement>
	</match>
	<match>
		<v2TypeName>DemographicProcedure</v2TypeName>
		<v3TypeName>snomed</v3TypeName>
		<v2Pattern>39.997</v2Pattern>
		<v3Replacement>103715008</v3Replacement>
	</match>
	<match>
		<v2TypeName>DemographicProcedure</v2TypeName>
		<v3TypeName>snomed</v3TypeName>
		<v2Pattern>39.998</v2Pattern>
		<v3Replacement>42550007</v3Replacement>
	</match>
	<match>
		<v2TypeName>DemographicProcedure</v2TypeName>
		<v3TypeName>snomed</v3TypeName>
		<v2Pattern>41.920</v2Pattern>
		<v3Replacement>430824005</v3Replacement>
	</match>
	<match>
		<v2TypeName>DemographicProcedure</v2TypeName>
		<v3TypeName>snomed</v3TypeName>
		<v2Pattern>41.921</v2Pattern>
		<v3Replacement>430824005</v3Replacement>
	</match>
	<match>
		<v2TypeName>DemographicProcedure</v2TypeName>
		<v3TypeName>snomed</v3TypeName>
		<v2Pattern>57.940</v2Pattern>
		<v3Replacement>410024004</v3Replacement>
	</match>
	<match>
		<v2TypeName>DemographicProcedure</v2TypeName>
		<v3TypeName>snomed</v3TypeName>
		<v2Pattern>73.590</v2Pattern>
		<v3Replacement>236973005</v3Replacement>
	</match>
	<match>
		<v2TypeName>DemographicProcedure</v2TypeName>
		<v3TypeName>snomed</v3TypeName>
		<v2Pattern>79.700</v2Pattern>
		<v3Replacement>58825001</v3Replacement>
	</match>
	<match>
		<v2TypeName>DemographicProcedure</v2TypeName>
		<v3TypeName>snomed</v3TypeName>
		<v2Pattern>86.090</v2Pattern>
		<v3Replacement>70177008</v3Replacement>
	</match>
	<match>
		<v2TypeName>DemographicProcedure</v2TypeName>
		<v3TypeName>snomed</v3TypeName>
		<v2Pattern>86.280</v2Pattern>
		<v3Replacement>409530006</v3Replacement>
	</match>
	<match>
		<v2TypeName>DemographicProcedure</v2TypeName>
		<v3TypeName>snomed</v3TypeName>
		<v2Pattern>89.391</v2Pattern>
		<v3Replacement>284029005</v3Replacement>
	</match>
	<match>
		<v2TypeName>DemographicProcedure</v2TypeName>
		<v3TypeName>snomed</v3TypeName>
		<v2Pattern>89.392</v2Pattern>
		<v3Replacement>252465000</v3Replacement>
	</match>
	<match>
		<v2TypeName>DemographicProcedure</v2TypeName>
		<v3TypeName>snomed</v3TypeName>
		<v2Pattern>89.510</v2Pattern>
		<v3Replacement>88140007</v3Replacement>
	</match>
	<match>
		<v2TypeName>DemographicProcedure</v2TypeName>
		<v3TypeName>snomed</v3TypeName>
		<v2Pattern>89.590</v2Pattern>
		<v3Replacement>425058005</v3Replacement>
	</match>
	<match>
		<v2TypeName>DemographicProcedure</v2TypeName>
		<v3TypeName>snomed</v3TypeName>
		<v2Pattern>89.599</v2Pattern>
		<v3Replacement>182777000</v3Replacement>
	</match>
	<match>
		<v2TypeName>DemographicProcedure</v2TypeName>
		<v3TypeName>snomed</v3TypeName>
		<v2Pattern>89.610</v2Pattern>
		<v3Replacement>422744007</v3Replacement>
	</match>
	<match>
		<v2TypeName>DemographicProcedure</v2TypeName>
		<v3TypeName>snomed</v3TypeName>
		<v2Pattern>89.620</v2Pattern>
		<v3Replacement>226005007</v3Replacement>
	</match>
	<match>
		<v2TypeName>DemographicProcedure</v2TypeName>
		<v3TypeName>snomed</v3TypeName>
		<v2Pattern>89.640</v2Pattern>
		<v3Replacement>42340005</v3Replacement>
	</match>
	<match>
		<v2TypeName>DemographicProcedure</v2TypeName>
		<v3TypeName>snomed</v3TypeName>
		<v2Pattern>89.700</v2Pattern>
		<v3Replacement>422440002</v3Replacement>
	</match>
	<match>
		<v2TypeName>DemographicProcedure</v2TypeName>
		<v3TypeName>snomed</v3TypeName>
		<v2Pattern>89.701</v2Pattern>
		<v3Replacement>423850004</v3Replacement>
	</match>
	<match>
		<v2TypeName>DemographicProcedure</v2TypeName>
		<v3TypeName>snomed</v3TypeName>
		<v2Pattern>89.702</v2Pattern>
		<v3Replacement>225399009</v3Replacement>
	</match>
	<match>
		<v2TypeName>DemographicProcedure</v2TypeName>
		<v3TypeName>snomed</v3TypeName>
		<v2Pattern>89.703</v2Pattern>
		<v3Replacement>56342008</v3Replacement>
	</match>
	<match>
		<v2TypeName>DemographicProcedure</v2TypeName>
		<v3TypeName>snomed</v3TypeName>
		<v2Pattern>89.704</v2Pattern>
		<v3Replacement>20135006</v3Replacement>
	</match>
	<match>
		<v2TypeName>DemographicProcedure</v2TypeName>
		<v3TypeName>snomed</v3TypeName>
		<v2Pattern>89.820</v2Pattern>
		<v3Replacement>268400002</v3Replacement>
	</match>
	<match>
		<v2TypeName>DemographicProcedure</v2TypeName>
		<v3TypeName>snomed</v3TypeName>
		<v2Pattern>93.055</v2Pattern>
		<v3Replacement>302421003</v3Replacement>
	</match>
	<match>
		<v2TypeName>DemographicProcedure</v2TypeName>
		<v3TypeName>snomed</v3TypeName>
		<v2Pattern>93.056</v2Pattern>
		<v3Replacement>20655006</v3Replacement>
	</match>
	<match>
		<v2TypeName>DemographicProcedure</v2TypeName>
		<v3TypeName>snomed</v3TypeName>
		<v2Pattern>93.057</v2Pattern>
		<v3Replacement>225358003</v3Replacement>
	</match>
	<match>
		<v2TypeName>DemographicProcedure</v2TypeName>
		<v3TypeName>snomed</v3TypeName>
		<v2Pattern>93.058</v2Pattern>
		<v3Replacement>225116006</v3Replacement>
	</match>
	<match>
		<v2TypeName>DemographicProcedure</v2TypeName>
		<v3TypeName>snomed</v3TypeName>
		<v2Pattern>93.059</v2Pattern>
		<v3Replacement>372045002</v3Replacement>
	</match>
	<match>
		<v2TypeName>DemographicProcedure</v2TypeName>
		<v3TypeName>snomed</v3TypeName>
		<v2Pattern>93.350</v2Pattern>
		<v3Replacement>431949004</v3Replacement>
	</match>
	<match>
		<v2TypeName>DemographicProcedure</v2TypeName>
		<v3TypeName>snomed</v3TypeName>
		<v2Pattern>93.450</v2Pattern>
		<v3Replacement>302488007</v3Replacement>
	</match>
	<match>
		<v2TypeName>DemographicProcedure</v2TypeName>
		<v3TypeName>snomed</v3TypeName>
		<v2Pattern>93.540</v2Pattern>
		<v3Replacement>79321009</v3Replacement>
	</match>
	<match>
		<v2TypeName>DemographicProcedure</v2TypeName>
		<v3TypeName>snomed</v3TypeName>
		<v2Pattern>93.580</v2Pattern>
		<v3Replacement>448970001</v3Replacement>
	</match>
	<match>
		<v2TypeName>DemographicProcedure</v2TypeName>
		<v3TypeName>snomed</v3TypeName>
		<v2Pattern>93.591</v2Pattern>
		<v3Replacement>426498007</v3Replacement>
	</match>
	<match>
		<v2TypeName>DemographicProcedure</v2TypeName>
		<v3TypeName>snomed</v3TypeName>
		<v2Pattern>93.900</v2Pattern>
		<v3Replacement>47545007</v3Replacement>
	</match>
	<match>
		<v2TypeName>DemographicProcedure</v2TypeName>
		<v3TypeName>snomed</v3TypeName>
		<v2Pattern>93.910</v2Pattern>
		<v3Replacement>40617009</v3Replacement>
	</match>
	<match>
		<v2TypeName>DemographicProcedure</v2TypeName>
		<v3TypeName>snomed</v3TypeName>
		<v2Pattern>93.930</v2Pattern>
		<v3Replacement>243140006</v3Replacement>
	</match>
	<match>
		<v2TypeName>DemographicProcedure</v2TypeName>
		<v3TypeName>snomed</v3TypeName>
		<v2Pattern>93.931</v2Pattern>
		<v3Replacement>425447009</v3Replacement>
	</match>
	<match>
		<v2TypeName>DemographicProcedure</v2TypeName>
		<v3TypeName>snomed</v3TypeName>
		<v2Pattern>93.940</v2Pattern>
		<v3Replacement>56251003</v3Replacement>
	</match>
	<match>
		<v2TypeName>DemographicProcedure</v2TypeName>
		<v3TypeName>snomed</v3TypeName>
		<v2Pattern>96.010</v2Pattern>
		<v3Replacement>182692007</v3Replacement>
	</match>
	<match>
		<v2TypeName>DemographicProcedure</v2TypeName>
		<v3TypeName>snomed</v3TypeName>
		<v2Pattern>96.020</v2Pattern>
		<v3Replacement>7443007</v3Replacement>
	</match>
	<match>
		<v2TypeName>DemographicProcedure</v2TypeName>
		<v3TypeName>snomed</v3TypeName>
		<v2Pattern>96.030</v2Pattern>
		<v3Replacement>232673005</v3Replacement>
	</match>
	<match>
		<v2TypeName>DemographicProcedure</v2TypeName>
		<v3TypeName>snomed</v3TypeName>
		<v2Pattern>96.040</v2Pattern>
		<v3Replacement>232674004</v3Replacement>
	</match>
	<match>
		<v2TypeName>DemographicProcedure</v2TypeName>
		<v3TypeName>snomed</v3TypeName>
		<v2Pattern>96.041</v2Pattern>
		<v3Replacement>232679009</v3Replacement>
	</match>
	<match>
		<v2TypeName>DemographicProcedure</v2TypeName>
		<v3TypeName>snomed</v3TypeName>
		<v2Pattern>96.042</v2Pattern>
		<v3Replacement>241689008</v3Replacement>
	</match>
	<match>
		<v2TypeName>DemographicProcedure</v2TypeName>
		<v3TypeName>snomed</v3TypeName>
		<v2Pattern>96.051</v2Pattern>
		<v3Replacement>429705000</v3Replacement>
	</match>
	<match>
		<v2TypeName>DemographicProcedure</v2TypeName>
		<v3TypeName>snomed</v3TypeName>
		<v2Pattern>96.052</v2Pattern>
		<v3Replacement>424979004</v3Replacement>
	</match>
	<match>
		<v2TypeName>DemographicProcedure</v2TypeName>
		<v3TypeName>snomed</v3TypeName>
		<v2Pattern>96.053</v2Pattern>
		<v3Replacement>427753009</v3Replacement>
	</match>
	<match>
		<v2TypeName>DemographicProcedure</v2TypeName>
		<v3TypeName>snomed</v3TypeName>
		<v2Pattern>96.070</v2Pattern>
		<v3Replacement>87750000</v3Replacement>
	</match>
	<match>
		<v2TypeName>DemographicProcedure</v2TypeName>
		<v3TypeName>snomed</v3TypeName>
		<v2Pattern>96.071</v2Pattern>
		<v3Replacement>235425002</v3Replacement>
	</match>
	<match>
		<v2TypeName>DemographicProcedure</v2TypeName>
		<v3TypeName>snomed</v3TypeName>
		<v2Pattern>96.700</v2Pattern>
		<v3Replacement>8948006</v3Replacement>
	</match>
	<match>
		<v2TypeName>DemographicProcedure</v2TypeName>
		<v3TypeName>snomed</v3TypeName>
		<v2Pattern>96.701</v2Pattern>
		<v3Replacement>45851008</v3Replacement>
	</match>
	<match>
		<v2TypeName>DemographicProcedure</v2TypeName>
		<v3TypeName>snomed</v3TypeName>
		<v2Pattern>96.702</v2Pattern>
		<v3Replacement>243142003</v3Replacement>
	</match>
	<match>
		<v2TypeName>DemographicProcedure</v2TypeName>
		<v3TypeName>snomed</v3TypeName>
		<v2Pattern>96.703</v2Pattern>
		<v3Replacement>441893003</v3Replacement>
	</match>
	<match>
		<v2TypeName>DemographicProcedure</v2TypeName>
		<v3TypeName>snomed</v3TypeName>
		<v2Pattern>96.790</v2Pattern>
		<v3Replacement>45851008</v3Replacement>
	</match>
	<match>
		<v2TypeName>DemographicProcedure</v2TypeName>
		<v3TypeName>snomed</v3TypeName>
		<v2Pattern>96.991</v2Pattern>
		<v3Replacement>428482009</v3Replacement>
	</match>
	<match>
		<v2TypeName>DemographicProcedure</v2TypeName>
		<v3TypeName>snomed</v3TypeName>
		<v2Pattern>96.993</v2Pattern>
		<v3Replacement>232708009</v3Replacement>
	</match>
	<match>
		<v2TypeName>DemographicProcedure</v2TypeName>
		<v3TypeName>snomed</v3TypeName>
		<v2Pattern>97.230</v2Pattern>
		<v3Replacement>2267008</v3Replacement>
	</match>
	<match>
		<v2TypeName>DemographicProcedure</v2TypeName>
		<v3TypeName>snomed</v3TypeName>
		<v2Pattern>97.231</v2Pattern>
		<v3Replacement>232685002</v3Replacement>
	</match>
	<match>
		<v2TypeName>DemographicProcedure</v2TypeName>
		<v3TypeName>snomed</v3TypeName>
		<v2Pattern>98.130</v2Pattern>
		<v3Replacement>232707004</v3Replacement>
	</match>
	<match>
		<v2TypeName>DemographicProcedure</v2TypeName>
		<v3TypeName>snomed</v3TypeName>
		<v2Pattern>98.131</v2Pattern>
		<v3Replacement>232707004</v3Replacement>
	</match>
	<match>
		<v2TypeName>DemographicProcedure</v2TypeName>
		<v3TypeName>snomed</v3TypeName>
		<v2Pattern>98.150</v2Pattern>
		<v3Replacement>230040009</v3Replacement>
	</match>
	<match>
		<v2TypeName>DemographicProcedure</v2TypeName>
		<v3TypeName>snomed</v3TypeName>
		<v2Pattern>99.290</v2Pattern>
		<v3Replacement>24456005</v3Replacement>
	</match>
	<match>
		<v2TypeName>DemographicProcedure</v2TypeName>
		<v3TypeName>snomed</v3TypeName>
		<v2Pattern>99.600</v2Pattern>
		<v3Replacement>89666000</v3Replacement>
	</match>
	<match>
		<v2TypeName>DemographicProcedure</v2TypeName>
		<v3TypeName>snomed</v3TypeName>
		<v2Pattern>99.601</v2Pattern>
		<v3Replacement>429283006</v3Replacement>
	</match>
	<match>
		<v2TypeName>DemographicProcedure</v2TypeName>
		<v3TypeName>snomed</v3TypeName>
		<v2Pattern>99.602</v2Pattern>
		<v3Replacement>429283006</v3Replacement>
	</match>
	<match>
		<v2TypeName>DemographicProcedure</v2TypeName>
		<v3TypeName>snomed</v3TypeName>
		<v2Pattern>99.603</v2Pattern>
		<v3Replacement>429283006</v3Replacement>
	</match>
	<match>
		<v2TypeName>DemographicProcedure</v2TypeName>
		<v3TypeName>snomed</v3TypeName>
		<v2Pattern>99.604</v2Pattern>
		<v3Replacement>225708008</v3Replacement>
	</match>
	<match>
		<v2TypeName>DemographicProcedure</v2TypeName>
		<v3TypeName>snomed</v3TypeName>
		<v2Pattern>99.611</v2Pattern>
		<v3Replacement>69779005</v3Replacement>
	</match>
	<match>
		<v2TypeName>DemographicProcedure</v2TypeName>
		<v3TypeName>snomed</v3TypeName>
		<v2Pattern>99.612</v2Pattern>
		<v3Replacement>37113006</v3Replacement>
	</match>
	<match>
		<v2TypeName>DemographicProcedure</v2TypeName>
		<v3TypeName>snomed</v3TypeName>
		<v2Pattern>99.621</v2Pattern>
		<v3Replacement>426220008</v3Replacement>
	</match>
	<match>
		<v2TypeName>DemographicProcedure</v2TypeName>
		<v3TypeName>snomed</v3TypeName>
		<v2Pattern>99.622</v2Pattern>
		<v3Replacement>426220008</v3Replacement>
	</match>
	<match>
		<v2TypeName>DemographicProcedure</v2TypeName>
		<v3TypeName>snomed</v3TypeName>
		<v2Pattern>99.623</v2Pattern>
		<v3Replacement>250980009</v3Replacement>
	</match>
	<match>
		<v2TypeName>DemographicProcedure</v2TypeName>
		<v3TypeName>snomed</v3TypeName>
		<v2Pattern>99.624</v2Pattern>
		<v3Replacement>59218006</v3Replacement>
	</match>
	<match>
		<v2TypeName>DemographicProcedure</v2TypeName>
		<v3TypeName>snomed</v3TypeName>
		<v2Pattern>99.625</v2Pattern>
		<v3Replacement>23852006</v3Replacement>
	</match>
	<match>
		<v2TypeName>DemographicProcedure</v2TypeName>
		<v3TypeName>snomed</v3TypeName>
		<v2Pattern>99.626</v2Pattern>
		<v3Replacement>233178005</v3Replacement>
	</match>
	<match>
		<v2TypeName>DemographicProcedure</v2TypeName>
		<v3TypeName>snomed</v3TypeName>
		<v2Pattern>99.640</v2Pattern>
		<v3Replacement>448334008</v3Replacement>
	</match>
	<match>
		<v2TypeName>DemographicProcedure</v2TypeName>
		<v3TypeName>snomed</v3TypeName>
		<v2Pattern>99.641</v2Pattern>
		<v3Replacement>128968000</v3Replacement>
	</match>
	<match>
		<v2TypeName>DemographicProcedure</v2TypeName>
		<v3TypeName>snomed</v3TypeName>
		<v2Pattern>99.810</v2Pattern>
		<v3Replacement>431774007</v3Replacement>
	</match>
	<match>
		<v2TypeName>DemographicProcedure</v2TypeName>
		<v3TypeName>snomed</v3TypeName>
		<v2Pattern>99.811</v2Pattern>
		<v3Replacement>430189000</v3Replacement>
	</match>
	<match>
		<v2TypeName>DemographicProcedure</v2TypeName>
		<v3TypeName>snomed</v3TypeName>
		<v2Pattern>99.841</v2Pattern>
		<v3Replacement>406164000</v3Replacement>
	</match>
	<match>
		<v2TypeName>DemographicProcedure</v2TypeName>
		<v3TypeName>snomed</v3TypeName>
		<v2Pattern>99.842</v2Pattern>
		<v3Replacement>386423001</v3Replacement>
	</match>
	<match>
		<v2TypeName>DemographicProtocolsUsed</v2TypeName>
		<v3TypeName>ProtocolsUsed</v3TypeName>
		<v3Replacement>9914075</v3Replacement>
	</match>
	<match>
		<v2TypeName>DemographicProtocolsUsed</v2TypeName>
		<v3TypeName>ProtocolsUsed</v3TypeName>
		<v2Pattern>6720</v2Pattern>
		<v3Replacement>9914109</v3Replacement>
	</match>
	<match>
		<v2TypeName>DemographicProtocolsUsed</v2TypeName>
		<v3TypeName>ProtocolsUsed</v3TypeName>
		<v2Pattern>6730</v2Pattern>
		<v3Replacement>9914001</v3Replacement>
	</match>
	<match>
		<v2TypeName>DemographicProtocolsUsed</v2TypeName>
		<v3TypeName>ProtocolsUsed</v3TypeName>
		<v2Pattern>6740</v2Pattern>
		<v3Replacement>9914003</v3Replacement>
	</match>
	<match>
		<v2TypeName>DemographicProtocolsUsed</v2TypeName>
		<v3TypeName>ProtocolsUsed</v3TypeName>
		<v2Pattern>6760</v2Pattern>
		<v3Replacement>9914007</v3Replacement>
	</match>
	<match>
		<v2TypeName>DemographicProtocolsUsed</v2TypeName>
		<v3TypeName>ProtocolsUsed</v3TypeName>
		<v2Pattern>6770</v2Pattern>
		<v3Replacement>9914111</v3Replacement>
	</match>
	<match>
		<v2TypeName>DemographicProtocolsUsed</v2TypeName>
		<v3TypeName>ProtocolsUsed</v3TypeName>
		<v2Pattern>6780</v2Pattern>
		<v3Replacement>9914113</v3Replacement>
	</match>
	<match>
		<v2TypeName>DemographicProtocolsUsed</v2TypeName>
		<v3TypeName>ProtocolsUsed</v3TypeName>
		<v2Pattern>6790</v2Pattern>
		<v3Replacement>9914011</v3Replacement>
	</match>
	<match>
		<v2TypeName>DemographicProtocolsUsed</v2TypeName>
		<v3TypeName>ProtocolsUsed</v3TypeName>
		<v2Pattern>6800</v2Pattern>
		<v3Replacement>9914051</v3Replacement>
	</match>
	<match>
		<v2TypeName>DemographicProtocolsUsed</v2TypeName>
		<v3TypeName>ProtocolsUsed</v3TypeName>
		<v2Pattern>6810</v2Pattern>
		<v3Replacement>9914053</v3Replacement>
	</match>
	<match>
		<v2TypeName>DemographicProtocolsUsed</v2TypeName>
		<v3TypeName>ProtocolsUsed</v3TypeName>
		<v2Pattern>6820</v2Pattern>
		<v3Replacement>9914079</v3Replacement>
	</match>
	<match>
		<v2TypeName>DemographicProtocolsUsed</v2TypeName>
		<v3TypeName>ProtocolsUsed</v3TypeName>
		<v2Pattern>6830</v2Pattern>
		<v3Replacement>9914115</v3Replacement>
	</match>
	<match>
		<v2TypeName>DemographicProtocolsUsed</v2TypeName>
		<v3TypeName>ProtocolsUsed</v3TypeName>
		<v2Pattern>6840</v2Pattern>
		<v3Replacement>9914085</v3Replacement>
	</match>
	<match>
		<v2TypeName>DemographicProtocolsUsed</v2TypeName>
		<v3TypeName>ProtocolsUsed</v3TypeName>
		<v2Pattern>6850</v2Pattern>
		<v3Replacement>9914055</v3Replacement>
	</match>
	<match>
		<v2TypeName>DemographicProtocolsUsed</v2TypeName>
		<v3TypeName>ProtocolsUsed</v3TypeName>
		<v2Pattern>6860</v2Pattern>
		<v3Replacement>9914117</v3Replacement>
	</match>
	<match>
		<v2TypeName>DemographicProtocolsUsed</v2TypeName>
		<v3TypeName>ProtocolsUsed</v3TypeName>
		<v2Pattern>6870</v2Pattern>
		<v3Replacement>9914155</v3Replacement>
	</match>
	<match>
		<v2TypeName>DemographicProtocolsUsed</v2TypeName>
		<v3TypeName>ProtocolsUsed</v3TypeName>
		<v2Pattern>6875</v2Pattern>
		<v3Replacement>9914023</v3Replacement>
	</match>
	<match>
		<v2TypeName>DemographicProtocolsUsed</v2TypeName>
		<v3TypeName>ProtocolsUsed</v3TypeName>
		<v2Pattern>6880</v2Pattern>
		<v3Replacement>9914057</v3Replacement>
	</match>
	<match>
		<v2TypeName>DemographicProtocolsUsed</v2TypeName>
		<v3TypeName>ProtocolsUsed</v3TypeName>
		<v2Pattern>6881</v2Pattern>
		<v3Replacement>9914069</v3Replacement>
	</match>
	<match>
		<v2TypeName>DemographicProtocolsUsed</v2TypeName>
		<v3TypeName>ProtocolsUsed</v3TypeName>
		<v2Pattern>6885</v2Pattern>
		<v3Replacement>9914119</v3Replacement>
	</match>
	<match>
		<v2TypeName>DemographicProtocolsUsed</v2TypeName>
		<v3TypeName>ProtocolsUsed</v3TypeName>
		<v2Pattern>6890</v2Pattern>
		<v3Replacement>9914093</v3Replacement>
	</match>
	<match>
		<v2TypeName>DemographicProtocolsUsed</v2TypeName>
		<v3TypeName>ProtocolsUsed</v3TypeName>
		<v2Pattern>6892</v2Pattern>
		<v3Replacement>9914091</v3Replacement>
	</match>
	<match>
		<v2TypeName>DemographicProtocolsUsed</v2TypeName>
		<v3TypeName>ProtocolsUsed</v3TypeName>
		<v2Pattern>6900</v2Pattern>
		<v3Replacement>9914095</v3Replacement>
	</match>
	<match>
		<v2TypeName>DemographicProtocolsUsed</v2TypeName>
		<v3TypeName>ProtocolsUsed</v3TypeName>
		<v2Pattern>6910</v2Pattern>
		<v3Replacement>9914059</v3Replacement>
	</match>
	<match>
		<v2TypeName>DemographicProtocolsUsed</v2TypeName>
		<v3TypeName>ProtocolsUsed</v3TypeName>
		<v2Pattern>6911</v2Pattern>
		<v3Replacement>9914033</v3Replacement>
	</match>
	<match>
		<v2TypeName>DemographicProtocolsUsed</v2TypeName>
		<v3TypeName>ProtocolsUsed</v3TypeName>
		<v2Pattern>6912</v2Pattern>
		<v3Replacement>9914035</v3Replacement>
	</match>
	<match>
		<v2TypeName>DemographicProtocolsUsed</v2TypeName>
		<v3TypeName>ProtocolsUsed</v3TypeName>
		<v2Pattern>6913</v2Pattern>
		<v3Replacement>9914037</v3Replacement>
	</match>
	<match>
		<v2TypeName>DemographicProtocolsUsed</v2TypeName>
		<v3TypeName>ProtocolsUsed</v3TypeName>
		<v2Pattern>6914</v2Pattern>
		<v3Replacement>9914043</v3Replacement>
	</match>
	<match>
		<v2TypeName>DemographicProtocolsUsed</v2TypeName>
		<v3TypeName>ProtocolsUsed</v3TypeName>
		<v2Pattern>6915</v2Pattern>
		<v3Replacement>9914047</v3Replacement>
	</match>
	<match>
		<v2TypeName>DemographicProtocolsUsed</v2TypeName>
		<v3TypeName>ProtocolsUsed</v3TypeName>
		<v2Pattern>6916</v2Pattern>
		<v3Replacement>9914049</v3Replacement>
	</match>
	<match>
		<v2TypeName>DemographicProtocolsUsed</v2TypeName>
		<v3TypeName>ProtocolsUsed</v3TypeName>
		<v2Pattern>6917</v2Pattern>
		<v3Replacement>9914033</v3Replacement>
	</match>
	<match>
		<v2TypeName>DemographicProtocolsUsed</v2TypeName>
		<v3TypeName>ProtocolsUsed</v3TypeName>
		<v2Pattern>6920</v2Pattern>
		<v3Replacement>9914097</v3Replacement>
	</match>
	<match>
		<v2TypeName>DemographicProtocolsUsed</v2TypeName>
		<v3TypeName>ProtocolsUsed</v3TypeName>
		<v2Pattern>6925</v2Pattern>
		<v3Replacement>9914099</v3Replacement>
	</match>
	<match>
		<v2TypeName>DemographicProtocolsUsed</v2TypeName>
		<v3TypeName>ProtocolsUsed</v3TypeName>
		<v2Pattern>6930</v2Pattern>
		<v3Replacement>9914061</v3Replacement>
	</match>
	<match>
		<v2TypeName>DemographicProtocolsUsed</v2TypeName>
		<v3TypeName>ProtocolsUsed</v3TypeName>
		<v2Pattern>6935</v2Pattern>
		<v3Replacement>9914159</v3Replacement>
	</match>
	<match>
		<v2TypeName>DemographicProtocolsUsed</v2TypeName>
		<v3TypeName>ProtocolsUsed</v3TypeName>
		<v2Pattern>6940</v2Pattern>
		<v3Replacement>9914101</v3Replacement>
	</match>
	<match>
		<v2TypeName>DemographicProtocolsUsed</v2TypeName>
		<v3TypeName>ProtocolsUsed</v3TypeName>
		<v2Pattern>6945</v2Pattern>
		<v3Replacement>9914121</v3Replacement>
	</match>
	<match>
		<v2TypeName>DemographicProtocolsUsed</v2TypeName>
		<v3TypeName>ProtocolsUsed</v3TypeName>
		<v2Pattern>6950</v2Pattern>
		<v3Replacement>9914123</v3Replacement>
	</match>
	<match>
		<v2TypeName>DemographicProtocolsUsed</v2TypeName>
		<v3TypeName>ProtocolsUsed</v3TypeName>
		<v2Pattern>6960</v2Pattern>
		<v3Replacement>9914029</v3Replacement>
	</match>
	<match>
		<v2TypeName>DemographicProtocolsUsed</v2TypeName>
		<v3TypeName>ProtocolsUsed</v3TypeName>
		<v2Pattern>6965</v2Pattern>
		<v3Replacement>9914125</v3Replacement>
	</match>
	<match>
		<v2TypeName>DemographicProtocolsUsed</v2TypeName>
		<v3TypeName>ProtocolsUsed</v3TypeName>
		<v2Pattern>6970</v2Pattern>
		<v3Replacement>9914127</v3Replacement>
	</match>
	<match>
		<v2TypeName>DemographicProtocolsUsed</v2TypeName>
		<v3TypeName>ProtocolsUsed</v3TypeName>
		<v2Pattern>6980</v2Pattern>
		<v3Replacement>9914031</v3Replacement>
	</match>
	<match>
		<v2TypeName>DemographicProtocolsUsed</v2TypeName>
		<v3TypeName>ProtocolsUsed</v3TypeName>
		<v2Pattern>6990</v2Pattern>
		<v3Replacement>9914067</v3Replacement>
	</match>
	<match>
		<v2TypeName>DemographicProtocolsUsed</v2TypeName>
		<v3TypeName>ProtocolsUsed</v3TypeName>
		<v2Pattern>7000</v2Pattern>
		<v3Replacement>9914105</v3Replacement>
	</match>
	<match>
		<v2TypeName>DemographicProtocolsUsed</v2TypeName>
		<v3TypeName>ProtocolsUsed</v3TypeName>
		<v2Pattern>7010</v2Pattern>
		<v3Replacement>9914155</v3Replacement>
	</match>
	<match>
		<v2TypeName>DemographicProtocolsUsed</v2TypeName>
		<v3TypeName>ProtocolsUsed</v3TypeName>
		<v2Pattern>7020</v2Pattern>
		<v3Replacement>9914161</v3Replacement>
	</match>
	<match>
		<v2TypeName>DemographicProtocolsUsed</v2TypeName>
		<v3TypeName>ProtocolsUsed</v3TypeName>
		<v2Pattern>7030</v2Pattern>
		<v3Replacement>9914135</v3Replacement>
	</match>
	<match>
		<v2TypeName>DemographicProtocolsUsed</v2TypeName>
		<v3TypeName>ProtocolsUsed</v3TypeName>
		<v2Pattern>7040</v2Pattern>
		<v3Replacement>9914071</v3Replacement>
	</match>
	<match>
		<v2TypeName>DemographicProtocolsUsed</v2TypeName>
		<v3TypeName>ProtocolsUsed</v3TypeName>
		<v2Pattern>7130</v2Pattern>
		<v3Replacement>9914019</v3Replacement>
	</match>
	<match>
		<v2TypeName>DemographicProtocolsUsed</v2TypeName>
		<v3TypeName>ProtocolsUsed</v3TypeName>
		<v2Pattern>7140</v2Pattern>
		<v3Replacement>9914137</v3Replacement>
	</match>
	<match>
		<v2TypeName>DemographicProtocolsUsed</v2TypeName>
		<v3TypeName>ProtocolsUsed</v3TypeName>
		<v2Pattern>7150</v2Pattern>
		<v3Replacement>9914015</v3Replacement>
	</match>
	<match>
		<v2TypeName>DemographicProtocolsUsed</v2TypeName>
		<v3TypeName>ProtocolsUsed</v3TypeName>
		<v2Pattern>7160</v2Pattern>
		<v3Replacement>9914139</v3Replacement>
	</match>
	<match>
		<v2TypeName>DemographicProtocolsUsed</v2TypeName>
		<v3TypeName>ProtocolsUsed</v3TypeName>
		<v2Pattern>7170</v2Pattern>
		<v3Replacement>9914141</v3Replacement>
	</match>
	<match>
		<v2TypeName>DemographicProtocolsUsed</v2TypeName>
		<v3TypeName>ProtocolsUsed</v3TypeName>
		<v2Pattern>7180</v2Pattern>
		<v3Replacement>9914073</v3Replacement>
	</match>
	<match>
		<v2TypeName>DemographicProtocolsUsed</v2TypeName>
		<v3TypeName>ProtocolsUsed</v3TypeName>
		<v2Pattern>7190</v2Pattern>
		<v3Replacement>9914147</v3Replacement>
	</match>
	<match>
		<v2TypeName>DemographicProtocolsUsed</v2TypeName>
		<v3TypeName>ProtocolsUsed</v3TypeName>
		<v2Pattern>7200</v2Pattern>
		<v3Replacement>9914145</v3Replacement>
	</match>
	<match>
		<v2TypeName>DemographicProtocolsUsed</v2TypeName>
		<v3TypeName>ProtocolsUsed</v3TypeName>
		<v2Pattern>7210</v2Pattern>
		<v3Replacement>9914149</v3Replacement>
	</match>
	<match>
		<v2TypeName>DemographicProtocolsUsed</v2TypeName>
		<v3TypeName>ProtocolsUsed</v3TypeName>
		<v2Pattern>7214</v2Pattern>
		<v3Replacement>9914087</v3Replacement>
	</match>
	<match>
		<v2TypeName>DemographicProtocolsUsed</v2TypeName>
		<v3TypeName>ProtocolsUsed</v3TypeName>
		<v2Pattern>7215</v2Pattern>
		<v3Replacement>9914077</v3Replacement>
	</match>
	<match>
		<v2TypeName>DemographicProtocolsUsed</v2TypeName>
		<v3TypeName>ProtocolsUsed</v3TypeName>
		<v2Pattern>7220</v2Pattern>
		<v3Replacement>9914075</v3Replacement>
	</match>
	<match>
		<v2TypeName>DemographicProtocolsUsed</v2TypeName>
		<v3TypeName>ProtocolsUsed</v3TypeName>
		<v2Pattern>7230</v2Pattern>
		<v3Replacement>9914017</v3Replacement>
	</match>
	<match>
		<v2TypeName>DemographicProtocolsUsed</v2TypeName>
		<v3TypeName>ProtocolsUsed</v3TypeName>
		<v2Pattern>7232</v2Pattern>
		<v3Replacement>9914151</v3Replacement>
	</match>
	<match>
		<v2TypeName>DemographicProtocolsUsed</v2TypeName>
		<v3TypeName>ProtocolsUsed</v3TypeName>
		<v2Pattern>7240</v2Pattern>
		<v3Replacement>9914151</v3Replacement>
	</match>
	<match>
		<v2TypeName>DemographicProtocolsUsed</v2TypeName>
		<v3TypeName>ProtocolsUsed</v3TypeName>
		<v2Pattern>7251</v2Pattern>
		<v3Replacement>9914131</v3Replacement>
	</match>
	<match>
		<v2TypeName>DemographicRace</v2TypeName>
		<v3TypeName>DemographicRace</v3TypeName>
		<v2Pattern>660</v2Pattern>
		<v3Replacement>1513001</v3Replacement>
	</match>
	<match>
		<v2TypeName>DemographicRace</v2TypeName>
		<v3TypeName>DemographicRace</v3TypeName>
		<v2Pattern>665</v2Pattern>
		<v3Replacement>1513003</v3Replacement>
	</match>
	<match>
		<v2TypeName>DemographicRace</v2TypeName>
		<v3TypeName>DemographicRace</v3TypeName>
		<v2Pattern>670</v2Pattern>
		<v3Replacement>1513005</v3Replacement>
	</match>
	<match>
		<v2TypeName>DemographicRace</v2TypeName>
		<v3TypeName>DemographicRace</v3TypeName>
		<v2Pattern>675</v2Pattern>
		<v3Replacement>1513009</v3Replacement>
	</match>
	<match>
		<v2TypeName>DemographicRace</v2TypeName>
		<v3TypeName>DemographicRace</v3TypeName>
		<v2Pattern>680</v2Pattern>
		<v3Replacement>1513011</v3Replacement>
	</match>
	<match>
		<v2TypeName>DemographicRace</v2TypeName>
		<v3TypeName>DemographicRace</v3TypeName>
		<v2Pattern>685</v2Pattern>
	</match>
	<match>
		<v2TypeName>DemographicStateCertificationLicensureLevels</v2TypeName>
		<v3TypeName>CustomResults</v3TypeName>
		<v2Pattern>6090</v2Pattern>
		<v3Replacement>9917011</v3Replacement>
	</match>
	<match>
		<v2TypeName>DemographicStateCertificationLicensureLevels</v2TypeName>
		<v3TypeName>CustomResults</v3TypeName>
		<v2Pattern>6100</v2Pattern>
		<v3Replacement>9917013</v3Replacement>
	</match>
	<match>
		<v2TypeName>DemographicStateCertificationLicensureLevels</v2TypeName>
		<v3TypeName>CustomResults</v3TypeName>
		<v2Pattern>6110</v2Pattern>
		<v3Replacement>9917015</v3Replacement>
	</match>
	<match>
		<v2TypeName>DemographicStateCertificationLicensureLevels</v2TypeName>
		<v3TypeName>CustomResults</v3TypeName>
		<v2Pattern>6111</v2Pattern>
		<v3Replacement>9917031</v3Replacement>
	</match>
	<match>
		<v2TypeName>DemographicStateCertificationLicensureLevels</v2TypeName>
		<v3TypeName>CustomResults</v3TypeName>
		<v2Pattern>6112</v2Pattern>
		<v3Replacement>9917019</v3Replacement>
	</match>
	<match>
		<v2TypeName>DemographicStateCertificationLicensureLevels</v2TypeName>
		<v3TypeName>CustomResults</v3TypeName>
		<v2Pattern>6120</v2Pattern>
		<v3Replacement>9917009</v3Replacement>
	</match>
	<match>
		<v2TypeName>DemographicStateCertificationLicensureLevels</v2TypeName>
		<v3TypeName>LicensureLevels</v3TypeName>
		<v3Replacement>9911019</v3Replacement>
	</match>
	<match>
		<v2TypeName>DemographicStateCertificationLicensureLevels</v2TypeName>
		<v3TypeName>LicensureLevels</v3TypeName>
		<v2Pattern>6090</v2Pattern>
		<v3Replacement>9911009</v3Replacement>
	</match>
	<match>
		<v2TypeName>DemographicStateCertificationLicensureLevels</v2TypeName>
		<v3TypeName>LicensureLevels</v3TypeName>
		<v2Pattern>6100</v2Pattern>
		<v3Replacement>9911011</v3Replacement>
	</match>
	<match>
		<v2TypeName>DemographicStateCertificationLicensureLevels</v2TypeName>
		<v3TypeName>LicensureLevels</v3TypeName>
		<v2Pattern>6110</v2Pattern>
		<v3Replacement>9911013</v3Replacement>
	</match>
	<match>
		<v2TypeName>DemographicStateCertificationLicensureLevels</v2TypeName>
		<v3TypeName>LicensureLevels</v3TypeName>
		<v2Pattern>6111</v2Pattern>
		<v3Replacement>9911033</v3Replacement>
	</match>
	<match>
		<v2TypeName>DemographicStateCertificationLicensureLevels</v2TypeName>
		<v3TypeName>LicensureLevels</v3TypeName>
		<v2Pattern>6112</v2Pattern>
		<v3Replacement>9911021</v3Replacement>
	</match>
	<match>
		<v2TypeName>DemographicStateCertificationLicensureLevels</v2TypeName>
		<v3TypeName>LicensureLevels</v3TypeName>
		<v2Pattern>6120</v2Pattern>
		<v3Replacement>9911015</v3Replacement>
	</match>
	<match>
		<v2TypeName>DemographicStateCertificationLicensureLevels</v2TypeName>
		<v3TypeName>MemberLevel</v3TypeName>
		<v2Pattern>6090</v2Pattern>
		<v3Replacement>9925015</v3Replacement>
	</match>
	<match>
		<v2TypeName>DemographicStateCertificationLicensureLevels</v2TypeName>
		<v3TypeName>MemberLevel</v3TypeName>
		<v2Pattern>6100</v2Pattern>
		<v3Replacement>9925017</v3Replacement>
	</match>
	<match>
		<v2TypeName>DemographicStateCertificationLicensureLevels</v2TypeName>
		<v3TypeName>MemberLevel</v3TypeName>
		<v2Pattern>6110</v2Pattern>
		<v3Replacement>9925019</v3Replacement>
	</match>
	<match>
		<v2TypeName>DemographicStateCertificationLicensureLevels</v2TypeName>
		<v3TypeName>MemberLevel</v3TypeName>
		<v2Pattern>6111</v2Pattern>
		<v3Replacement>9925043</v3Replacement>
	</match>
	<match>
		<v2TypeName>DemographicStateCertificationLicensureLevels</v2TypeName>
		<v3TypeName>MemberLevel</v3TypeName>
		<v2Pattern>6112</v2Pattern>
		<v3Replacement>9925027</v3Replacement>
	</match>
	<match>
		<v2TypeName>DemographicStateCertificationLicensureLevels</v2TypeName>
		<v3TypeName>MemberLevel</v3TypeName>
		<v2Pattern>6120</v2Pattern>
		<v3Replacement>9925013</v3Replacement>
	</match>
	<match>
		<v2TypeName>DemographicStateCertificationLicensureLevels</v2TypeName>
		<v3TypeName>StateCertificationLicensureLevels</v3TypeName>
		<v3Replacement>9917001</v3Replacement>
	</match>
	<match>
		<v2TypeName>DemographicStateCertificationLicensureLevels</v2TypeName>
		<v3TypeName>StateCertificationLicensureLevels</v3TypeName>
		<v2Pattern>6090</v2Pattern>
		<v3Replacement>9917011</v3Replacement>
	</match>
	<match>
		<v2TypeName>DemographicStateCertificationLicensureLevels</v2TypeName>
		<v3TypeName>StateCertificationLicensureLevels</v3TypeName>
		<v2Pattern>6100</v2Pattern>
		<v3Replacement>9917013</v3Replacement>
	</match>
	<match>
		<v2TypeName>DemographicStateCertificationLicensureLevels</v2TypeName>
		<v3TypeName>StateCertificationLicensureLevels</v3TypeName>
		<v2Pattern>6110</v2Pattern>
		<v3Replacement>9917015</v3Replacement>
	</match>
	<match>
		<v2TypeName>DemographicStateCertificationLicensureLevels</v2TypeName>
		<v3TypeName>StateCertificationLicensureLevels</v3TypeName>
		<v2Pattern>6111</v2Pattern>
		<v3Replacement>9917031</v3Replacement>
	</match>
	<match>
		<v2TypeName>DemographicStateCertificationLicensureLevels</v2TypeName>
		<v3TypeName>StateCertificationLicensureLevels</v3TypeName>
		<v2Pattern>6112</v2Pattern>
		<v3Replacement>9917019</v3Replacement>
	</match>
	<match>
		<v2TypeName>DemographicStateCertificationLicensureLevels</v2TypeName>
		<v3TypeName>StateCertificationLicensureLevels</v3TypeName>
		<v2Pattern>6120</v2Pattern>
		<v3Replacement>9917009</v3Replacement>
	</match>
	<match>
		<v2TypeName>DemographicStateCertificationLicensureLevels</v2TypeName>
		<v3TypeName>UnitLevelOfCare</v3TypeName>
		<v3Replacement>2215013</v3Replacement>
	</match>
	<match>
		<v2TypeName>DemographicStateCertificationLicensureLevels</v2TypeName>
		<v3TypeName>UnitLevelOfCare</v3TypeName>
		<v2Pattern>6090</v2Pattern>
		<v3Replacement>2215003</v3Replacement>
	</match>
	<match>
		<v2TypeName>DemographicStateCertificationLicensureLevels</v2TypeName>
		<v3TypeName>UnitLevelOfCare</v3TypeName>
		<v2Pattern>6100</v2Pattern>
		<v3Replacement>2215011</v3Replacement>
	</match>
	<match>
		<v2TypeName>DemographicStateCertificationLicensureLevels</v2TypeName>
		<v3TypeName>UnitLevelOfCare</v3TypeName>
		<v2Pattern>6110</v2Pattern>
		<v3Replacement>2215013</v3Replacement>
	</match>
	<match>
		<v2TypeName>DemographicStateCertificationLicensureLevels</v2TypeName>
		<v3TypeName>UnitLevelOfCare</v3TypeName>
		<v2Pattern>6111</v2Pattern>
		<v3Replacement>2215017</v3Replacement>
	</match>
	<match>
		<v2TypeName>DemographicStateCertificationLicensureLevels</v2TypeName>
		<v3TypeName>UnitLevelOfCare</v3TypeName>
		<v2Pattern>6112</v2Pattern>
		<v3Replacement>2215019</v3Replacement>
	</match>
	<match>
		<v2TypeName>DemographicStateCertificationLicensureLevels</v2TypeName>
		<v3TypeName>UnitLevelOfCare</v3TypeName>
		<v2Pattern>6120</v2Pattern>
		<v3Replacement>2215001</v3Replacement>
	</match>
	<match>
		<v2TypeName>EmploymentStatus</v2TypeName>
		<v3TypeName>EmploymentStatus</v3TypeName>
		<v2Pattern>7490</v2Pattern>
		<v3Replacement>1531001</v3Replacement>
	</match>
	<match>
		<v2TypeName>EmploymentStatus</v2TypeName>
		<v3TypeName>EmploymentStatus</v3TypeName>
		<v2Pattern>7500</v2Pattern>
		<v3Replacement>1531005</v3Replacement>
	</match>
	<match>
		<v2TypeName>EmploymentStatus</v2TypeName>
		<v3TypeName>EmploymentStatus</v3TypeName>
		<v2Pattern>7510</v2Pattern>
		<v3Replacement>1531003</v3Replacement>
	</match>
	<match>
		<v2TypeName>EmploymentStatus</v2TypeName>
		<v3TypeName>EmploymentStatus</v3TypeName>
		<v2Pattern>7520</v2Pattern>
		<v3Replacement>1531003</v3Replacement>
	</match>
	<match>
		<v2TypeName>EmploymentStatus</v2TypeName>
		<v3TypeName>EmploymentStatus</v3TypeName>
		<v2Pattern>7530</v2Pattern>
		<v3Replacement>1531005</v3Replacement>
	</match>
	<match>
		<v2TypeName>EmploymentStatus</v2TypeName>
		<v3TypeName>EmploymentStatus</v3TypeName>
		<v2Pattern>7535</v2Pattern>
		<v3Replacement>1531007</v3Replacement>
	</match>
	<match>
		<v2TypeName>EMSAgencyDaylightSavingsTimeUse</v2TypeName>
		<v3TypeName>YesNoValues</v3TypeName>
		<v2Pattern>0</v2Pattern>
		<v3Replacement>9923001</v3Replacement>
	</match>
	<match>
		<v2TypeName>EMSAgencyDaylightSavingsTimeUse</v2TypeName>
		<v3TypeName>YesNoValues</v3TypeName>
		<v2Pattern>1</v2Pattern>
		<v3Replacement>9923003</v3Replacement>
	</match>
	<match>
		<v2TypeName>EMSAgencyTimeZone</v2TypeName>
		<v3TypeName>EMSAgencyTimeZone</v3TypeName>
		<v2Pattern>5900</v2Pattern>
		<v3Replacement>1027017</v3Replacement>
	</match>
	<match>
		<v2TypeName>EMSAgencyTimeZone</v2TypeName>
		<v3TypeName>EMSAgencyTimeZone</v3TypeName>
		<v2Pattern>5910</v2Pattern>
		<v3Replacement>1027015</v3Replacement>
	</match>
	<match>
		<v2TypeName>EMSAgencyTimeZone</v2TypeName>
		<v3TypeName>EMSAgencyTimeZone</v3TypeName>
		<v2Pattern>5920</v2Pattern>
		<v3Replacement>1027013</v3Replacement>
	</match>
	<match>
		<v2TypeName>EMSAgencyTimeZone</v2TypeName>
		<v3TypeName>EMSAgencyTimeZone</v3TypeName>
		<v2Pattern>5930</v2Pattern>
		<v3Replacement>1027011</v3Replacement>
	</match>
	<match>
		<v2TypeName>EMSAgencyTimeZone</v2TypeName>
		<v3TypeName>EMSAgencyTimeZone</v3TypeName>
		<v2Pattern>5940</v2Pattern>
		<v3Replacement>1027009</v3Replacement>
	</match>
	<match>
		<v2TypeName>EMSAgencyTimeZone</v2TypeName>
		<v3TypeName>EMSAgencyTimeZone</v3TypeName>
		<v2Pattern>5950</v2Pattern>
		<v3Replacement>1027007</v3Replacement>
	</match>
	<match>
		<v2TypeName>EMSAgencyTimeZone</v2TypeName>
		<v3TypeName>EMSAgencyTimeZone</v3TypeName>
		<v2Pattern>5960</v2Pattern>
		<v3Replacement>1027005</v3Replacement>
	</match>
	<match>
		<v2TypeName>EMSAgencyTimeZone</v2TypeName>
		<v3TypeName>EMSAgencyTimeZone</v3TypeName>
		<v2Pattern>5970</v2Pattern>
		<v3Replacement>1027003</v3Replacement>
	</match>
	<match>
		<v2TypeName>EMSUnitNumber</v2TypeName>
		<v3TypeName>AgencyCallSign</v3TypeName>
		<v3Replacement>_</v3Replacement>
	</match>
	<match>
		<v2TypeName>FacilityType</v2TypeName>
		<v3TypeName>TypeOfFacility</v3TypeName>
		<v2Pattern>7270</v2Pattern>
		<v3Replacement>1701009</v3Replacement>
	</match>
	<match>
		<v2TypeName>FacilityType</v2TypeName>
		<v3TypeName>TypeOfFacility</v3TypeName>
		<v2Pattern>7280</v2Pattern>
		<v3Replacement>1701005</v3Replacement>
	</match>
	<match>
		<v2TypeName>FacilityType</v2TypeName>
		<v3TypeName>TypeOfFacility</v3TypeName>
		<v2Pattern>7290</v2Pattern>
		<v3Replacement>1701003</v3Replacement>
	</match>
	<match>
		<v2TypeName>FacilityType</v2TypeName>
		<v3TypeName>TypeOfFacility</v3TypeName>
		<v2Pattern>7300</v2Pattern>
		<v3Replacement>1701009</v3Replacement>
	</match>
	<match>
		<v2TypeName>FacilityType</v2TypeName>
		<v3TypeName>TypeOfFacility</v3TypeName>
		<v2Pattern>7320</v2Pattern>
		<v3Replacement>1701007</v3Replacement>
	</match>
	<match>
		<v2TypeName>FacilityType</v2TypeName>
		<v3TypeName>TypeOfFacility</v3TypeName>
		<v2Pattern>7330</v2Pattern>
		<v3Replacement>1701009</v3Replacement>
	</match>
	<match>
		<v2TypeName>FacilityType</v2TypeName>
		<v3TypeName>TypeOfFacility</v3TypeName>
		<v2Pattern>7340</v2Pattern>
		<v3Replacement>1701009</v3Replacement>
	</match>
	<match>
		<v2TypeName>FacilityType</v2TypeName>
		<v3TypeName>TypeOfFacility</v3TypeName>
		<v2Pattern>7350</v2Pattern>
		<v3Replacement>1701009</v3Replacement>
	</match>
	<match>
		<v2TypeName>FacilityType</v2TypeName>
		<v3TypeName>TypeOfFacility</v3TypeName>
		<v2Pattern>7360</v2Pattern>
		<v3Replacement>1701009</v3Replacement>
	</match>
	<match>
		<v2TypeName>OrganizationalType</v2TypeName>
		<v3TypeName>AgencyOrganizationalTaxStatus</v3TypeName>
		<v2Pattern>5810</v2Pattern>
		<v3Replacement>1018005</v3Replacement>
	</match>
	<match>
		<v2TypeName>OrganizationalType</v2TypeName>
		<v3TypeName>AgencyOrganizationalTaxStatus</v3TypeName>
		<v2Pattern>5820</v2Pattern>
		<v3Replacement>1018003</v3Replacement>
	</match>
	<match>
		<v2TypeName>OrganizationalType</v2TypeName>
		<v3TypeName>AgencyOrganizationalTaxStatus</v3TypeName>
		<v2Pattern>5830</v2Pattern>
		<v3Replacement>1018003</v3Replacement>
	</match>
	<match>
		<v2TypeName>OrganizationalType</v2TypeName>
		<v3TypeName>AgencyOrganizationalTaxStatus</v3TypeName>
		<v2Pattern>5840</v2Pattern>
		<v3Replacement>1018003</v3Replacement>
	</match>
	<match>
		<v2TypeName>OrganizationalType</v2TypeName>
		<v3TypeName>AgencyOrganizationalTaxStatus</v3TypeName>
		<v2Pattern>5850</v2Pattern>
		<v3Replacement>1018003</v3Replacement>
	</match>
	<match>
		<v2TypeName>OrganizationalType</v2TypeName>
		<v3TypeName>AgencyOrganizationalTaxStatus</v3TypeName>
		<v2Pattern>5860</v2Pattern>
		<v3Replacement>1018003</v3Replacement>
	</match>
	<match>
		<v2TypeName>OrganizationalType</v2TypeName>
		<v3TypeName>OrganizationalType</v3TypeName>
		<v2Pattern>5810</v2Pattern>
		<v3Replacement>9912007</v3Replacement>
	</match>
	<match>
		<v2TypeName>OrganizationalType</v2TypeName>
		<v3TypeName>OrganizationalType</v3TypeName>
		<v2Pattern>5820</v2Pattern>
		<v3Replacement>9912001</v3Replacement>
	</match>
	<match>
		<v2TypeName>OrganizationalType</v2TypeName>
		<v3TypeName>OrganizationalType</v3TypeName>
		<v2Pattern>5830</v2Pattern>
		<v3Replacement>9912003</v3Replacement>
	</match>
	<match>
		<v2TypeName>OrganizationalType</v2TypeName>
		<v3TypeName>OrganizationalType</v3TypeName>
		<v2Pattern>5840</v2Pattern>
		<v3Replacement>9912005</v3Replacement>
	</match>
	<match>
		<v2TypeName>OrganizationalType</v2TypeName>
		<v3TypeName>OrganizationalType</v3TypeName>
		<v2Pattern>5850</v2Pattern>
		<v3Replacement>9912007</v3Replacement>
	</match>
	<match>
		<v2TypeName>OrganizationalType</v2TypeName>
		<v3TypeName>OrganizationalType</v3TypeName>
		<v2Pattern>5860</v2Pattern>
		<v3Replacement>9912009</v3Replacement>
	</match>
	<match>
		<v2TypeName>OrganizationStatus</v2TypeName>
		<v3TypeName>OrganizationStatus</v3TypeName>
		<v2Pattern>5870</v2Pattern>
		<v3Replacement>1016001</v3Replacement>
	</match>
	<match>
		<v2TypeName>OrganizationStatus</v2TypeName>
		<v3TypeName>OrganizationStatus</v3TypeName>
		<v2Pattern>5880</v2Pattern>
		<v3Replacement>1016003</v3Replacement>
	</match>
	<match>
		<v2TypeName>OrganizationStatus</v2TypeName>
		<v3TypeName>OrganizationStatus</v3TypeName>
		<v2Pattern>5890</v2Pattern>
		<v3Replacement>1016005</v3Replacement>
	</match>
	<match>
		<v2TypeName>OtherTypesOfService</v2TypeName>
		<v3TypeName>TypeOfService</v3TypeName>
		<v2Pattern>5690</v2Pattern>
		<v3Replacement>9920001</v3Replacement>
	</match>
	<match>
		<v2TypeName>OtherTypesOfService</v2TypeName>
		<v3TypeName>TypeOfService</v3TypeName>
		<v2Pattern>5700</v2Pattern>
		<v3Replacement>9920003</v3Replacement>
	</match>
	<match>
		<v2TypeName>OtherTypesOfService</v2TypeName>
		<v3TypeName>TypeOfService</v3TypeName>
		<v2Pattern>5710</v2Pattern>
		<v3Replacement>9920005</v3Replacement>
	</match>
	<match>
		<v2TypeName>OtherTypesOfService</v2TypeName>
		<v3TypeName>TypeOfService</v3TypeName>
		<v2Pattern>5720</v2Pattern>
		<v3Replacement>9920011</v3Replacement>
	</match>
	<match>
		<v2TypeName>OtherTypesOfService</v2TypeName>
		<v3TypeName>TypeOfService</v3TypeName>
		<v2Pattern>5730</v2Pattern>
		<v3Replacement>9920013</v3Replacement>
	</match>
	<match>
		<v2TypeName>OtherTypesOfService</v2TypeName>
		<v3TypeName>TypeOfService</v3TypeName>
		<v2Pattern>5740</v2Pattern>
		<v3Replacement>9920007</v3Replacement>
	</match>
	<match>
		<v2TypeName>OtherTypesOfService</v2TypeName>
		<v3TypeName>TypeOfService</v3TypeName>
		<v2Pattern>5750</v2Pattern>
		<v3Replacement>9920015</v3Replacement>
	</match>
	<match>
		<v2TypeName>OtherTypesOfService</v2TypeName>
		<v3TypeName>TypeOfService</v3TypeName>
		<v2Pattern>5760</v2Pattern>
		<v3Replacement>9920019</v3Replacement>
	</match>
	<match>
		<v2TypeName>PrimaryTypeOfService</v2TypeName>
		<v3TypeName>TypeOfService</v3TypeName>
		<v3Replacement>9920001</v3Replacement>
	</match>
	<match>
		<v2TypeName>PrimaryTypeOfService</v2TypeName>
		<v3TypeName>TypeOfService</v3TypeName>
		<v2Pattern>5610</v2Pattern>
		<v3Replacement>9920001</v3Replacement>
	</match>
	<match>
		<v2TypeName>PrimaryTypeOfService</v2TypeName>
		<v3TypeName>TypeOfService</v3TypeName>
		<v2Pattern>5620</v2Pattern>
		<v3Replacement>9920003</v3Replacement>
	</match>
	<match>
		<v2TypeName>PrimaryTypeOfService</v2TypeName>
		<v3TypeName>TypeOfService</v3TypeName>
		<v2Pattern>5630</v2Pattern>
		<v3Replacement>9920005</v3Replacement>
	</match>
	<match>
		<v2TypeName>PrimaryTypeOfService</v2TypeName>
		<v3TypeName>TypeOfService</v3TypeName>
		<v2Pattern>5640</v2Pattern>
		<v3Replacement>9920011</v3Replacement>
	</match>
	<match>
		<v2TypeName>PrimaryTypeOfService</v2TypeName>
		<v3TypeName>TypeOfService</v3TypeName>
		<v2Pattern>5650</v2Pattern>
		<v3Replacement>9920013</v3Replacement>
	</match>
	<match>
		<v2TypeName>PrimaryTypeOfService</v2TypeName>
		<v3TypeName>TypeOfService</v3TypeName>
		<v2Pattern>5660</v2Pattern>
		<v3Replacement>9920007</v3Replacement>
	</match>
	<match>
		<v2TypeName>PrimaryTypeOfService</v2TypeName>
		<v3TypeName>TypeOfService</v3TypeName>
		<v2Pattern>5670</v2Pattern>
		<v3Replacement>9920015</v3Replacement>
	</match>
	<match>
		<v2TypeName>PrimaryTypeOfService</v2TypeName>
		<v3TypeName>TypeOfService</v3TypeName>
		<v2Pattern>5680</v2Pattern>
		<v3Replacement>9920019</v3Replacement>
	</match>
	<match>
		<v2TypeName>State</v2TypeName>
		<v3TypeName>ANSIStateCode</v3TypeName>
		<v3Replacement>00</v3Replacement>
	</match>
	<match>
		<v2TypeName>VehicleType</v2TypeName>
		<v3TypeName>VehicleType</v3TypeName>
		<v2Pattern>7370</v2Pattern>
		<v3Replacement>1404001</v3Replacement>
	</match>
	<match>
		<v2TypeName>VehicleType</v2TypeName>
		<v3TypeName>VehicleType</v3TypeName>
		<v2Pattern>7380</v2Pattern>
		<v3Replacement>1404003</v3Replacement>
	</match>
	<match>
		<v2TypeName>VehicleType</v2TypeName>
		<v3TypeName>VehicleType</v3TypeName>
		<v2Pattern>7390</v2Pattern>
		<v3Replacement>1404005</v3Replacement>
	</match>
	<match>
		<v2TypeName>VehicleType</v2TypeName>
		<v3TypeName>VehicleType</v3TypeName>
		<v2Pattern>7400</v2Pattern>
		<v3Replacement>1404025</v3Replacement>
	</match>
	<match>
		<v2TypeName>VehicleType</v2TypeName>
		<v3TypeName>VehicleType</v3TypeName>
		<v2Pattern>7410</v2Pattern>
		<v3Replacement>1404007</v3Replacement>
	</match>
	<match>
		<v2TypeName>VehicleType</v2TypeName>
		<v3TypeName>VehicleType</v3TypeName>
		<v2Pattern>7420</v2Pattern>
		<v3Replacement>1404009</v3Replacement>
	</match>
	<match>
		<v2TypeName>VehicleType</v2TypeName>
		<v3TypeName>VehicleType</v3TypeName>
		<v2Pattern>7430</v2Pattern>
		<v3Replacement>1404011</v3Replacement>
	</match>
	<match>
		<v2TypeName>VehicleType</v2TypeName>
		<v3TypeName>VehicleType</v3TypeName>
		<v2Pattern>7440</v2Pattern>
		<v3Replacement>1404013</v3Replacement>
	</match>
	<match>
		<v2TypeName>VehicleType</v2TypeName>
		<v3TypeName>VehicleType</v3TypeName>
		<v2Pattern>7450</v2Pattern>
		<v3Replacement>1404015</v3Replacement>
	</match>
	<match>
		<v2TypeName>VehicleType</v2TypeName>
		<v3TypeName>VehicleType</v3TypeName>
		<v2Pattern>7460</v2Pattern>
		<v3Replacement>1404017</v3Replacement>
	</match>
	<match>
		<v2TypeName>VehicleType</v2TypeName>
		<v3TypeName>VehicleType</v3TypeName>
		<v2Pattern>7470</v2Pattern>
		<v3Replacement>1404019</v3Replacement>
	</match>
	<match>
		<v2TypeName>VehicleType</v2TypeName>
		<v3TypeName>VehicleType</v3TypeName>
		<v2Pattern>7480</v2Pattern>
		<v3Replacement>1404021</v3Replacement>
	</match>
	<match>
		<v2TypeName>YesNoValues</v2TypeName>
		<v3TypeName>CustomResults</v3TypeName>
		<v2Pattern>0</v2Pattern>
		<v3Replacement>9923001</v3Replacement>
	</match>
	<match>
		<v2TypeName>YesNoValues</v2TypeName>
		<v3TypeName>CustomResults</v3TypeName>
		<v2Pattern>1</v2Pattern>
		<v3Replacement>9923003</v3Replacement>
	</match>
</v2v3ValueMappingEMSDemographicDataSet>
