<?xml version="1.0"?>
<xsl:transform version="2.0" exclude-result-prefixes="n xs xsl" xpath-default-namespace="http://www.nemsis.org" xmlns="http://www.nemsis.org" xmlns:n="http://www.nemsis.org" xmlns:xs="http://www.w3.org/2001/XMLSchema" xmlns:xsi="http://www.w3.org/2001/XMLSchema-instance" xmlns:xsl="http://www.w3.org/1999/XSL/Transform">
	<xsl:function name="n:mapExpression">
		<xsl:param name="v2Element"/>
		<xsl:param name="elementMapping"/>
		<xsl:variable name="result">
			<!--The calling function will only send one instance of v2Element to this function, but the for-each allows us to change the context node so we can use "." notation to refer to v2Element.-->
			<xsl:for-each select="$v2Element">
				<xsl:element name="v3Replacement">
					<xsl:choose>
						<xsl:when test="&#xA;                      normalize-space($elementMapping/v2TypeName)='AgencyCounty' and normalize-space($elementMapping/v3TypeName)='ANSICountyCode'&#xA;                    ">
							<xsl:choose>
								<xsl:when test=".">
									<xsl:value-of select="."/>
								</xsl:when>
							</xsl:choose>
						</xsl:when>
						<xsl:when test="&#xA;                      normalize-space($elementMapping/v2TypeName)='AnnualOdometerReading' and normalize-space($elementMapping/v3TypeName)='AnnualOdometerReading'&#xA;                    ">
							<xsl:choose>
								<xsl:when test=".">
									<xsl:value-of select="."/>
								</xsl:when>
							</xsl:choose>
						</xsl:when>
						<xsl:when test="&#xA;                      normalize-space($elementMapping/v2TypeName)='CallVolumeYear911' and normalize-space($elementMapping/v3TypeName)='AnnualAgencyStatistics'&#xA;                    ">
							<xsl:choose>
								<xsl:when test="number(.)&lt;=4000000">
									<xsl:value-of select="."/>
								</xsl:when>
								<xsl:otherwise>
									<xsl:attribute name="otherwise">true</xsl:attribute>
									<xsl:value-of select="4000000"/>
								</xsl:otherwise>
							</xsl:choose>
						</xsl:when>
						<xsl:when test="&#xA;                      normalize-space($elementMapping/v2TypeName)='Date' and normalize-space($elementMapping/v3TypeName)='DateType'&#xA;                    ">
							<xsl:choose>
								<xsl:when test=".">
									<xsl:value-of select="."/>
								</xsl:when>
							</xsl:choose>
						</xsl:when>
						<xsl:when test="&#xA;                      normalize-space($elementMapping/v2TypeName)='DateOfBirth' and normalize-space($elementMapping/v3TypeName)='DateType'&#xA;                    ">
							<xsl:choose>
								<xsl:when test="xs:date(.)&gt;=xs:date('1900-01-01')">
									<xsl:value-of select="xs:date(.)"/>
								</xsl:when>
							</xsl:choose>
						</xsl:when>
						<xsl:when test="&#xA;                      normalize-space($elementMapping/v2TypeName)='DemographicLastName' and normalize-space($elementMapping/v3TypeName)='PersonLastName'&#xA;                    ">
							<xsl:choose>
								<xsl:when test=".">
									<xsl:value-of select="."/>
								</xsl:when>
							</xsl:choose>
						</xsl:when>
						<xsl:when test="&#xA;                      normalize-space($elementMapping/v2TypeName)='DemographicZip' and normalize-space($elementMapping/v3TypeName)='ZIP'&#xA;                    ">
							<xsl:choose>
								<xsl:when test="matches(normalize-space(.),'^[0-9]{5}|[0-9]{5}-[0-9]{4}|[0-9]{5}-[0-9]{5}|[A-Z][0-9][A-Z] [0-9][A-Z][0-9]$')">
									<xsl:value-of select="normalize-space(.)"/>
								</xsl:when>
							</xsl:choose>
						</xsl:when>
						<xsl:when test="&#xA;                      normalize-space($elementMapping/v2TypeName)='DemographicZoneNumber' and normalize-space($elementMapping/v3TypeName)='CustomResults'&#xA;                    ">
							<xsl:choose>
								<xsl:when test=".">
									<xsl:value-of select="."/>
								</xsl:when>
							</xsl:choose>
						</xsl:when>
						<xsl:when test="&#xA;                      normalize-space($elementMapping/v2TypeName)='DeviceManufacturer' and normalize-space($elementMapping/v3TypeName)='DeviceManufacturer'&#xA;                    ">
							<xsl:choose>
								<xsl:when test=".">
									<xsl:value-of select="."/>
								</xsl:when>
							</xsl:choose>
						</xsl:when>
						<xsl:when test="&#xA;                      normalize-space($elementMapping/v2TypeName)='DeviceNameOrID' and normalize-space($elementMapping/v3TypeName)='DeviceNameorID'&#xA;                    ">
							<xsl:choose>
								<xsl:when test=".">
									<xsl:value-of select="."/>
								</xsl:when>
							</xsl:choose>
						</xsl:when>
						<xsl:when test="&#xA;                      normalize-space($elementMapping/v2TypeName)='DeviceSerialNumber' and normalize-space($elementMapping/v3TypeName)='DeviceSerialNumber'&#xA;                    ">
							<xsl:choose>
								<xsl:when test=".">
									<xsl:value-of select="."/>
								</xsl:when>
							</xsl:choose>
						</xsl:when>
						<xsl:when test="&#xA;                      normalize-space($elementMapping/v2TypeName)='EmailAddress' and normalize-space($elementMapping/v3TypeName)='EmailAddress'&#xA;                    ">
							<xsl:choose>
								<xsl:when test=".">
									<xsl:value-of select="."/>
								</xsl:when>
							</xsl:choose>
						</xsl:when>
						<xsl:when test="&#xA;                      normalize-space($elementMapping/v2TypeName)='EMDVendor' and normalize-space($elementMapping/v3TypeName)='EMDVendorType'&#xA;                    ">
							<xsl:choose>
								<xsl:when test=".">
									<xsl:value-of select="."/>
								</xsl:when>
							</xsl:choose>
						</xsl:when>
						<xsl:when test="&#xA;                      normalize-space($elementMapping/v2TypeName)='EMSAgencyName' and normalize-space($elementMapping/v3TypeName)='EMSAgencyName'&#xA;                    ">
							<xsl:choose>
								<xsl:when test=".">
									<xsl:value-of select="."/>
								</xsl:when>
							</xsl:choose>
						</xsl:when>
						<xsl:when test="&#xA;                      normalize-space($elementMapping/v2TypeName)='EMSAgencyNumber' and normalize-space($elementMapping/v3TypeName)='EMSAgencyNumber'&#xA;                    ">
							<xsl:choose>
								<xsl:when test=".">
									<xsl:value-of select="."/>
								</xsl:when>
							</xsl:choose>
						</xsl:when>
						<xsl:when test="&#xA;                      normalize-space($elementMapping/v2TypeName)='EMSAgencyNumber' and normalize-space($elementMapping/v3TypeName)='EMSAgencyStateID'&#xA;                    ">
							<xsl:choose>
								<xsl:when test=".">
									<xsl:value-of select="."/>
								</xsl:when>
							</xsl:choose>
						</xsl:when>
						<xsl:when test="&#xA;                      normalize-space($elementMapping/v2TypeName)='EMSBillableCallsYear' and normalize-space($elementMapping/v3TypeName)='AnnualAgencyStatistics'&#xA;                    ">
							<xsl:choose>
								<xsl:when test="number(.)&lt;=4000000">
									<xsl:value-of select="."/>
								</xsl:when>
								<xsl:otherwise>
									<xsl:attribute name="otherwise">true</xsl:attribute>
									<xsl:value-of select="4000000"/>
								</xsl:otherwise>
							</xsl:choose>
						</xsl:when>
						<xsl:when test="&#xA;                      normalize-space($elementMapping/v2TypeName)='EMSDispatchVolumeYear' and normalize-space($elementMapping/v3TypeName)='AnnualAgencyStatistics'&#xA;                    ">
							<xsl:choose>
								<xsl:when test="number(.)&lt;=4000000">
									<xsl:value-of select="."/>
								</xsl:when>
								<xsl:otherwise>
									<xsl:attribute name="otherwise">true</xsl:attribute>
									<xsl:value-of select="4000000"/>
								</xsl:otherwise>
							</xsl:choose>
						</xsl:when>
						<xsl:when test="&#xA;                      normalize-space($elementMapping/v2TypeName)='EMSPatientContactVolumeYear' and normalize-space($elementMapping/v3TypeName)='AnnualAgencyStatistics'&#xA;                    ">
							<xsl:choose>
								<xsl:when test="number(.)&lt;=4000000">
									<xsl:value-of select="."/>
								</xsl:when>
								<xsl:otherwise>
									<xsl:attribute name="otherwise">true</xsl:attribute>
									<xsl:value-of select="4000000"/>
								</xsl:otherwise>
							</xsl:choose>
						</xsl:when>
						<xsl:when test="&#xA;                      normalize-space($elementMapping/v2TypeName)='EMSTransportVolumeYear' and normalize-space($elementMapping/v3TypeName)='AnnualAgencyStatistics'&#xA;                    ">
							<xsl:choose>
								<xsl:when test="number(.)&lt;=4000000">
									<xsl:value-of select="."/>
								</xsl:when>
								<xsl:otherwise>
									<xsl:attribute name="otherwise">true</xsl:attribute>
									<xsl:value-of select="4000000"/>
								</xsl:otherwise>
							</xsl:choose>
						</xsl:when>
						<xsl:when test="&#xA;                      normalize-space($elementMapping/v2TypeName)='EMSUnitNumber' and normalize-space($elementMapping/v3TypeName)='AgencyCallSign'&#xA;                    ">
							<xsl:choose>
								<xsl:when test=".">
									<xsl:value-of select="."/>
								</xsl:when>
							</xsl:choose>
						</xsl:when>
						<xsl:when test="&#xA;                      normalize-space($elementMapping/v2TypeName)='FacilityName' and normalize-space($elementMapping/v3TypeName)='FacilityName'&#xA;                    ">
							<xsl:choose>
								<xsl:when test=".">
									<xsl:value-of select="."/>
								</xsl:when>
							</xsl:choose>
						</xsl:when>
						<xsl:when test="&#xA;                      normalize-space($elementMapping/v2TypeName)='FacilityNumber' and normalize-space($elementMapping/v3TypeName)='FacilityCode'&#xA;                    ">
							<xsl:choose>
								<xsl:when test=".">
									<xsl:value-of select="."/>
								</xsl:when>
							</xsl:choose>
						</xsl:when>
						<xsl:when test="&#xA;                      normalize-space($elementMapping/v2TypeName)='FirstName' and normalize-space($elementMapping/v3TypeName)='PersonFirstName'&#xA;                    ">
							<xsl:choose>
								<xsl:when test=".">
									<xsl:value-of select="."/>
								</xsl:when>
							</xsl:choose>
						</xsl:when>
						<xsl:when test="&#xA;                      normalize-space($elementMapping/v2TypeName)='GPSLocation' and normalize-space($elementMapping/v3TypeName)='GPSLocation'&#xA;                    ">
							<xsl:choose>
								<xsl:when test="matches(concat(xs:decimal(@Lat),',',xs:decimal(@Long)),'^(\+|-)?(90(\.[0]{1,6})?|([1-8][0-9]|[0-9])(\.[0-9]{1,6})?),(\+|-)?(180(\.[0]{1,6})?|(1[0-7][0-9]|[1-9][0-9]|[0-9])(\.[0-9]{1,6})?)$')">
									<xsl:value-of select="concat(xs:decimal(@Lat),',',xs:decimal(@Long))"/>
								</xsl:when>
							</xsl:choose>
						</xsl:when>
						<xsl:when test="&#xA;                      normalize-space($elementMapping/v2TypeName)='InsuranceCompanyName' and normalize-space($elementMapping/v3TypeName)='CustomResults'&#xA;                    ">
							<xsl:choose>
								<xsl:when test=".">
									<xsl:value-of select="."/>
								</xsl:when>
							</xsl:choose>
						</xsl:when>
						<xsl:when test="&#xA;                      normalize-space($elementMapping/v2TypeName)='LastName' and normalize-space($elementMapping/v3TypeName)='PersonLastName'&#xA;                    ">
							<xsl:choose>
								<xsl:when test=".">
									<xsl:value-of select="."/>
								</xsl:when>
							</xsl:choose>
						</xsl:when>
						<xsl:when test="&#xA;                      normalize-space($elementMapping/v2TypeName)='MiddleInitialName' and normalize-space($elementMapping/v3TypeName)='PersonMiddleName'&#xA;                    ">
							<xsl:choose>
								<xsl:when test=".">
									<xsl:value-of select="."/>
								</xsl:when>
							</xsl:choose>
						</xsl:when>
						<xsl:when test="&#xA;                      normalize-space($elementMapping/v2TypeName)='ModelNumber' and normalize-space($elementMapping/v3TypeName)='ModelNumber'&#xA;                    ">
							<xsl:choose>
								<xsl:when test=".">
									<xsl:value-of select="."/>
								</xsl:when>
							</xsl:choose>
						</xsl:when>
						<xsl:when test="&#xA;                      normalize-space($elementMapping/v2TypeName)='NationalProviderIdentifier' and normalize-space($elementMapping/v3TypeName)='NationalProviderIdentifier'&#xA;                    ">
							<xsl:choose>
								<xsl:when test=".">
									<xsl:value-of select="substring(concat('0000000000', .), string-length(.)+1, 10)"/>
								</xsl:when>
							</xsl:choose>
						</xsl:when>
						<xsl:when test="&#xA;                      normalize-space($elementMapping/v2TypeName)='NumberOfPersonnel' and normalize-space($elementMapping/v3TypeName)='NumberofPersonnel'&#xA;                    ">
							<xsl:choose>
								<xsl:when test=".">
									<xsl:value-of select="."/>
								</xsl:when>
							</xsl:choose>
						</xsl:when>
						<xsl:when test="&#xA;                      normalize-space($elementMapping/v2TypeName)='OtherAgenciesInArea' and normalize-space($elementMapping/v3TypeName)='CustomResults'&#xA;                    ">
							<xsl:choose>
								<xsl:when test=".">
									<xsl:value-of select="."/>
								</xsl:when>
							</xsl:choose>
						</xsl:when>
						<xsl:when test="&#xA;                      normalize-space($elementMapping/v2TypeName)='PersonnelsAgencyIDNumber' and normalize-space($elementMapping/v3TypeName)='PersonnelAgencyIDNumber'&#xA;                    ">
							<xsl:choose>
								<xsl:when test=".">
									<xsl:value-of select="."/>
								</xsl:when>
							</xsl:choose>
						</xsl:when>
						<xsl:when test="&#xA;                      normalize-space($elementMapping/v2TypeName)='State' and normalize-space($elementMapping/v3TypeName)='ANSIStateCode'&#xA;                    ">
							<xsl:choose>
								<xsl:when test="normalize-space(.)='-10'">
									<xsl:value-of select="'__'"/>
								</xsl:when>
								<xsl:when test="normalize-space(.)='-15'">
									<xsl:value-of select="'__'"/>
								</xsl:when>
								<xsl:when test="normalize-space(.)='-20'">
									<xsl:value-of select="'__'"/>
								</xsl:when>
								<xsl:when test="normalize-space(.)='-25'">
									<xsl:value-of select="'__'"/>
								</xsl:when>
								<xsl:when test="normalize-space(.)='-5'">
									<xsl:value-of select="'__'"/>
								</xsl:when>
								<xsl:otherwise>
									<xsl:attribute name="otherwise">true</xsl:attribute>
									<xsl:value-of select="substring(concat('__', .), string-length(.)+1, 2)"/>
								</xsl:otherwise>
							</xsl:choose>
						</xsl:when>
						<xsl:when test="&#xA;                      normalize-space($elementMapping/v2TypeName)='StateLicensureID' and normalize-space($elementMapping/v3TypeName)='StateLicensureID'&#xA;                    ">
							<xsl:choose>
								<xsl:when test=".">
									<xsl:value-of select="."/>
								</xsl:when>
							</xsl:choose>
						</xsl:when>
						<xsl:when test="&#xA;                      normalize-space($elementMapping/v2TypeName)='StationName' and normalize-space($elementMapping/v3TypeName)='StationName'&#xA;                    ">
							<xsl:choose>
								<xsl:when test=".">
									<xsl:value-of select="."/>
								</xsl:when>
							</xsl:choose>
						</xsl:when>
						<xsl:when test="&#xA;                      normalize-space($elementMapping/v2TypeName)='StationNumber' and normalize-space($elementMapping/v3TypeName)='StationNumber'&#xA;                    ">
							<xsl:choose>
								<xsl:when test=".">
									<xsl:value-of select="."/>
								</xsl:when>
							</xsl:choose>
						</xsl:when>
						<xsl:when test="&#xA;                      normalize-space($elementMapping/v2TypeName)='StatisticalYear' and normalize-space($elementMapping/v3TypeName)='Year'&#xA;                    ">
							<xsl:choose>
								<xsl:when test=".">
									<xsl:value-of select="."/>
								</xsl:when>
							</xsl:choose>
						</xsl:when>
						<xsl:when test="&#xA;                      normalize-space($elementMapping/v2TypeName)='StreetAddress' and normalize-space($elementMapping/v3TypeName)='StreetAddress'&#xA;                    ">
							<xsl:choose>
								<xsl:when test=".">
									<xsl:value-of select="."/>
								</xsl:when>
							</xsl:choose>
						</xsl:when>
						<xsl:when test="&#xA;                      normalize-space($elementMapping/v2TypeName)='TelephoneNumber' and normalize-space($elementMapping/v3TypeName)='PhoneNumber'&#xA;                    ">
							<xsl:choose>
								<xsl:when test="matches(normalize-space(.),'^[2-9][0-9][0-9]-[2-9][0-9][0-9]-[0-9][0-9][0-9][0-9]$')">
									<xsl:value-of select="normalize-space(.)"/>
								</xsl:when>
								<xsl:when test="matches(normalize-space(.),'^[2-9][0-9][0-9][2-9][0-9][0-9][0-9][0-9][0-9][0-9]$')">
									<xsl:value-of select="replace(normalize-space(.),'([2-9][0-9][0-9])([2-9][0-9][0-9])([0-9][0-9][0-9][0-9])','$1-$2-$3')"/>
								</xsl:when>
								<xsl:when test="matches(normalize-space(.),'^\([2-9][0-9][0-9]\) [2-9][0-9][0-9]-[0-9][0-9][0-9][0-9]$')">
									<xsl:value-of select="replace(normalize-space(.),'\(([2-9][0-9][0-9])\) ([2-9][0-9][0-9]-[0-9][0-9][0-9][0-9])','$1-$2')"/>
								</xsl:when>
							</xsl:choose>
						</xsl:when>
						<xsl:when test="&#xA;                      normalize-space($elementMapping/v2TypeName)='TotalService' and normalize-space($elementMapping/v3TypeName)='TotalService'&#xA;                    ">
							<xsl:choose>
								<xsl:when test=".&lt;=80">
									<xsl:value-of select="."/>
								</xsl:when>
								<xsl:otherwise>
									<xsl:attribute name="otherwise">true</xsl:attribute>
									<xsl:value-of select="80"/>
								</xsl:otherwise>
							</xsl:choose>
						</xsl:when>
						<xsl:when test="&#xA;                      normalize-space($elementMapping/v2TypeName)='TotalServiceAreaPopulation' and normalize-space($elementMapping/v3TypeName)='AnnualAgencyStatistics'&#xA;                    ">
							<xsl:choose>
								<xsl:when test="number(.)&lt;=4000000">
									<xsl:value-of select="."/>
								</xsl:when>
								<xsl:otherwise>
									<xsl:attribute name="otherwise">true</xsl:attribute>
									<xsl:value-of select="4000000"/>
								</xsl:otherwise>
							</xsl:choose>
						</xsl:when>
						<xsl:when test="&#xA;                      normalize-space($elementMapping/v2TypeName)='TotalServiceSizeArea' and normalize-space($elementMapping/v3TypeName)='AnnualAgencyStatistics'&#xA;                    ">
							<xsl:choose>
								<xsl:when test="number(.)&lt;=4000000">
									<xsl:value-of select="."/>
								</xsl:when>
								<xsl:otherwise>
									<xsl:attribute name="otherwise">true</xsl:attribute>
									<xsl:value-of select="4000000"/>
								</xsl:otherwise>
							</xsl:choose>
						</xsl:when>
						<xsl:when test="&#xA;                      normalize-space($elementMapping/v2TypeName)='VehicleHours' and normalize-space($elementMapping/v3TypeName)='VehicleHours'&#xA;                    ">
							<xsl:choose>
								<xsl:when test=".">
									<xsl:value-of select="."/>
								</xsl:when>
							</xsl:choose>
						</xsl:when>
						<xsl:when test="&#xA;                      normalize-space($elementMapping/v2TypeName)='VehicleInitialCost' and normalize-space($elementMapping/v3TypeName)='VehicleInitialCost'&#xA;                    ">
							<xsl:choose>
								<xsl:when test=".">
									<xsl:value-of select="."/>
								</xsl:when>
							</xsl:choose>
						</xsl:when>
						<xsl:when test="&#xA;                      normalize-space($elementMapping/v2TypeName)='VehicleNumber' and normalize-space($elementMapping/v3TypeName)='VehicleNumber'&#xA;                    ">
							<xsl:choose>
								<xsl:when test=".">
									<xsl:value-of select="substring(.,1,25)"/>
								</xsl:when>
							</xsl:choose>
						</xsl:when>
						<xsl:when test="&#xA;                      normalize-space($elementMapping/v2TypeName)='VehicleYear' and normalize-space($elementMapping/v3TypeName)='Year'&#xA;                    ">
							<xsl:choose>
								<xsl:when test=".">
									<xsl:value-of select="."/>
								</xsl:when>
							</xsl:choose>
						</xsl:when>
						<xsl:when test="&#xA;                      normalize-space($elementMapping/v2TypeName)='WebAddress' and normalize-space($elementMapping/v3TypeName)='WebAddress'&#xA;                    ">
							<xsl:choose>
								<xsl:when test="string-length(.)&gt;=3">
									<xsl:value-of select="."/>
								</xsl:when>
							</xsl:choose>
						</xsl:when>
						<xsl:when test="&#xA;                      normalize-space($elementMapping/v2TypeName)='Zip' and normalize-space($elementMapping/v3TypeName)='ZIP'&#xA;                    ">
							<xsl:choose>
								<xsl:when test="matches(normalize-space(.),'^[0-9]{5}|[0-9]{5}-[0-9]{4}|[0-9]{5}-[0-9]{5}|[A-Z][0-9][A-Z] [0-9][A-Z][0-9]$')">
									<xsl:value-of select="normalize-space(.)"/>
								</xsl:when>
							</xsl:choose>
						</xsl:when>
						<xsl:when test="&#xA;                      normalize-space($elementMapping/v2TypeName)='ZoneNumber' and normalize-space($elementMapping/v3TypeName)='CustomResults'&#xA;                    ">
							<xsl:choose>
								<xsl:when test=".">
									<xsl:value-of select="."/>
								</xsl:when>
							</xsl:choose>
						</xsl:when>
					</xsl:choose>
				</xsl:element>
			</xsl:for-each>
		</xsl:variable>
		<xsl:if test="$result/v3Replacement!=''">
			<xsl:sequence select="$result"/>
		</xsl:if>
	</xsl:function>
</xsl:transform>
